Parameters: fids=453, d=visits, st=2025-08-01 00:00:00, et=2025-11-01 12:00:00, type=0, ts=2000-01-01 00:00:00
FeederID,AnimalName,RFID,StartTime,EndTime,GoodDataDuration,CO2GramsPerDay,CH4GramsPerDay,O2GramsPerDay,H2GramsPerDay,H2SGramsPerDay,AirflowLitersPerSec,AirflowCf,WindSpeedMetersPerSec,WindDirDeg,WindCf,WasInterrupted,InterruptingTags,TempPipeDegreesCelsius,IsPreliminary,RunTime
453,"2749",000000000840003238099206,2025-08-01 01:50:55,2025-08-01 01:53:42,00:02:44,12717.232380407,371.44917623385,0,0.72510101155395,0,36.934419677559,1,0,174.52247318298,1,,"",15.716374431528,0,2025-11-10 12:57:26
453,"2856",000000000840003256052747,2025-08-01 01:54:19,2025-08-01 01:57:04,00:02:43,10789.375523373,277.79335105544,0,0.63912449535805,0,36.919044875825,1,0,174.38369702049,1,,"",16.055086800499,0,2025-11-10 12:57:26
453,"2264",000000000840003135191358,2025-08-01 02:00:05,2025-08-01 02:04:42,00:04:33,12492.573213308,257.75251640989,0,10.072294513132,0,36.910921826171,1,0,174.20638495673,1,,"",16.420438503669,0,2025-11-10 12:57:26
453,"2502",000000000840003220158357,2025-08-01 02:14:34,2025-08-01 02:20:52,00:05:37,14100.295104865,453.81037844253,0,6.4008487787671,0,37.084622753056,1,0,174.24793697493,1,,"",16.639578355478,0,2025-11-10 12:57:26
453,"2461",000000000840003304248052,2025-08-01 02:30:29,2025-08-01 02:35:11,00:04:37,13991.01213382,428.80753435118,0,3.7213198988842,0,36.783884810859,1,0,174.34135196905,1,,"",16.077952583981,0,2025-11-10 12:57:26
453,"2710",000000000840003238099167,2025-08-01 02:49:16,2025-08-01 02:53:45,00:04:25,12174.733065865,208.34143591962,0,9.933073396769,0,36.760878771118,1,0,174.46261998494,1,,"",15.645920529191,0,2025-11-10 12:57:26
453,"2655",000000000840003238099112,2025-08-01 03:14:01,2025-08-01 03:16:32,00:02:01,11011.909069795,323.71106831552,0,3.1884075057423,0,36.638338557154,1,0,174.07868765772,1,,"",14.625752438473,0,2025-11-10 12:57:26
453,"2623",000000000840003238099080,2025-08-01 06:08:08,2025-08-01 06:12:26,00:03:54,12306.12642688,301.74589413769,0,0.53679685745278,0,36.843718506835,1,0,174.1449809165,1,,"",13.313581488302,0,2025-11-10 12:57:26
453,"2698",000000000840003238099155,2025-08-01 07:25:57,2025-08-01 07:29:13,00:03:14,10528.356524898,331.58737254751,0,0.20845249622881,0,36.565616151658,1,0,174.27499159317,1,,"",13.069268463914,0,2025-11-10 12:57:26
453,"2525",000000000840003304248037,2025-08-01 08:33:02,2025-08-01 08:38:22,00:04:30,15279.0222405,401.64351976468,0,6.4711983633812,0,36.693078358318,1,0,174.23973656355,1,,"",15.234723036935,0,2025-11-10 12:57:26
453,"2241",000000000840003135191331,2025-08-01 10:56:06,2025-08-01 11:00:31,00:04:11,15389.824102977,473.00277893818,0,4.6715512326233,0,36.477045992765,1,0,174.12915815774,1,,"",18.847298888115,0,2025-11-10 12:57:26
453,"1856",000000000840003135191446,2025-08-01 11:35:47,2025-08-01 11:38:42,00:02:52,11329.206065562,343.55481927753,0,0.75122513777608,0,36.522709103514,1,0,174.22480553978,1,,"",20.302320765829,0,2025-11-10 12:57:26
453,"2391",000000000840003135191436,2025-08-01 11:39:07,2025-08-01 11:44:53,00:03:05,10527.234692455,214.53405777884,0,0.92615517640123,0,36.475145382013,1,0,174.36368656163,1,,"",20.563142657166,0,2025-11-10 12:57:26
453,"2323",000000000840003207699481,2025-08-01 11:51:09,2025-08-01 11:55:45,00:03:43,9809.5797754686,233.91090388742,0,1.1352336187985,0,36.763303515907,1,0,174.36011528795,1,,"",20.898790664306,0,2025-11-10 12:57:26
453,"2774",000000000840003238099231,2025-08-01 12:35:22,2025-08-01 12:42:30,00:06:59,12418.102337945,373.29966875961,0,2.7901340416074,0,36.924053943868,1,0,174.33841288142,1,,"",21.638597413741,0,2025-11-10 12:57:26
453,"2574",000000000840003220158429,2025-08-01 12:43:07,2025-08-01 12:46:11,00:03:00,9807.7209816139,223.68715459086,0,1.9276621860966,0,36.990657785122,1,0,174.08544798905,1,,"",21.884885610684,0,2025-11-10 12:57:26
453,"2615",000000000840003238099072,2025-08-01 13:19:53,2025-08-01 13:25:00,00:02:18,10503.533217844,231.10234600087,0,1.8708355266262,0,36.762978220055,1,0,173.87327298572,1,,"",21.805140995095,0,2025-11-10 12:57:26
453,"2708",000000000840003238099165,2025-08-01 13:48:51,2025-08-01 13:53:23,00:04:26,11955.301931576,271.65574933518,0,10.107730709916,0,37.020420523376,1,0,174.20405866414,1,,"",22.420443156893,0,2025-11-10 12:57:26
453,"2749",000000000840003238099206,2025-08-01 13:55:29,2025-08-01 13:59:20,00:03:47,15765.315696793,419.39449049476,0,10.551837660541,0,36.901156804669,1,0,174.18676591,1,,"",22.690980621877,0,2025-11-10 12:57:26
453,"2698",000000000840003238099155,2025-08-01 15:15:52,2025-08-01 15:20:50,00:04:53,14436.316450917,530.88325887821,0,2.9480918157745,0,36.91864026607,1,0,173.97463377637,1,,"",22.699298487055,0,2025-11-10 12:57:26
453,"2710",000000000840003238099167,2025-08-01 15:50:32,2025-08-01 15:54:57,00:04:19,9487.3994447256,234.08835077435,0,6.7382117990529,0,37.159718618057,1,0,173.98309138926,1,,"",22.42709339873,0,2025-11-10 12:57:26
453,"2274",000000000840003135191372,2025-08-01 18:38:42,2025-08-01 18:44:08,00:05:19,13917.863650453,367.68087368031,0,6.3801546589321,0,36.904437163705,1,0,173.99581781196,1,,"",21.69748054111,0,2025-11-10 12:57:26
453,"2540",000000000840003220158395,2025-08-01 19:51:32,2025-08-01 19:56:21,00:03:49,12185.71767046,327.60616821924,0,5.5603245773861,0,36.857084083794,1,0,173.97276457449,1,,"",19.865375179839,0,2025-11-10 12:57:26
453,"2710",000000000840003238099167,2025-08-01 22:47:49,2025-08-01 22:52:45,00:04:39,10802.848037322,297.96463510237,0,7.2864237889822,0,36.944891556484,1,0,174.37074970856,1,,"",13.275262890528,0,2025-11-10 12:57:26
453,"2749",000000000840003238099206,2025-08-01 22:54:03,2025-08-01 22:58:23,00:04:14,12012.837506678,314.20213343877,0,9.0563293717931,0,36.971955931459,1,0,174.26715689889,1,,"",13.746977168858,0,2025-11-10 12:57:26
453,"2401",000000000840003228065326,2025-08-02 00:32:12,2025-08-02 00:38:05,00:05:04,15262.173729675,446.60171017308,0,5.1230730803114,0,36.568392703377,1,0,174.26550750079,1,,"",13.323568447926,0,2025-11-10 12:57:26
453,"2502",000000000840003220158357,2025-08-02 00:38:43,2025-08-02 00:43:26,00:04:38,17482.246052169,510.08526293224,0,4.4581094949914,0,36.545218334445,1,0,174.33025334849,1,,"",13.781493113107,0,2025-11-10 12:57:26
453,"2749",000000000840003238099206,2025-08-02 00:49:29,2025-08-02 00:53:54,00:04:20,16756.871781202,521.10285309678,0,5.709648501704,0,36.440386264878,1,0,174.59306314364,1,,"",13.122352423269,0,2025-11-10 12:57:26
453,"2241",000000000840003135191331,2025-08-02 02:08:05,2025-08-02 02:12:22,00:04:12,17453.912460222,621.37429072211,0,2.5442662381424,0,36.942403984632,1,0,174.46462157199,1,,"",11.636703395291,0,2025-11-10 12:57:26
453,"2806",000000000840003256052697,2025-08-02 02:15:05,2025-08-02 02:18:27,00:02:59,11727.907946398,283.98334678984,0,0.81249332106173,0,36.922675554717,1,0,174.25384187157,1,,"",12.18466977208,0,2025-11-10 12:57:26
453,"2525",000000000840003304248037,2025-08-02 02:25:29,2025-08-02 02:29:47,00:04:07,14621.465331139,388.26219318539,0,3.3284684033161,0,37.105652366638,1,0,174.45334540139,1,,"",12.776730165613,0,2025-11-10 12:57:26
453,"2264",000000000840003135191358,2025-08-02 02:35:12,2025-08-02 02:38:46,00:03:29,16122.852899978,297.65719568717,0,11.028423909635,0,37.012549567945,1,0,174.48908596259,1,,"",13.233404032945,0,2025-11-10 12:57:26
453,"2710",000000000840003238099167,2025-08-02 02:42:12,2025-08-02 02:45:22,00:03:02,11863.635616985,269.34706398941,0,2.1402678913941,0,36.95314891539,1,0,174.48217460562,1,,"",13.101213698391,0,2025-11-10 12:57:26
453,"2761",000000000840003238099218,2025-08-02 05:28:40,2025-08-02 05:33:47,00:04:18,11338.532380141,319.89114736468,0,0.66448725506067,0,36.704885629186,1,0,174.54379096231,1,,"",9.5856578316645,0,2025-11-10 12:57:26
453,"2525",000000000840003304248037,2025-08-02 07:21:56,2025-08-02 07:27:38,00:05:27,13742.197769726,358.98480561564,0,0.23173688417948,0,36.820916929435,1,0,174.38063473102,1,,"",11.212076707464,0,2025-11-10 12:57:26
453,"2264",000000000840003135191358,2025-08-02 07:54:51,2025-08-02 07:57:55,00:02:49,10644.212701124,260.91028900413,0,0.2140312396772,0,36.411527188187,1,0,174.29528616479,1,,"",12.805319920536,1,2025-12-10 14:20:33
453,"2264",000000000840003135191358,2025-08-02 07:54:58,2025-08-02 07:59:01,00:03:56,10161.784137725,260.53355849796,0,0.25589249856812,0,36.431678640223,1,0,174.26893789312,1,,"",12.839584065119,0,2025-11-10 12:57:26
453,"2749",000000000840003238099206,2025-08-02 08:33:36,2025-08-02 08:37:44,00:04:06,9695.3901898846,175.59457469047,0,0.031389692314938,0,36.707716402461,1,0,174.14008453812,1,,"",13.408321016903,0,2025-11-10 12:57:26
453,"2578",000000000840003220158433,2025-08-02 11:14:36,2025-08-02 11:17:36,00:02:57,11607.654449976,134.08605171903,0,8.9637802809148,0,36.760622379837,1,0,173.6662353452,1,,"",19.977062513321,0,2025-11-10 12:57:26
453,"2774",000000000840003238099231,2025-08-02 11:45:09,2025-08-02 11:47:26,00:02:10,10137.799063242,244.73183336003,0,1.3813743031553,0,36.956319026745,1,0,173.74650569073,1,,"",20.448256042551,0,2025-11-10 12:57:26
453,"1856",000000000840003135191446,2025-08-02 11:48:08,2025-08-02 11:50:22,00:02:12,11677.345770913,330.14540149979,0,0.57233487398196,0,36.653897010817,1,0,173.98512345262,1,,"",20.591410228793,0,2025-11-10 12:57:26
453,"1948",000000000840003135191614,2025-08-02 11:54:16,2025-08-02 11:58:12,00:02:18,11692.923598544,281.81718233128,0,2.5105658338983,0,36.779624238996,1,0,173.84892227512,1,,"",20.911542777953,0,2025-11-10 12:57:26
453,"2852",000000000840003256052743,2025-08-02 12:00:43,2025-08-02 12:05:50,00:05:02,10637.324133249,370.76325489237,0,0.92423985017622,0,36.875329804356,1,0,174.13165370911,1,,"",21.106614820241,0,2025-11-10 12:57:26
453,"2852",000000000840003256052743,2025-08-02 13:30:34,2025-08-02 13:34:12,00:02:57,14458.219916363,378.47728856879,0,7.0881389539563,0,37.004350994827,1,0,173.87068470095,1,,"",22.080766846588,0,2025-11-10 12:57:26
453,"2710",000000000840003238099167,2025-08-02 13:37:49,2025-08-02 13:41:41,00:03:49,8418.8032340912,251.06044408527,0,1.6311235560939,0,37.117109104065,1,0,173.73886708853,1,,"",22.269805488287,0,2025-11-10 12:57:26
453,"2780",000000000840003238099237,2025-08-02 14:25:02,2025-08-02 14:28:22,00:03:17,11801.778947172,374.50722350793,0,1.452336748196,0,36.937760449352,1,0,173.7949643557,1,,"",22.713722221123,0,2025-11-10 12:57:26
453,"2684",000000000840003238099141,2025-08-02 14:55:23,2025-08-02 14:57:45,00:02:20,10982.017471808,328.00386908422,0,0.30824832639013,0,36.998954239012,1,0,173.83988424196,1,,"",23.115280970384,0,2025-11-10 12:57:26
453,"2671",000000000840003135191701,2025-08-02 14:59:19,2025-08-02 15:03:35,00:02:29,12155.193581159,349.44130171761,0,1.9973622480437,0,36.899738459917,1,0,174.0073614151,1,,"",23.351049887916,0,2025-11-10 12:57:26
453,"2761",000000000840003238099218,2025-08-02 15:30:08,2025-08-02 15:34:29,00:04:13,11196.370219182,330.77371173419,0,6.26750996288,0,36.920821465552,1,0,173.92563617327,1,,"",23.390578599792,0,2025-11-10 12:57:26
453,"2806",000000000840003256052697,2025-08-02 15:36:26,2025-08-02 15:39:08,00:02:40,16984.482898867,574.2541645862,0,5.0914778278275,0,36.993115300519,1,0,174.12706597458,1,,"",23.708464732141,0,2025-11-10 12:57:26
453,"2749",000000000840003238099206,2025-08-02 15:50:14,2025-08-02 15:52:19,00:02:03,11945.377103223,143.42843694561,0,10.646305433947,0,37.060418111475,1,0,174.09377189731,1,,"",23.527178134001,0,2025-11-10 12:57:26
453,"2130",000000000840003199916767,2025-08-02 15:58:56,2025-08-02 16:04:40,00:05:26,14110.227814181,374.17012211025,0,2.8645078333902,0,37.032607452023,1,0,173.8229046085,1,,"",23.922173978846,0,2025-11-10 12:57:26
453,"2749",000000000840003238099206,2025-08-02 16:15:12,2025-08-02 16:17:21,00:02:07,13107.061828741,335.33099868086,0,9.6055741751739,0,37.029210788576,1,0,173.80068471373,1,,"",23.474822439933,0,2025-11-10 12:57:26
453,"2772",000000000840003238099229,2025-08-02 16:24:22,2025-08-02 16:26:49,00:02:24,8258.4637965417,204.44157100726,0,0.20214152360953,0,37.041896727432,1,0,174.08571240553,1,,"",23.502191821535,0,2025-11-10 12:57:26
453,"2264",000000000840003135191358,2025-08-02 18:14:13,2025-08-02 18:18:38,00:03:31,11144.185680919,195.12473456879,0,1.1198364617729,0,37.09773372532,1,0,174.00930265159,1,,"",22.999761139654,0,2025-11-10 12:57:26
453,"2274",000000000840003135191372,2025-08-02 19:15:34,2025-08-02 19:20:57,00:05:17,14848.538847932,235.17169150757,0,12.040232476589,0,36.909039986178,1,0,173.77613269431,1,,"",22.425219371829,0,2025-11-10 12:57:26
453,"2780",000000000840003238099237,2025-08-02 19:27:19,2025-08-02 19:30:17,00:02:56,14650.098737198,282.3276475936,0,7.9967273667777,0,36.796111579689,1,0,174.05527067899,1,,"",22.170201060874,0,2025-11-10 12:57:26
453,"2710",000000000840003238099167,2025-08-02 19:34:33,2025-08-02 19:37:52,00:03:16,9890.8901540001,236.6319258241,0,7.5898293989715,0,36.708442340335,1,0,173.97494436915,1,,"",22.107662035503,0,2025-11-10 12:57:26
453,"2655",000000000840003238099112,2025-08-02 20:05:47,2025-08-02 20:10:24,00:04:32,13178.56453967,371.28025226055,0,8.0317146481782,0,36.410860540316,1,0,174.22941823312,1,,"",20.091793411152,0,2025-11-10 12:57:26
453,"2259",000000000840003135191352,2025-08-02 20:44:52,2025-08-02 20:49:54,00:04:31,14363.422735323,442.06639980458,0,7.6464013956588,0,36.356018031065,1,0,174.14103806117,1,,"",17.988514733071,0,2025-11-10 12:57:26
453,"2710",000000000840003238099167,2025-08-02 21:03:30,2025-08-02 21:06:18,00:02:48,2301.0729128236,11.994292910596,0,0.029201485900275,0,32.786774948267,1.0606612525866,0,172.74241368779,1,,"",17.756732693803,0,2025-11-10 12:57:26
453,"2247",000000000840003135191337,2025-08-02 23:16:44,2025-08-02 23:22:07,00:04:00,9030.3053888395,184.83337098258,0,1.2524387977523,0,36.539018217234,1,0,174.44688986707,1,,"",13.175415529659,0,2025-11-10 12:57:26
453,"2274",000000000840003135191372,2025-08-02 23:22:48,2025-08-02 23:28:23,00:05:29,12408.179734457,248.55706685433,0,9.4317550033206,0,36.487533814516,1,0,174.4680803413,1,,"",13.677800981189,0,2025-11-10 12:57:26
453,"2574",000000000840003220158429,2025-08-03 00:18:18,2025-08-03 00:23:16,00:04:47,16963.518624816,398.51526838074,0,7.9698103923404,0,36.631804468184,1,0,174.64375315263,1,,"",13.686313187668,0,2025-11-10 12:57:26
453,"2461",000000000840003304248052,2025-08-03 00:32:10,2025-08-03 00:36:41,00:04:26,14617.53527041,312.97638417126,0,1.1564074351362,0,36.574019565415,1,0,174.56662558588,1,,"",14.422650356673,0,2025-11-10 12:57:26
453,"2247",000000000840003135191337,2025-08-03 00:45:19,2025-08-03 00:48:41,00:03:19,14862.284060048,364.13375202628,0,2.4397909307849,0,36.209536114446,1,0,174.48204799911,1,,"",14.450446116634,0,2025-11-10 12:57:26
453,"2525",000000000840003304248037,2025-08-03 00:55:33,2025-08-03 01:01:06,00:03:06,16958.668899113,485.99276388542,0,7.1922676960833,0,36.715499553306,1,0,174.31059745761,1,,"",14.679277780904,0,2025-11-10 12:57:26
453,"2760",000000000840003238099217,2025-08-03 01:59:40,2025-08-03 02:03:51,00:04:02,12706.166082982,278.16147691079,0,0.30339284546625,0,36.144224249551,1,0,174.50537694351,1,,"",12.458832955313,0,2025-11-10 12:57:26
453,"2710",000000000840003238099167,2025-08-03 02:15:35,2025-08-03 02:18:24,00:02:46,13772.671833977,404.50155903867,0,10.45051141517,0,36.274974207056,1,0,174.49119776384,1,,"",12.815863851014,0,2025-11-10 12:57:26
453,"2671",000000000840003135191701,2025-08-03 02:19:05,2025-08-03 02:22:27,00:02:20,14249.630882485,249.80209560892,0,5.3248207874851,0,36.391464238535,1,0,174.56837615796,1,,"",13.09382511212,0,2025-11-10 12:57:26
453,"2130",000000000840003199916767,2025-08-03 02:31:46,2025-08-03 02:34:41,00:02:52,17005.586995876,494.37767345435,0,1.0876649340156,0,36.638282405618,1,0,174.58863356458,1,,"",13.41977919409,0,2025-11-10 12:57:26
453,"2149",000000000840003260931385,2025-08-03 02:36:44,2025-08-03 02:41:05,00:03:42,20845.051163997,538.797917133,0,7.6971441728748,0,36.800409553285,1,0,174.07791055019,1,,"",13.77097262833,0,2025-11-10 12:57:26
453,"2761",000000000840003238099218,2025-08-03 05:13:12,2025-08-03 05:17:16,00:04:01,14451.12359934,500.05287015096,0,7.737698912904,0,36.63632832976,1,0,174.46213027299,1,,"",10.265901837644,0,2025-11-10 12:57:26
453,"2578",000000000840003220158433,2025-08-03 05:55:54,2025-08-03 06:00:08,00:04:11,12347.387983622,416.73253834252,0,0.35802959010009,0,36.704448261053,1,0,174.20643546874,1,,"",10.167749864012,0,2025-11-10 12:57:26
453,"1948",000000000840003135191614,2025-08-03 06:46:31,2025-08-03 06:51:54,00:03:14,9995.4464960967,132.89359800796,0,0.10845965720084,0,36.671455956132,1,0,174.41481872458,1,,"",10.114956973756,0,2025-11-10 12:57:26
453,"2525",000000000840003304248037,2025-08-03 07:17:43,2025-08-03 07:23:55,00:04:53,11481.879754224,296.05605923653,0,0.19789819985486,0,36.570675073485,1,0,174.52629214256,1,,"",11.367798288373,0,2025-11-10 12:57:26
453,"2494",000000000840003220158349,2025-08-03 07:53:40,2025-08-03 07:59:39,00:04:41,6785.9130069121,134.45150375308,0,0.19660551870081,0,36.61184724851,1,0,174.48108770138,1,,"",12.731668101034,0,2025-11-10 12:57:26
453,"2149",000000000840003260931385,2025-08-03 08:25:12,2025-08-03 08:30:00,00:04:43,10108.278402816,297.24132926256,0,0.46541029784091,0,36.709739236481,1,0,174.46142263813,1,,"",13.03866785098,0,2025-11-10 12:57:26
453,"2710",000000000840003238099167,2025-08-03 10:53:21,2025-08-03 10:59:11,00:04:31,7466.469918596,177.62320220013,0,2.8478820422375,0,36.385156957209,1,0,174.48487660642,1,,"",21.48521213437,0,2025-11-10 12:57:26
453,"2813",000000000840003256052704,2025-08-03 11:03:29,2025-08-03 11:07:34,00:03:15,8395.2513967085,92.732569970622,0,6.8126381849792,0,36.428773167509,1,0,174.58402462553,1,,"",21.990616477851,0,2025-11-10 12:57:26
453,"2852",000000000840003256052743,2025-08-03 11:28:06,2025-08-03 11:32:00,00:03:50,10915.40195837,394.81894538982,0,1.6085164408542,0,36.378928242408,1,0,174.35940570896,1,,"",22.696517657109,0,2025-11-10 12:57:26
453,"2749",000000000840003238099206,2025-08-03 12:06:55,2025-08-03 12:12:44,00:03:07,11798.948546746,474.45890901105,0,2.2206870996175,0,36.660699936009,1,0,174.2838751748,1,,"",23.498788049644,0,2025-11-10 12:57:26
453,"1856",000000000840003135191446,2025-08-03 13:03:52,2025-08-03 13:08:39,00:04:42,10634.227127738,366.95153664698,0,0.62592442837737,0,36.726274454165,1,0,174.17021708556,1,,"",24.258996465126,0,2025-11-10 12:57:26
453,"1948",000000000840003135191614,2025-08-03 13:31:42,2025-08-03 13:37:47,00:03:06,8956.759013108,235.3499153919,0,0.63529619863435,0,36.715800145726,1,0,173.82897911259,1,,"",24.822734813076,0,2025-11-10 12:57:26
453,"2264",000000000840003135191358,2025-08-03 14:25:36,2025-08-03 14:30:52,00:05:09,10064.306015378,251.05499957909,0,3.4387195304956,0,36.804368745721,1,0,173.94805767151,1,,"",25.617294198689,0,2025-11-10 12:57:26
453,"2761",000000000840003238099218,2025-08-03 14:35:26,2025-08-03 14:39:56,00:04:26,10565.551047472,285.18634840109,0,1.8128757155749,0,36.719171025154,1,0,173.82275360615,1,,"",25.6697470601,0,2025-11-10 12:57:26
453,"2773",000000000840003238099230,2025-08-03 16:07:36,2025-08-03 16:10:22,00:02:42,8938.706888318,186.47416860307,0,0.32410347290783,0,36.769165836201,1,0,173.7642263989,1,,"",26.057375867181,0,2025-11-10 12:57:26
453,"2749",000000000840003238099206,2025-08-03 16:12:18,2025-08-03 16:15:18,00:02:56,16476.189654463,345.94176326341,0,10.013734669736,0,36.653648468669,1,0,173.4096257773,1,,"",26.380976765155,0,2025-11-10 12:57:26
453,"2710",000000000840003238099167,2025-08-03 18:24:08,2025-08-03 18:26:31,00:02:21,10353.976098142,301.9298790774,0,7.0659961382375,0,36.710399665664,1,0,173.575179123,1,,"",25.855637200553,0,2025-11-10 12:57:26
453,"2274",000000000840003135191372,2025-08-03 18:37:42,2025-08-03 18:40:37,00:02:52,14264.1219492,251.15153405234,0,11.562432413512,0,36.597634838589,1,0,173.87072344769,1,,"",25.844864829207,0,2025-11-10 12:57:26
453,"2671",000000000840003135191701,2025-08-03 18:43:23,2025-08-03 18:47:29,00:04:01,14505.155329093,381.6934443362,0,7.3273367597139,0,36.565451462793,1,0,173.68650636332,1,,"",25.964098128628,0,2025-11-10 12:57:26
453,"2130",000000000840003199916767,2025-08-03 19:10:00,2025-08-03 19:12:13,00:02:06,11334.295923289,317.84781401892,0,1.5208826115136,0,36.577017428342,1,0,173.69272888257,1,,"",24.98482923097,0,2025-11-10 12:57:26
453,"2130",000000000840003199916767,2025-08-03 21:23:53,2025-08-03 21:26:02,00:02:07,10634.71460133,305.36621331145,0,0.38697632636027,0,36.156244211869,1,0,174.13369195824,1,,"",18.111336754604,0,2025-11-10 12:57:26
453,"2710",000000000840003238099167,2025-08-03 23:59:17,2025-08-04 00:01:36,00:02:18,9023.3900112971,248.86629121632,0,5.4083208948325,0,36.236743087516,1,0,174.32029629097,1,,"",14.920381115786,0,2025-11-10 12:57:26
453,"2502",000000000840003220158357,2025-08-04 00:02:53,2025-08-04 00:07:57,00:04:58,10967.134073833,357.57151557257,0,2.9752019093536,0,36.277918598954,1,0,174.55579857847,1,,"",15.108527414757,0,2025-11-10 12:57:26
453,"2260",000000000840003135191714,2025-08-04 00:12:14,2025-08-04 00:25:01,00:02:42,13865.08061822,290.03539118101,0,6.9862317427349,0,36.221857464604,1,0,174.26237804994,1,,"",15.203351562525,0,2025-11-10 12:57:26
453,"2760",000000000840003238099217,2025-08-04 01:46:09,2025-08-04 01:49:56,00:03:43,8533.2617235057,190.7918635161,0,0.29540315550378,0,36.128839492208,1,0,174.68777947926,1,,"",12.815359698708,0,2025-11-10 12:57:26
453,"2852",000000000840003256052743,2025-08-04 01:50:35,2025-08-04 01:55:16,00:04:24,9720.3551746026,231.22775078144,0,0.35819051400259,0,36.106150091209,1,0,174.70015420678,1,,"",13.346726069324,0,2025-11-10 12:57:26
453,"2710",000000000840003238099167,2025-08-04 02:12:30,2025-08-04 02:15:35,00:02:35,7226.5701480182,108.86100135023,0,1.1469168415958,0,36.217416168717,1,0,174.95764650845,1,,"",13.441671366153,0,2025-11-10 12:57:26
453,"2708",000000000840003238099165,2025-08-04 02:32:24,2025-08-04 02:37:03,00:03:10,10047.836265075,222.27983861662,0,5.3570490047407,0,36.176187626298,1,0,174.41371962928,1,,"",13.578234468145,0,2025-11-10 12:57:26
453,"2264",000000000840003135191358,2025-08-04 05:46:24,2025-08-04 05:49:42,00:03:08,13324.317785253,330.29226515959,0,0.66092239110245,0,36.109677916411,1,0,174.3798891862,1,,"",12.202740068547,0,2025-11-10 12:57:26
453,"2525",000000000840003304248037,2025-08-04 06:00:30,2025-08-04 06:03:22,00:02:49,11879.728842934,331.90826845409,0,0.16650798015468,0,36.596781853343,1,0,174.50611623856,1,,"",12.759233317774,0,2025-11-10 12:57:26
453,"2749",000000000840003238099206,2025-08-04 08:08:21,2025-08-04 08:13:07,00:04:36,7977.3136376151,172.13121089612,0,0.15985844083051,0,36.270181314371,1,0,174.3628475144,1,,"",13.076625951138,0,2025-11-10 12:57:26
453,"2502",000000000840003220158357,2025-08-04 08:53:06,2025-08-04 08:59:50,00:06:35,10778.842857304,324.50603633073,0,5.0030262612171,0,36.348227207971,1,0,174.41037375711,1,,"",15.684244855381,0,2025-11-10 12:57:26
453,"2281",000000000840003135191380,2025-08-04 09:01:36,2025-08-04 09:05:15,00:03:07,10089.011369725,251.7607110251,0,6.3080413997552,0,36.492238193809,1,0,174.30760046196,1,,"",16.484038227787,0,2025-11-10 12:57:26
453,"2710",000000000840003238099167,2025-08-04 09:13:54,2025-08-04 09:20:09,00:05:02,8578.7405993134,233.94568662382,0,5.4434770915112,0,36.302508422293,1,0,174.12271916265,1,,"",17.391846399763,0,2025-11-10 12:57:26
453,"2461",000000000840003304248052,2025-08-04 09:23:35,2025-08-04 09:28:06,00:03:04,9162.5628160373,135.40663435184,0,2.3490313684275,0,36.280649814629,1,0,174.54961522694,1,,"",17.914672142896,0,2025-11-10 12:57:26
453,"1948",000000000840003135191614,2025-08-04 11:16:27,2025-08-04 11:22:11,00:02:02,8306.3051863785,167.92275587715,0,0.37327160122339,0,36.080391095591,1,0,174.38612429285,1,,"",23.039575912098,0,2025-11-10 12:57:26
453,"2698",000000000840003238099155,2025-08-04 12:04:45,2025-08-04 12:08:11,00:02:47,10308.053910158,281.81962205571,0,0.22489651318443,0,36.09959955556,1,0,174.05261107803,1,,"",24.297022570578,0,2025-11-10 12:57:26
453,"2615",000000000840003238099072,2025-08-04 13:57:35,2025-08-04 14:01:29,00:02:39,12209.086760793,263.79926293201,0,1.1012813160046,0,36.10878769191,1,0,173.93790166267,1,,"",26.182286513443,0,2025-11-10 12:57:26
453,"2247",000000000840003135191337,2025-08-04 16:13:19,2025-08-04 16:18:51,00:04:25,11112.94590281,317.24905265487,0,2.4875701293447,0,35.999306950568,1,0,173.57447831066,1,,"",26.857805823047,0,2025-11-10 12:57:26
453,"2710",000000000840003238099167,2025-08-04 16:20:19,2025-08-04 16:26:01,00:04:45,11116.552528593,226.04393940767,0,4.2187594636405,0,36.117796407179,1,0,173.75159287108,1,,"",26.975773626045,0,2025-11-10 12:57:26
453,"2773",000000000840003238099230,2025-08-04 16:37:18,2025-08-04 16:40:26,00:03:05,8666.961475924,218.60782731273,0,5.7539993415872,0,36.108908567165,1,0,173.66089468347,1,,"",26.885878311579,0,2025-11-10 12:57:26
453,"2780",000000000840003238099237,2025-08-04 17:04:10,2025-08-04 17:10:00,00:03:01,13198.539574257,251.36029676623,0,6.0226944735115,0,36.636051252572,1,0,173.76025549254,1,,"",26.50663677193,0,2025-11-10 12:57:26
453,"2274",000000000840003135191372,2025-08-04 19:05:12,2025-08-04 19:10:15,00:04:59,14165.312323429,361.8396505233,0,7.2167546625677,0,38.890528575192,1,0,173.70564717851,1,,"",24.857127475471,0,2025-11-10 12:57:26
453,"2300",000000000840003135191403,2025-08-05 00:17:23,2025-08-05 00:20:30,00:02:49,12883.886702685,300.51582572798,0,9.4926438589705,0,39.220048331045,1,0,174.37859884902,1,,"",15.555959389884,0,2025-11-10 12:57:26
453,"2708",000000000840003238099165,2025-08-05 00:23:05,2025-08-05 00:27:48,00:04:38,13770.185398579,331.46913787131,0,7.2348744227726,0,39.150625932745,1,0,174.35441817986,1,,"",15.986008800728,0,2025-11-10 12:57:26
453,"2241",000000000840003135191331,2025-08-05 01:45:33,2025-08-05 01:51:33,00:04:14,12371.121762797,316.37896278585,0,0.50549152242533,0,38.953455602811,1,0,174.60080516245,1,,"",14.446275431447,0,2025-11-10 12:57:26
453,"1856",000000000840003135191446,2025-08-05 01:54:39,2025-08-05 01:59:10,00:04:26,10342.254240049,303.62136137557,0,0.10373472519378,0,39.006912841672,1,0,174.55336664561,1,,"",14.707439559964,0,2025-11-10 12:57:26
453,"2130",000000000840003199916767,2025-08-05 02:07:37,2025-08-05 02:13:54,00:03:49,9528.5867036014,226.67810362769,0,2.8643357620775,0,38.892390055093,1,0,174.62113821072,1,,"",14.626878320462,0,2025-11-10 12:57:26
453,"2247",000000000840003135191337,2025-08-05 02:19:12,2025-08-05 02:22:17,00:02:43,9676.2647863547,337.6707238891,0,5.6122995205531,0,39.267579444961,1,0,174.43755056213,1,,"",14.732541422904,0,2025-11-10 12:57:26
453,"2502",000000000840003220158357,2025-08-05 02:25:13,2025-08-05 02:31:48,00:05:07,13012.859356075,414.57678651155,0,5.5303051431815,0,39.333653052914,1,0,174.39171689295,1,,"",14.849404093869,0,2025-11-10 12:57:26
453,"2502",000000000840003220158357,2025-08-05 02:26:43,2025-08-05 02:30:04,00:02:35,12075.213962764,321.57658301161,0,4.1403853935186,0,39.390927140014,1,0,174.63568091861,1,,"",14.8507408467,1,2025-12-10 14:20:33
453,"2710",000000000840003238099167,2025-08-05 02:33:24,2025-08-05 02:37:06,00:03:31,8826.1101616311,198.30131017853,0,7.7635659102551,0,39.485731111745,1,0,174.51600092672,1,,"",14.529435182741,0,2025-11-10 12:57:26
453,"2525",000000000840003304248037,2025-08-05 02:54:04,2025-08-05 02:59:07,00:04:55,8115.1080530549,249.86259068272,0,0.2732490073826,0,39.33932881969,1,0,174.41578511285,1,,"",14.249861591743,0,2025-11-10 12:57:26
453,"2671",000000000840003135191701,2025-08-05 06:03:10,2025-08-05 06:07:54,00:03:39,9962.6161842798,402.28845705515,0,0.54518422892689,0,39.127189882781,1,0,174.52437300562,1,,"",13.855808477387,0,2025-11-10 12:57:26
453,"2540",000000000840003220158395,2025-08-05 06:17:06,2025-08-05 06:21:41,00:04:20,9081.6225251252,358.87366324819,0,0.65981107036334,0,38.996257846138,1,0,174.55566237133,1,,"",14.091727967288,0,2025-11-10 12:57:26
453,"2749",000000000840003238099206,2025-08-05 08:16:37,2025-08-05 08:20:17,00:03:21,8094.3718946841,171.89965159533,0,0.25223127021388,0,39.093202665226,1,0,174.2805147244,1,,"",14.985894200487,0,2025-11-10 12:57:26
453,"1856",000000000840003135191446,2025-08-05 08:41:21,2025-08-05 08:46:38,00:05:10,9853.5472261821,225.69410483659,0,0.038973752901853,0,39.217360291962,1,0,174.51975919635,1,,"",16.062849348428,0,2025-11-10 12:57:26
453,"2708",000000000840003238099165,2025-08-05 08:51:19,2025-08-05 08:55:15,00:03:49,11237.823948923,278.94994227424,0,7.0847672469095,0,39.255940021826,1,0,174.62455372587,1,,"",16.790299004409,0,2025-11-10 12:57:26
453,"2494",000000000840003220158349,2025-08-05 08:55:57,2025-08-05 09:00:16,00:03:55,10055.878273517,207.77688189981,0,3.9030846914984,0,39.352813130445,1,0,174.43697292338,1,,"",17.104862782945,0,2025-11-10 12:57:26
453,"2710",000000000840003238099167,2025-08-05 10:32:00,2025-08-05 10:35:54,00:03:51,9115.7710084088,211.79895338795,0,1.0164479713943,0,39.673158297688,1,0,174.41687304337,1,,"",21.923539133126,0,2025-11-10 12:57:26
453,"2502",000000000840003220158357,2025-08-05 10:56:45,2025-08-05 11:01:47,00:04:55,14558.906318959,530.28570762727,0,4.5448054971565,0,39.883002661675,1,0,174.05417514999,1,,"",23.447178586349,0,2025-11-10 12:57:26
453,"2502",000000000840003220158357,2025-08-05 10:56:52,2025-08-05 11:01:04,00:02:01,14917.486054405,481.15889341689,0,4.2830647148094,0,39.952288621658,1,0,173.73423086466,1,,"",23.42824357939,1,2025-12-10 14:20:33
453,"2774",000000000840003238099231,2025-08-05 12:01:37,2025-08-05 12:06:48,00:05:05,11810.537273719,429.28527214057,0,2.0226790919626,0,38.996087566098,1,0,174.29774373226,1,,"",25.799202107674,0,2025-11-10 12:57:26
453,"2711",000000000840003238099168,2025-08-05 12:24:08,2025-08-05 12:27:12,00:02:44,8331.9373981071,291.50965669225,0,0.12434199239501,0,39.157359332896,1,0,174.05907222175,1,,"",26.211824213839,0,2025-11-10 12:57:26
453,"2671",000000000840003135191701,2025-08-05 12:29:25,2025-08-05 12:32:53,00:03:23,11192.404707498,361.98293095494,0,3.6056816526211,0,39.229748398332,1,0,173.81155255536,1,,"",26.471846085676,0,2025-11-10 12:57:26
453,"2707",000000000840003238099164,2025-08-05 12:42:57,2025-08-05 12:49:01,00:04:48,9094.7190443825,158.14402360432,0,6.3463051026881,0,39.176605180464,1,0,174.1875351373,1,,"",26.84087360524,0,2025-11-10 12:57:26
453,"1856",000000000840003135191446,2025-08-05 12:51:26,2025-08-05 12:56:05,00:04:02,13261.732298897,396.61114890522,0,1.0114090297891,0,39.180872074864,1,0,174.20947162216,1,,"",27.066195694883,0,2025-11-10 12:57:26
453,"2806",000000000840003256052697,2025-08-05 13:11:38,2025-08-05 13:15:50,00:02:32,10936.559048168,304.86780695704,0,3.5006645980091,0,39.238381814608,1,0,173.7514455437,1,,"",27.32335190235,0,2025-11-10 12:57:26
453,"2525",000000000840003304248037,2025-08-05 13:25:16,2025-08-05 13:27:42,00:02:23,9565.638128192,272.07145108345,0,0.85551350105694,0,39.328566833223,1,0,173.75461045327,1,,"",27.508511223951,0,2025-11-10 12:57:26
453,"2698",000000000840003238099155,2025-08-05 14:06:50,2025-08-05 14:11:17,00:04:22,9892.3138117537,250.17179387147,0,0.27143006130731,0,39.308203531496,1,0,173.83961554506,1,,"",28.285825212027,0,2025-11-10 12:57:26
453,"2711",000000000840003238099168,2025-08-05 14:38:55,2025-08-05 14:42:40,00:02:02,7291.1049976988,129.34817235372,0,0.90193055711012,0,39.290698678088,1,0,174.00783280078,1,,"",28.538057669932,0,2025-11-10 12:57:26
453,"2241",000000000840003135191331,2025-08-05 15:49:10,2025-08-05 15:54:44,00:04:16,13877.457157092,381.96664148559,0,5.9504201438562,0,39.186138656498,1,0,173.89605603673,1,,"",28.72639915447,0,2025-11-10 12:57:26
453,"2749",000000000840003238099206,2025-08-05 15:57:39,2025-08-05 16:00:06,00:02:25,9225.2778335329,190.89512463798,0,1.7400809103934,0,39.170560519734,1,0,173.58890977705,1,,"",28.939566481056,0,2025-11-10 12:57:26
453,"2615",000000000840003238099072,2025-08-05 16:12:55,2025-08-05 16:17:01,00:02:56,10491.915963374,265.96464844198,0,2.9309539488314,0,39.277693290184,1,0,173.7881081868,1,,"",29.02063451085,0,2025-11-10 12:57:26
453,"2502",000000000840003220158357,2025-08-05 16:29:52,2025-08-05 16:34:30,00:04:32,11577.809343567,342.4236181463,0,0.83389920201083,0,39.165836836887,1,0,173.48740865682,1,,"",29.106481537189,0,2025-11-10 12:57:26
453,"2264",000000000840003135191358,2025-08-05 17:03:21,2025-08-05 17:07:49,00:04:01,13049.779839922,310.71709855382,0,10.881205858372,0,39.216165813426,1,0,173.70649873956,1,,"",29.025348173126,0,2025-11-10 12:57:26
453,"2710",000000000840003238099167,2025-08-05 18:30:51,2025-08-05 18:33:48,00:02:52,10655.053562647,334.15988269544,0,7.4179822606716,0,39.230092556448,1,0,173.81224818818,1,,"",28.027976564236,0,2025-11-10 12:57:26
453,"2734",000000000840003238099191,2025-08-05 19:39:51,2025-08-05 19:45:54,00:02:26,9852.8980414682,86.739577972776,0,3.8693547738942,0,39.198518178735,1,0,173.68425981231,1,,"",24.536073220373,0,2025-11-10 12:57:26
453,"2761",000000000840003238099218,2025-08-05 19:58:55,2025-08-05 20:02:50,00:03:51,10960.132338429,366.33486975701,0,5.4306436280738,0,39.237511524478,1,0,173.37991191275,1,,"",23.656787655878,0,2025-11-10 12:57:26
453,"2749",000000000840003238099206,2025-08-05 23:50:37,2025-08-05 23:53:18,00:02:38,13727.225496355,314.07592629125,0,8.5115636601037,0,39.623985313645,1,0,174.13231522882,1,,"",17.393342422932,0,2025-11-10 12:57:26
453,"2525",000000000840003304248037,2025-08-06 00:28:09,2025-08-06 00:32:19,00:03:07,8860.2179773682,172.68762770459,0,6.4453058413106,0,39.543752401181,1,0,174.0812955998,1,,"",16.697617383101,0,2025-11-10 12:57:26
453,"2856",000000000840003256052747,2025-08-06 02:12:52,2025-08-06 02:15:13,00:02:19,8178.4020705348,228.74004958826,0,0.5036032958742,0,39.119067663217,1,0,174.07148852387,1,,"",15.63205342369,0,2025-11-10 12:57:26
453,"2502",000000000840003220158357,2025-08-06 02:44:33,2025-08-06 02:50:04,00:05:26,12164.668255816,426.40162874364,0,5.2699704729017,0,39.118870913397,1,0,174.21245253287,1,,"",15.990561470887,0,2025-11-10 12:57:26
453,"2710",000000000840003238099167,2025-08-06 02:55:05,2025-08-06 02:59:26,00:04:16,10798.915363157,268.78845861977,0,8.1302933243253,0,39.059032548676,1,0,174.30468275849,1,,"",15.850425958443,0,2025-11-10 12:57:26
453,"2721",000000000840003135191704,2025-08-06 03:00:58,2025-08-06 03:03:36,00:02:36,8322.4077704372,275.09129238373,0,2.798970352759,0,39.050629618434,1,0,174.6113719543,1,,"",15.947322228535,0,2025-11-10 12:57:26
453,"2761",000000000840003238099218,2025-08-06 04:57:26,2025-08-06 05:01:35,00:02:53,9204.8931439449,197.66083362246,0,0.51661766015726,0,39.100711338578,1,0,174.20191004151,1,,"",14.687239190854,0,2025-11-10 12:57:26
453,"2149",000000000840003260931385,2025-08-06 05:50:44,2025-08-06 05:57:01,00:02:10,9399.6950474825,182.39687720187,0,0.30844822232424,0,39.283072016326,1,0,174.52421187213,1,,"",14.93649654416,0,2025-11-10 12:57:26
453,"2525",000000000840003304248037,2025-08-06 05:57:40,2025-08-06 06:03:20,00:05:28,7252.3956997746,196.13515686035,0,0.50293744717514,0,39.453978842991,1,0,174.12385411543,1,,"",15.283102577205,0,2025-11-10 12:57:26
453,"2615",000000000840003238099072,2025-08-06 06:08:02,2025-08-06 06:12:22,00:03:25,7761.570169699,190.40380763749,0,0.26163090042759,0,39.402722219703,1,0,174.35690478254,1,,"",15.419627331193,0,2025-11-10 12:57:26
453,"2401",000000000840003228065326,2025-08-06 07:45:34,2025-08-06 07:49:13,00:03:14,10656.090689513,166.29042380984,0,0.1171431585052,0,39.230760726286,1,0,174.26880369418,1,,"",16.41537763135,0,2025-11-10 12:57:26
453,"2502",000000000840003220158357,2025-08-06 07:52:00,2025-08-06 07:56:44,00:04:39,9408.2682094268,170.69187234725,0,0.046955415722551,0,39.594002193549,1,0,174.57189564809,1,,"",16.767764444096,0,2025-11-10 12:57:26
453,"1856",000000000840003135191446,2025-08-06 08:06:33,2025-08-06 08:11:51,00:04:25,12514.693285991,417.24048376116,0,2.3052778919081,0,39.10224981934,1,0,174.51025347063,1,,"",17.734013091166,0,2025-11-10 12:57:26
453,"2749",000000000840003238099206,2025-08-06 08:15:31,2025-08-06 08:19:50,00:04:14,8925.2807997951,208.63910253744,0,0.18572399209335,0,39.038308593163,1,0,174.12146983243,1,,"",18.105840986441,0,2025-11-10 12:57:26
453,"2461",000000000840003304248052,2025-08-06 09:16:18,2025-08-06 09:22:19,00:02:35,10106.510475482,205.83272249223,0,2.86135954037,0,39.489505559958,1,0,173.7592455358,1,,"",21.29125710831,0,2025-11-10 12:57:26
453,"2710",000000000840003238099167,2025-08-06 10:33:31,2025-08-06 10:38:13,00:04:27,8751.3394090773,320.40242151329,0,0.49208144967572,0,39.803968100447,1,0,174.08485929039,1,,"",23.056812204431,0,2025-11-10 12:57:26
453,"2761",000000000840003238099218,2025-08-06 10:54:53,2025-08-06 11:02:09,00:03:37,9136.3188937977,151.90345370866,0,2.8885096278452,0,39.776090586544,1,0,173.8073573961,1,,"",23.664177359744,0,2025-11-10 12:57:26
453,"2698",000000000840003238099155,2025-08-06 11:06:01,2025-08-06 11:11:25,00:05:19,12256.419945662,420.5272162405,0,1.5192323875279,0,39.977075837389,1,0,173.90465258044,1,,"",24.198755736312,0,2025-11-10 12:57:26
453,"2525",000000000840003304248037,2025-08-06 11:37:58,2025-08-06 11:42:46,00:04:11,9451.6256465684,273.23691440237,0,2.470689338441,0,39.513235673545,1,0,174.12549292607,1,,"",25.06021605073,0,2025-11-10 12:57:26
453,"2721",000000000840003135191704,2025-08-06 11:45:50,2025-08-06 11:49:17,00:02:11,8676.4037137848,182.89775120819,0,2.4564485202277,0,39.384837371488,1,0,174.29277322799,1,,"",25.021946988578,0,2025-11-10 12:57:26
453,"2852",000000000840003256052743,2025-08-06 12:07:18,2025-08-06 12:11:34,00:04:10,9979.9078901826,325.95702206586,0,0.96473456504009,0,39.410784236011,1,0,174.08570123464,1,,"",25.113976193655,0,2025-11-10 12:57:26
453,"1856",000000000840003135191446,2025-08-06 12:33:06,2025-08-06 12:37:27,00:04:15,11703.058405474,322.38740506067,0,0.34407781348236,0,39.427651201206,1,0,173.87834525249,1,,"",25.232861339268,0,2025-11-10 12:57:26
453,"2749",000000000840003238099206,2025-08-06 13:06:42,2025-08-06 13:12:42,00:03:45,10527.346807748,173.87033266416,0,9.6240494986479,0,39.273424149514,1,0,173.86452778543,1,,"",25.449843723758,0,2025-11-10 12:57:26
453,"2264",000000000840003135191358,2025-08-06 13:13:34,2025-08-06 13:18:44,00:02:01,10635.970159269,185.26339327969,0,3.9916118106921,0,39.209736386975,1,0,173.639664953,1,,"",25.553062493038,1,2025-12-10 14:20:33
453,"2264",000000000840003135191358,2025-08-06 13:13:34,2025-08-06 13:19:01,00:04:20,9720.9242331905,213.27542992604,0,3.9226839424051,0,39.216649858987,1,0,173.80422827751,1,,"",25.550895711761,0,2025-11-10 12:57:26
453,"2655",000000000840003238099112,2025-08-06 14:23:48,2025-08-06 14:26:28,00:02:37,9786.0680134095,303.93114359967,0,2.4184382702746,0,39.378975191122,1,0,174.07651800283,1,,"",25.334163332835,0,2025-11-10 12:57:26
453,"2484",000000000840003228065327,2025-08-06 14:29:11,2025-08-06 14:34:30,00:02:07,10738.412497954,211.62252302887,0,1.2306330736374,0,39.158021353425,1,0,174.07341108813,1,,"",25.347915558883,0,2025-11-10 12:57:26
453,"2671",000000000840003135191701,2025-08-06 14:48:09,2025-08-06 14:52:43,00:04:28,9123.5336082544,256.9531299931,0,3.3369023099761,0,39.255160167024,1,0,173.80034794885,1,,"",25.382354903787,0,2025-11-10 12:57:26
453,"2615",000000000840003238099072,2025-08-06 15:56:00,2025-08-06 15:59:33,00:02:16,9365.4862715746,231.79549655348,0,0.92511633205008,0,39.268297513674,1,0,173.97815455418,1,,"",24.705914360777,0,2025-11-10 12:57:26
453,"2761",000000000840003238099218,2025-08-06 16:31:44,2025-08-06 16:34:44,00:02:31,8621.4516031024,181.22067081851,0,2.855459721832,0,39.307322594615,1,0,173.8823096735,1,,"",24.391156869861,0,2025-11-10 12:57:26
453,"2711",000000000840003238099168,2025-08-06 16:35:12,2025-08-06 16:40:25,00:03:13,9017.0495841415,240.93912674206,0,1.631878101543,0,39.172574722218,1,0,173.88206631202,1,,"",24.531979412823,0,2025-11-10 12:57:26
453,"2684",000000000840003238099141,2025-08-06 17:13:35,2025-08-06 17:17:00,00:02:17,11789.988181877,306.65321829176,0,0.53070771439799,0,39.293781991053,1,0,173.71331941592,1,,"",25.14853594021,0,2025-11-10 12:57:26
453,"2502",000000000840003220158357,2025-08-06 17:28:04,2025-08-06 17:33:10,00:04:29,11257.819320999,280.92834800873,0,1.3880101978505,0,39.275241446826,1,0,173.43141950405,1,,"",25.481362775454,0,2025-11-10 12:57:26
453,"2710",000000000840003238099167,2025-08-06 17:46:57,2025-08-06 17:49:46,00:02:47,7228.4920501704,130.2778210969,0,0.085265083446152,0,39.225957995438,1,0,173.66399487314,1,,"",25.118565661686,0,2025-11-10 12:57:26
453,"2130",000000000840003199916767,2025-08-06 19:28:39,2025-08-06 19:33:20,00:02:26,13988.972987063,399.70258670075,0,4.8140999563606,0,39.219806551994,1,0,172.96256338668,1,,"",23.619389631381,0,2025-11-10 12:57:26
453,"2852",000000000840003256052743,2025-08-06 20:03:29,2025-08-06 20:08:05,00:04:09,12521.359618227,255.58807330534,0,5.6967035289333,0,39.013045654572,1,0,173.99940109009,1,,"",22.504513262363,0,2025-11-10 12:57:26
453,"2501",000000000840003135191705,2025-08-06 22:02:00,2025-08-06 22:06:45,00:03:04,11142.132292699,322.64934263093,0,5.081714039406,0,39.179666974285,1,0,174.11487179344,1,,"",18.420130803101,0,2025-11-10 12:57:26
453,"2760",000000000840003238099217,2025-08-07 00:02:54,2025-08-07 00:07:26,00:04:16,9381.7331874211,326.89447536989,0,1.5390065262234,0,39.719934214137,1,0,173.97976481316,1,,"",16.575661994583,0,2025-11-10 12:57:26
453,"2539",000000000840003220158394,2025-08-07 00:08:05,2025-08-07 00:12:18,00:03:21,11668.922648081,222.93398170666,0,8.0310251451471,0,39.535569433716,1,0,173.74352490961,1,,"",16.815178935513,0,2025-11-10 12:57:26
453,"2525",000000000840003304248037,2025-08-07 00:24:11,2025-08-07 00:29:21,00:04:17,8410.6481575055,192.2057589616,0,6.2831908485079,0,39.386215629763,1,0,174.1835622419,1,,"",16.595167750863,0,2025-11-10 12:57:26
453,"2461",000000000840003304248052,2025-08-07 00:35:54,2025-08-07 00:41:09,00:04:59,10076.349118978,294.8537261835,0,3.9980639148541,0,38.997183036677,1,0,174.32013819712,1,,"",16.641843897294,0,2025-11-10 12:57:26
453,"2780",000000000840003238099237,2025-08-07 00:43:33,2025-08-07 00:49:22,00:04:53,12717.030667292,328.33247772884,0,7.8620567982762,0,39.444406128302,1,0,174.19316662011,1,,"",16.756323357231,0,2025-11-10 12:57:26
453,"2494",000000000840003220158349,2025-08-07 00:50:40,2025-08-07 00:54:48,00:04:00,9955.4342770229,224.70710273418,0,3.8855437725384,0,39.415717540401,1,0,174.30352130542,1,,"",16.746788114501,0,2025-11-10 12:57:26
453,"2749",000000000840003238099206,2025-08-07 01:01:57,2025-08-07 01:05:14,00:02:39,11413.710752963,290.94666066183,0,8.0615880900146,0,39.231008405976,1,0,174.29978300447,1,,"",16.553122008186,0,2025-11-10 12:57:26
453,"2710",000000000840003238099167,2025-08-07 01:21:05,2025-08-07 01:27:16,00:05:22,9711.6128727809,289.18338098604,0,5.0007787427032,0,39.091988242595,1,0,174.32028249466,1,,"",16.632675621492,0,2025-11-10 12:57:26
453,"2761",000000000840003238099218,2025-08-07 02:33:17,2025-08-07 02:35:58,00:02:14,8951.9380236319,231.9737152984,0,0.46833987388263,0,38.210499267788,1,0,174.58329132289,1,,"",15.281843022882,0,2025-11-10 12:57:26
453,"2671",000000000840003135191701,2025-08-07 02:59:31,2025-08-07 03:01:41,00:02:08,12981.029604212,335.49093145484,0,9.818889030581,0,38.174055387338,1,0,173.99934375366,1,,"",15.471772884114,0,2025-11-10 12:57:26
453,"2149",000000000840003260931385,2025-08-07 03:05:25,2025-08-07 03:11:03,00:05:32,12463.378182932,269.19907841752,0,8.298800614683,0,38.600740414842,1,0,174.25821394375,1,,"",15.510980976367,0,2025-11-10 12:57:26
453,"2502",000000000840003220158357,2025-08-07 03:23:11,2025-08-07 03:26:48,00:02:39,11459.150907956,274.66213298376,0,0.83436806317475,0,38.437110692381,1,0,174.44097609279,1,,"",15.427565941862,0,2025-11-10 12:57:26
453,"2655",000000000840003238099112,2025-08-07 04:48:03,2025-08-07 04:52:28,00:04:09,8912.641372934,232.84858042172,0,0.43462518252392,0,38.391343242927,1,0,174.44180158661,1,,"",14.093821331383,0,2025-11-10 12:57:26
453,"2461",000000000840003304248052,2025-08-07 06:36:15,2025-08-07 06:41:28,00:04:44,7460.3859596179,212.63212356001,0,0.086920207216326,0,38.43616066758,1,0,174.46159993847,1,,"",13.777079735233,0,2025-11-10 12:57:26
453,"2749",000000000840003238099206,2025-08-07 07:45:30,2025-08-07 07:50:09,00:04:14,8494.190875729,157.02959250211,0,0.1178471736294,0,38.522833401465,1,0,174.47874880808,1,,"",14.569071474305,0,2025-11-10 12:57:26
453,"2502",000000000840003220158357,2025-08-07 07:56:38,2025-08-07 08:02:02,00:05:17,9926.4040033626,215.25295422898,0,0.074003569865009,0,38.356005607243,1,0,174.16335407584,1,,"",15.161338055305,0,2025-11-10 12:57:26
453,"2494",000000000840003220158349,2025-08-07 08:30:19,2025-08-07 08:35:23,00:03:25,8413.7157176883,141.04881362703,0,0.15754188668803,0,38.418121906543,1,0,174.07521093788,1,,"",16.429887956992,0,2025-11-10 12:57:26
453,"2264",000000000840003135191358,2025-08-07 08:53:32,2025-08-07 08:56:15,00:02:39,9389.3902972641,197.29829960636,0,0,0,38.543940812723,1,0,174.33548730165,1,,"",17.835616954934,0,2025-11-10 12:57:26
453,"2721",000000000840003135191704,2025-08-07 09:09:48,2025-08-07 09:15:18,00:04:15,7039.5731086309,117.94418877276,0,8.6201003136929,0,39.120869514383,1,0,174.03671649552,1,,"",18.780881843574,0,2025-11-10 12:57:26
453,"2852",000000000840003256052743,2025-08-07 11:46:22,2025-08-07 11:49:59,00:03:14,10077.93588789,246.57065876221,0,3.604234591955,0,39.084987216717,1,0,174.32398920238,1,,"",24.067108616665,0,2025-11-10 12:57:26
453,"2774",000000000840003238099231,2025-08-07 12:07:38,2025-08-07 12:12:56,00:04:48,10168.278105277,352.8468843394,0,0.60404461640516,0,39.02083197241,1,0,174.15121658238,1,,"",24.629801495355,0,2025-11-10 12:57:26
453,"2749",000000000840003238099206,2025-08-07 12:47:08,2025-08-07 12:51:48,00:02:22,8642.1669225888,87.697322245133,0,0.85656546440988,0,38.958430327685,1,0,174.24256368778,1,,"",25.120923825808,0,2025-11-10 12:57:26
453,"2525",000000000840003304248037,2025-08-07 13:04:03,2025-08-07 13:09:06,00:04:17,11260.447950884,262.36241113919,0,5.4058643069353,0,39.20662697502,1,0,173.87429555092,1,,"",25.510880428503,0,2025-11-10 12:57:26
453,"2260",000000000840003135191714,2025-08-07 14:17:46,2025-08-07 14:23:33,00:02:04,9433.050199827,153.96181800877,0,3.1256052201974,0,39.255711784042,1,0,173.64800969585,1,,"",26.175069373652,0,2025-11-10 12:57:26
453,"2761",000000000840003238099218,2025-08-07 14:25:54,2025-08-07 14:28:15,00:02:18,6280.6375687385,120.46926330443,0,3.5326816980212,0,39.132159975317,1,0,173.95391904538,1,,"",26.248878471812,0,2025-11-10 12:57:26
453,"2684",000000000840003238099141,2025-08-07 14:52:23,2025-08-07 14:56:48,00:03:58,11194.660707803,325.0386818078,0,5.5914539882876,0,39.179168416024,1,0,173.32339813085,1,,"",26.587199129633,0,2025-11-10 12:57:26
453,"2764",000000000840003238099221,2025-08-07 15:24:32,2025-08-07 15:28:40,00:02:46,8156.5818062436,144.24991251456,0,2.5904214868595,0,39.068999738424,1,0,173.9154504517,1,,"",26.712992951461,0,2025-11-10 12:57:26
453,"2494",000000000840003220158349,2025-08-07 16:11:37,2025-08-07 16:15:06,00:03:00,8232.0094504909,230.18752135655,0,0.33119191037704,0,39.169469549895,1,0,173.92814649355,1,,"",26.694343586632,0,2025-11-10 12:57:26
453,"2711",000000000840003238099168,2025-08-07 16:16:25,2025-08-07 16:21:38,00:02:09,8425.7721940768,158.05048646978,0,0.4877787552906,0,39.010205724548,1,0,173.95216542461,1,,"",26.854132573998,0,2025-11-10 12:57:26
453,"2734",000000000840003238099191,2025-08-07 16:44:36,2025-08-07 16:47:24,00:02:07,16389.734508909,262.33268110231,0,8.9360146505508,0,38.857966714467,1,0,174.00343674716,1,,"",26.993120707592,0,2025-11-10 12:57:26
453,"2710",000000000840003238099167,2025-08-07 18:28:53,2025-08-07 18:33:40,00:04:42,10487.673657774,247.87624074114,0,2.7265801841035,0,39.034492277398,1,0,173.69912137078,1,,"",25.965726118709,0,2025-11-10 12:57:26
453,"2502",000000000840003220158357,2025-08-07 18:49:17,2025-08-07 18:54:34,00:05:11,13816.865537625,452.79612919294,0,5.3483823284543,0,39.023639368692,1,0,173.81704910942,1,,"",25.682309228782,0,2025-11-10 12:57:26
453,"2671",000000000840003135191701,2025-08-07 20:12:51,2025-08-07 20:15:49,00:02:55,12988.119008576,399.32612044121,0,6.7895770879963,0,39.23266537417,1,0,173.75796540208,1,,"",22.738320366636,0,2025-11-10 12:57:26
453,"2721",000000000840003135191704,2025-08-07 20:24:03,2025-08-07 20:28:05,00:03:39,13970.620524264,323.634253787,0,9.0887368221073,0,39.259360739415,1,0,173.80647704668,1,,"",22.520320505195,0,2025-11-10 12:57:26
453,"2501",000000000840003135191705,2025-08-08 00:08:21,2025-08-08 00:13:07,00:04:26,10809.203231195,277.55688687448,0,5.1445371117188,0,39.213912096272,1,0,174.24803348361,1,,"",17.295785606602,0,2025-11-10 12:57:26
453,"2749",000000000840003238099206,2025-08-08 00:20:04,2025-08-08 00:24:58,00:04:07,12479.923571284,325.33073654757,0,6.8555760015827,0,39.24276631512,1,0,174.14612126767,1,,"",17.294189611628,0,2025-11-10 12:57:26
453,"2494",000000000840003220158349,2025-08-08 00:27:16,2025-08-08 00:30:38,00:02:22,12337.69040007,183.41843211457,0,6.021464552125,0,39.222304502401,1,0,174.41105368988,1,,"",17.392493995954,0,2025-11-10 12:57:26
453,"2671",000000000840003135191701,2025-08-08 00:39:48,2025-08-08 00:43:59,00:04:08,12613.685640481,272.87122398491,0,10.888630543898,0,39.47377524709,1,0,174.54570019233,1,,"",17.508628181527,0,2025-11-10 12:57:26
453,"2710",000000000840003238099167,2025-08-08 00:54:34,2025-08-08 00:59:17,00:04:38,8097.0441168907,200.09962140345,0,0.2816767239466,0,39.311827940797,1,0,174.47843383718,1,,"",17.243093200082,0,2025-11-10 12:57:26
453,"1948",000000000840003135191614,2025-08-08 01:46:04,2025-08-08 01:50:12,00:03:05,6955.6402760842,148.03015774148,0,0.11096566479442,0,39.3342873703,1,0,174.47549953926,1,,"",16.991283581556,0,2025-11-10 12:57:26
453,"2502",000000000840003220158357,2025-08-08 02:24:46,2025-08-08 02:28:38,00:03:48,14073.02444824,485.60241739342,0,3.2701895796276,0,39.309220743733,1,0,174.53902977458,1,,"",17.096000930832,0,2025-11-10 12:57:26
453,"2264",000000000840003135191358,2025-08-08 02:33:47,2025-08-08 02:38:57,00:04:26,12155.944947358,201.09620552083,0,7.5708821211987,0,39.510075528191,1,0,174.23549506458,1,,"",17.287136487663,0,2025-11-10 12:57:26
453,"2734",000000000840003238099191,2025-08-08 02:43:59,2025-08-08 02:46:37,00:02:29,12258.686423935,290.85918494615,0,4.2232438975271,0,39.550505615116,1,0,174.23561498799,1,,"",16.988131139661,0,2025-11-10 12:57:26
453,"2260",000000000840003135191714,2025-08-08 03:25:31,2025-08-08 03:30:37,00:03:57,8992.6081178292,216.81673062678,0,0.75203746584833,0,39.257243014681,1,0,174.47559726639,1,,"",16.40210637299,0,2025-11-10 12:57:26
453,"2494",000000000840003220158349,2025-08-08 05:34:27,2025-08-08 05:38:15,00:03:44,12079.199406489,333.61744416973,0,4.2386794383933,0,39.351437535586,1,0,174.51659905002,1,,"",16.029014782961,0,2025-11-10 12:57:26
453,"2130",000000000840003199916767,2025-08-08 05:51:14,2025-08-08 05:53:42,00:02:26,9476.8453298963,229.04960023881,0,0.10034775276454,0,38.943092946462,1,0,174.44640790735,1,,"",16.09276852424,0,2025-11-10 12:57:26
453,"2525",000000000840003304248037,2025-08-08 06:01:13,2025-08-08 06:06:40,00:05:13,7725.9445520034,173.085996824,0,0.11785217350542,0,39.259025995575,1,0,174.48097700222,1,,"",16.424901987549,0,2025-11-10 12:57:26
453,"2461",000000000840003304248052,2025-08-08 06:09:21,2025-08-08 06:13:40,00:04:14,11926.051914457,378.79089896908,0,3.5748720810632,0,39.088222545906,1,0,174.5727334685,1,,"",16.439576737642,0,2025-11-10 12:57:26
453,"2773",000000000840003238099230,2025-08-08 06:48:10,2025-08-08 06:53:02,00:04:15,6324.5684239484,151.36932048993,0,0.26389218961535,0,39.385921043737,1,0,174.60950194442,1,,"",15.225813144751,0,2025-11-10 12:57:26
453,"2749",000000000840003238099206,2025-08-08 07:56:05,2025-08-08 08:00:19,00:04:04,7788.8419877362,129.19281116026,0,0.37598056642944,0,39.406462623657,1,0,174.26821584299,1,,"",17.085636271409,0,2025-11-10 12:57:26
453,"2761",000000000840003238099218,2025-08-08 08:02:24,2025-08-08 08:07:43,00:05:09,5380.3620177421,112.32691433664,0,0.52551701481693,0,39.348657299808,1,0,174.52383270165,1,,"",17.66289640681,0,2025-11-10 12:57:26
453,"2760",000000000840003238099217,2025-08-08 08:17:18,2025-08-08 08:23:05,00:04:54,8494.5184172082,276.72564233098,0,3.0473115302994,0,39.410299080505,1,0,174.01949639172,1,,"",18.465940953102,0,2025-11-10 12:57:26
453,"2710",000000000840003238099167,2025-08-08 10:41:56,2025-08-08 10:46:13,00:03:42,7782.8077426687,273.2298083129,0,2.9322564172355,0,39.062645437575,1,0,173.76632564197,1,,"",22.562601347244,0,2025-11-10 12:57:26
453,"2264",000000000840003135191358,2025-08-08 10:58:11,2025-08-08 11:02:21,00:04:00,9576.5133590469,214.24142557606,0,7.7923306195239,0,39.161530557779,1,0,173.96935881882,1,,"",22.912006300257,0,2025-11-10 12:57:26
453,"2761",000000000840003238099218,2025-08-08 12:41:59,2025-08-08 12:46:37,00:03:45,7428.1829597011,165.54752599274,0,5.0086261586485,0,39.181322908165,1,0,173.15495381374,1,,"",25.688207998473,0,2025-11-10 12:57:26
453,"2274",000000000840003135191372,2025-08-08 13:20:03,2025-08-08 13:25:13,00:05:04,11456.203098775,294.79697359175,0,0.63368454256471,0,39.183050427608,1,0,173.84037370719,1,,"",25.872770163762,0,2025-11-10 12:57:26
453,"2749",000000000840003238099206,2025-08-08 13:56:20,2025-08-08 14:00:14,00:03:49,11514.83653878,219.41340248035,0,8.210826623897,0,39.238589044072,1,0,173.54816914185,1,,"",26.597897613081,0,2025-11-10 12:57:26
453,"2501",000000000840003135191705,2025-08-08 14:31:17,2025-08-08 14:34:31,00:03:11,10196.355942031,310.10376276242,0,0.82965976767337,0,39.181334310156,1,0,173.73691692308,1,,"",26.622262090254,0,2025-11-10 12:57:26
453,"2401",000000000840003228065326,2025-08-08 14:42:05,2025-08-08 14:48:52,00:02:56,10943.333666307,254.65421298008,0,2.787130944756,0,39.243345247814,1,0,174.07457678032,1,,"",26.761340707019,0,2025-11-10 12:57:26
453,"2241",000000000840003135191331,2025-08-08 15:48:45,2025-08-08 15:54:03,00:04:33,12015.015588854,301.25987422972,0,1.2798799608001,0,39.214993041774,1,0,173.71288782897,1,,"",27.155979048144,0,2025-11-10 12:57:26
453,"2241",000000000840003135191331,2025-08-08 15:48:54,2025-08-08 15:54:03,00:02:40,13026.524986797,288.49789454899,0,1.2762293315361,0,39.219652795345,1,0,173.79012979405,1,,"",27.159768150638,1,2025-12-10 14:20:33
453,"2710",000000000840003238099167,2025-08-08 16:12:07,2025-08-08 16:14:29,00:02:19,9689.46620909,286.4509491116,0,3.6521125540586,0,39.186502430273,1,0,173.95993317468,1,,"",27.341248939206,0,2025-11-10 12:57:26
453,"2780",000000000840003238099237,2025-08-08 16:20:00,2025-08-08 16:23:46,00:03:42,13828.967033362,403.38041477174,0,2.9515631355587,0,39.116270809425,1,0,173.59411856685,1,,"",27.627187914448,0,2025-11-10 12:57:26
453,"2574",000000000840003220158429,2025-08-08 16:37:38,2025-08-08 16:42:02,00:04:18,8816.1951011928,199.66012520573,0,4.700185947951,0,39.184160930244,1,0,173.73263653655,1,,"",27.532010286594,0,2025-11-10 12:57:26
453,"2502",000000000840003220158357,2025-08-08 17:01:23,2025-08-08 17:06:43,00:05:13,12603.787122789,390.95296469622,0,4.6818022498826,0,39.103559555198,1,0,173.81158379658,1,,"",27.692368556683,0,2025-11-10 12:57:26
453,"2502",000000000840003220158357,2025-08-08 17:02:43,2025-08-08 17:05:59,00:02:19,12784.685077779,398.09803788532,0,4.155978284742,0,39.039922092914,1,0,173.67713647216,1,,"",27.70555853919,1,2025-12-10 14:20:33
453,"2671",000000000840003135191701,2025-08-08 18:17:03,2025-08-08 18:21:56,00:03:02,12125.672432594,258.10276154534,0,8.7879179719842,0,38.938223442186,1,0,173.67772814355,1,,"",27.028806819428,0,2025-11-10 12:57:26
453,"2247",000000000840003135191337,2025-08-09 00:26:01,2025-08-09 00:30:29,00:03:10,9099.7558258166,233.89694308697,0,1.617018146679,0,39.066479288395,1,0,174.0642713961,1,,"",15.798439720647,0,2025-11-10 12:57:26
453,"2806",000000000840003256052697,2025-08-09 02:08:15,2025-08-09 02:12:25,00:02:14,8719.7623121236,136.37328137975,0,0.17482889883201,0,38.804525405115,1,0,174.49394131742,1,,"",14.495111212244,0,2025-11-10 12:57:26
453,"2525",000000000840003304248037,2025-08-09 02:26:20,2025-08-09 02:28:52,00:02:29,10168.451790907,277.27379400743,0,6.7391967856995,0,40.053191432881,1,0,174.84353949456,1,,"",14.87106426679,0,2025-11-10 12:57:26
453,"2502",000000000840003220158357,2025-08-09 02:30:04,2025-08-09 02:35:37,00:05:26,11891.054775471,368.54297322244,0,4.7581774690152,0,39.415072676707,1,0,174.35632869602,1,,"",15.086150930348,0,2025-11-10 12:57:26
453,"2461",000000000840003304248052,2025-08-09 02:35:49,2025-08-09 02:40:53,00:02:28,11113.289702014,286.87999769961,0,1.8859423287528,0,39.105181466596,1,0,174.13658338345,1,,"",15.159586970603,0,2025-11-10 12:57:26
453,"2130",000000000840003199916767,2025-08-09 03:20:56,2025-08-09 03:23:31,00:02:09,8265.0137566036,155.88550401431,0,0.070301589101977,0,39.971529312389,1,0,174.49505616966,1,,"",13.70716360659,0,2025-11-10 12:57:26
453,"2574",000000000840003220158429,2025-08-09 04:19:03,2025-08-09 04:22:01,00:02:55,8316.1826178243,169.23866799326,0,0.32260856625134,0,39.778747783051,1,0,174.57327121447,1,,"",13.288271481853,0,2025-11-10 12:57:26
453,"2761",000000000840003238099218,2025-08-09 05:53:14,2025-08-09 05:58:48,00:02:57,7789.4560325581,172.29870014324,0,0.23115001226945,0,39.108413886794,1,0,174.66373114714,1,,"",12.554037907523,0,2025-11-10 12:57:26
453,"2264",000000000840003135191358,2025-08-09 06:21:35,2025-08-09 06:26:39,00:04:50,9029.0733549073,195.43283368125,0,0.63198101287203,0,39.115035584184,1,0,174.17478191346,1,,"",12.841726486207,0,2025-11-10 12:57:26
453,"2806",000000000840003256052697,2025-08-09 07:02:09,2025-08-09 07:08:16,00:02:20,8676.4828861131,225.8016937712,0,0.12926324242089,0,39.448453805999,1,0,174.3011842375,1,,"",12.738736630538,0,2025-11-10 12:57:26
453,"2615",000000000840003238099072,2025-08-09 07:52:44,2025-08-09 07:57:07,00:03:53,9350.8113603404,225.1305149342,0,0.13065774578538,0,39.122676357549,1,0,174.57763453578,1,,"",14.534837752192,0,2025-11-10 12:57:26
453,"2494",000000000840003220158349,2025-08-09 07:57:34,2025-08-09 08:02:29,00:03:30,9445.8189011869,198.94741496845,0,0.31234822119195,0,38.954310785767,1,0,174.15951317318,1,,"",15.161730610886,0,2025-11-10 12:57:26
453,"2525",000000000840003304248037,2025-08-09 08:13:51,2025-08-09 08:19:14,00:03:37,7270.4175494092,157.568094537,0,0.19968637125045,0,39.241350830128,1,0,174.20355480393,1,,"",16.016900781765,0,2025-11-10 12:57:26
453,"2780",000000000840003238099237,2025-08-09 08:20:47,2025-08-09 08:23:34,00:02:11,9205.3944749594,197.67787561339,0,0.15506613599957,0,39.160313666918,1,0,174.3823871588,1,,"",16.285111967429,0,2025-11-10 12:57:26
453,"2461",000000000840003304248052,2025-08-09 08:35:04,2025-08-09 08:39:23,00:02:40,8690.7472980281,135.43558699938,0,0.66530918674988,0,39.294906351,1,0,173.90835493733,1,,"",17.368468213697,0,2025-11-10 12:57:26
453,"2711",000000000840003238099168,2025-08-09 08:56:38,2025-08-09 08:59:42,00:02:44,7138.7659247066,201.08319332717,0,2.9784348716669,0,39.441119198818,1,0,174.52618077472,1,,"",18.218532606022,0,2025-11-10 12:57:26
453,"2852",000000000840003256052743,2025-08-09 09:00:00,2025-08-09 09:05:27,00:04:31,10198.24642466,233.77802931821,0,3.0170605739845,0,39.711118881108,1,0,173.99057476952,1,,"",18.661585246417,0,2025-11-10 12:57:26
453,"2501",000000000840003135191705,2025-08-09 09:06:59,2025-08-09 09:11:45,00:03:28,11387.556553283,281.18381100828,0,3.8750838632099,0,39.836941062132,1,0,174.21049011643,1,,"",19.212863981585,0,2025-11-10 12:57:26
453,"2708",000000000840003238099165,2025-08-09 11:02:57,2025-08-09 11:05:09,00:02:03,9032.2173208999,74.572006721318,0,12.128686440628,0,38.875610471073,1,0,173.89510137799,1,,"",24.84854917058,0,2025-11-10 12:57:26
453,"2710",000000000840003238099167,2025-08-09 11:06:24,2025-08-09 11:10:34,00:04:06,8521.75000889,306.63118361199,0,2.7641162716263,0,39.071379662949,1,0,174.17102893156,1,,"",25.003167767244,0,2025-11-10 12:57:26
453,"2761",000000000840003238099218,2025-08-09 11:18:31,2025-08-09 11:21:57,00:03:24,7474.088775677,209.46370518681,0,3.5422702162585,0,39.036097560455,1,0,174.0064088269,1,,"",25.26180807783,0,2025-11-10 12:57:26
453,"2323",000000000840003207699481,2025-08-09 11:30:19,2025-08-09 11:35:06,00:04:05,8951.9658440314,239.51455975929,0,1.0299761392942,0,39.007483070625,1,0,173.68625156534,1,,"",25.590459233072,0,2025-11-10 12:57:26
453,"2391",000000000840003135191436,2025-08-09 11:35:28,2025-08-09 11:39:32,00:03:11,9371.3672438685,255.36878314734,0,0.89406144070374,0,38.943850338044,1,0,173.70702455814,1,,"",25.841519460243,0,2025-11-10 12:57:26
453,"2749",000000000840003238099206,2025-08-09 12:23:32,2025-08-09 12:25:36,00:02:02,9399.19807582,171.52481060876,0,0.16980066435902,0,39.023651480457,1,0,174.16155254091,1,,"",26.801198912612,0,2025-11-10 12:57:26
453,"2671",000000000840003135191701,2025-08-09 12:50:54,2025-08-09 12:54:31,00:03:32,11237.317181183,341.11700607522,0,6.3648668343562,0,38.950443299422,1,0,174.12676251132,1,,"",27.359644990945,0,2025-11-10 12:57:26
453,"1856",000000000840003135191446,2025-08-09 12:56:40,2025-08-09 13:01:27,00:04:42,10909.664421143,342.14778712197,0,1.3490681889219,0,39.015131590623,1,0,173.4869841856,1,,"",27.58477167568,0,2025-11-10 12:57:26
453,"2772",000000000840003238099229,2025-08-09 14:05:21,2025-08-09 14:11:39,00:06:09,8636.9347527894,260.21717381383,0,3.1463961862548,0,39.06579544318,1,0,173.68029426559,1,,"",28.362421379037,0,2025-11-10 12:57:26
453,"2247",000000000840003135191337,2025-08-09 15:06:25,2025-08-09 15:10:30,00:03:52,8561.7615228399,290.36364373471,0,2.6888362489404,0,39.061508603952,1,0,173.77179623782,1,,"",28.743398412678,0,2025-11-10 12:57:26
453,"2539",000000000840003220158394,2025-08-09 16:01:32,2025-08-09 16:06:07,00:03:30,11769.682403326,285.85309950221,0,0.58293566699162,0,38.908523344372,1,0,173.65033095632,1,,"",29.210449988518,0,2025-11-10 12:57:26
453,"2501",000000000840003135191705,2025-08-09 16:38:54,2025-08-09 16:41:26,00:02:30,11833.848881054,386.68870163396,0,0.84393273267072,0,38.937810050786,1,0,173.06728758197,1,,"",29.267593962086,0,2025-11-10 12:57:26
453,"2502",000000000840003220158357,2025-08-09 17:02:51,2025-08-09 17:05:23,00:02:30,14137.643153823,348.91258041764,0,1.1084778194907,0,38.866297766036,1,0,173.30247443193,1,,"",29.403405646946,0,2025-11-10 12:57:26
453,"2502",000000000840003220158357,2025-08-09 18:55:06,2025-08-09 18:57:40,00:02:31,13953.829808071,386.95699173771,0,3.5910870793714,0,38.954543309166,1,0,173.21559973846,1,,"",28.295407460153,0,2025-11-10 12:57:26
453,"2710",000000000840003238099167,2025-08-09 18:58:43,2025-08-09 19:01:15,00:02:30,8123.476137117,233.35735865418,0,3.1863014085195,0,39.070742513655,1,0,172.95986061909,1,,"",28.271629913658,0,2025-11-10 12:57:26
453,"2241",000000000840003135191331,2025-08-09 20:01:05,2025-08-09 20:06:55,00:04:27,13433.060223029,381.7772348042,0,3.0102851946281,0,39.303566987536,1,0,173.61053613218,1,,"",25.259917076062,0,2025-11-10 12:57:26
453,"2130",000000000840003199916767,2025-08-09 21:07:32,2025-08-09 21:10:55,00:02:12,11231.723394702,292.0856060459,0,0.4726238117245,0,39.131165267726,1,0,173.56435898495,1,,"",20.933949773401,0,2025-11-10 12:57:26
453,"2260",000000000840003135191714,2025-08-10 00:13:39,2025-08-10 00:17:22,00:02:38,10359.647817814,287.37610060013,0,3.8780840219905,0,39.519219202751,1,0,174.18569144739,1,,"",16.514743330236,0,2025-11-10 12:57:26
453,"2247",000000000840003135191337,2025-08-10 00:23:11,2025-08-10 00:28:49,00:04:08,10748.413341239,322.49810311655,0,4.3409636032261,0,39.179042280854,1,0,174.08466504015,1,,"",16.64979384317,0,2025-11-10 12:57:26
453,"2774",000000000840003238099231,2025-08-10 00:39:41,2025-08-10 00:44:37,00:02:35,9408.24890743,231.96956920685,0,0.77796319823358,0,39.071336473753,1,0,174.09934121113,1,,"",16.467083533267,0,2025-11-10 12:57:26
453,"2655",000000000840003238099112,2025-08-10 00:47:01,2025-08-10 00:52:59,00:04:28,10687.342770664,191.52634509408,0,10.127268151562,0,39.095373314309,1,0,174.07084075305,1,,"",16.499394353584,0,2025-11-10 12:57:26
453,"2671",000000000840003135191701,2025-08-10 02:38:26,2025-08-10 02:41:37,00:03:08,11879.25802291,277.04217364826,0,12.370330171022,0,39.263576124216,1,0,174.14377049815,1,,"",15.810886624703,0,2025-11-10 12:57:26
453,"2502",000000000840003220158357,2025-08-10 02:52:09,2025-08-10 02:57:24,00:05:09,11503.404202668,318.09528791169,0,2.0877065571699,0,39.170556643977,1,0,174.36060128722,1,,"",15.457173878147,0,2025-11-10 12:57:26
453,"2401",000000000840003228065326,2025-08-10 03:25:22,2025-08-10 03:28:38,00:03:13,11715.738366011,311.17106331815,0,2.2348882651913,0,39.120890012608,1,0,174.37091395283,1,,"",14.706371664455,0,2025-11-10 12:57:26
453,"2761",000000000840003238099218,2025-08-10 03:36:36,2025-08-10 03:41:03,00:04:17,7304.3052671683,170.34212513947,0,0.26916002059802,0,39.00376985179,1,0,174.51156896779,1,,"",14.689851866491,0,2025-11-10 12:57:26
453,"2852",000000000840003256052743,2025-08-10 05:02:49,2025-08-10 05:08:13,00:05:18,9247.880493798,201.17904307791,0,0.22273377153897,0,38.834986000171,1,0,174.42038407664,1,,"",14.066714090011,0,2025-11-10 12:57:26
453,"2760",000000000840003238099217,2025-08-10 06:18:13,2025-08-10 06:23:59,00:04:13,8429.242669086,234.65740503561,0,0.57233187806637,0,38.931948100029,1,0,174.38554503018,1,,"",13.304551334799,0,2025-11-10 12:57:26
453,"2525",000000000840003304248037,2025-08-10 06:58:05,2025-08-10 07:00:35,00:02:28,6946.425186038,142.15462430769,0,0.11387526715694,0,39.154911214515,1,0,174.18843171222,1,,"",14.331669998135,0,2025-11-10 12:57:26
453,"2749",000000000840003238099206,2025-08-10 07:01:28,2025-08-10 07:06:29,00:04:56,9608.4338883747,253.73252228783,0,0.18118081918134,0,39.342645162527,1,0,174.41461862295,1,,"",14.642337188483,0,2025-11-10 12:57:26
453,"2780",000000000840003238099237,2025-08-10 07:09:27,2025-08-10 07:13:49,00:02:09,8498.1261745817,219.07462498229,0,0.39924267055552,0,39.000631450891,1,0,174.71967102602,1,,"",14.790854508515,0,2025-11-10 12:57:26
453,"2502",000000000840003220158357,2025-08-10 07:35:53,2025-08-10 07:41:21,00:05:24,7613.1482387792,138.97987181861,0,0.19025505117464,0,38.933049888127,1,0,174.39006070228,1,,"",15.797673301506,0,2025-11-10 12:57:26
453,"2264",000000000840003135191358,2025-08-10 07:42:44,2025-08-10 07:47:23,00:04:28,9138.9187943377,250.49886155889,0,0.70006991215375,0,39.043249332558,1,0,174.09817405956,1,,"",16.481660413422,0,2025-11-10 12:57:26
453,"2774",000000000840003238099231,2025-08-10 08:23:52,2025-08-10 08:29:15,00:04:16,9074.6758212722,291.49751659193,0,2.5706593729867,0,39.438637111047,1,0,174.23867372097,1,,"",18.406836714153,0,2025-11-10 12:57:26
453,"2281",000000000840003135191380,2025-08-10 08:40:25,2025-08-10 08:45:44,00:03:32,10603.810031759,280.81635973328,0,6.420618730259,0,39.369519833585,1,0,174.18124133163,1,,"",19.466788706048,0,2025-11-10 12:57:26
453,"2461",000000000840003304248052,2025-08-10 08:46:44,2025-08-10 08:52:45,00:03:32,9737.131689239,213.36294831647,0,3.1715472575898,0,39.316395779943,1,0,174.35231031876,1,,"",19.931958790349,0,2025-11-10 12:57:26
453,"2806",000000000840003256052697,2025-08-10 09:02:09,2025-08-10 09:06:21,00:03:09,10740.213008157,438.12668591476,0,1.9554995527604,0,40.2042967832,1,0,174.21978081654,1,,"",20.695859849977,0,2025-11-10 12:57:26
453,"2574",000000000840003220158429,2025-08-10 10:54:57,2025-08-10 10:59:49,00:04:48,10974.693471769,293.55204602157,0,1.4631820634285,0,39.140620110355,1,0,173.873520369,1,,"",25.525640851444,0,2025-11-10 12:57:26
453,"2710",000000000840003238099167,2025-08-10 11:00:06,2025-08-10 11:03:24,00:03:11,7751.4031669546,231.5795368145,0,1.1956169414361,0,39.01554998735,1,0,173.7054052916,1,,"",25.775189694754,0,2025-11-10 12:57:26
453,"1856",000000000840003135191446,2025-08-10 12:15:56,2025-08-10 12:19:32,00:03:33,12289.27271115,390.82958974042,0,3.362497517942,0,39.241560092979,1,0,173.88959842833,1,,"",27.59013672845,0,2025-11-10 12:57:26
453,"2708",000000000840003238099165,2025-08-10 12:21:15,2025-08-10 12:25:04,00:03:41,7604.7433263815,65.961497325555,0,9.3842355200835,0,39.241596690989,1,0,173.91628770259,1,,"",27.687825812861,0,2025-11-10 12:57:26
453,"2749",000000000840003238099206,2025-08-10 14:31:51,2025-08-10 14:35:05,00:03:11,10733.185039718,240.03917119036,0,9.6291250325612,0,39.285251202703,1,0,173.76099726031,1,,"",29.241599041951,0,2025-11-10 12:57:26
453,"2247",000000000840003135191337,2025-08-10 14:59:53,2025-08-10 15:03:29,00:03:03,7582.9561493528,266.22794532254,0,2.9186123395182,0,39.218921826942,1,0,173.29966478452,1,,"",29.452903255432,0,2025-11-10 12:57:26
453,"2502",000000000840003220158357,2025-08-10 15:18:59,2025-08-10 15:35:50,00:11:57,11359.242257042,328.1334548141,0,0.98291859343391,0,39.329460135811,1,0,173.46276425834,1,,"",30.043304823636,1,2025-12-10 14:20:33
453,"2300",000000000840003135191403,2025-08-10 16:14:34,2025-08-10 16:19:28,00:03:00,8576.5975300317,134.94989410157,0,2.8032928409471,0,39.241271300967,1,0,173.47223303153,1,,"",30.613010133399,0,2025-11-10 12:57:26
453,"2710",000000000840003238099167,2025-08-10 16:52:17,2025-08-10 16:55:06,00:02:37,8504.3069985873,209.30465751721,0,4.8396869417814,0,39.268734043929,1,0,173.36881312574,1,,"",30.643970283409,0,2025-11-10 12:57:26
453,"2578",000000000840003220158433,2025-08-10 19:33:01,2025-08-10 19:36:49,00:03:45,11432.248052209,309.54765344524,0,2.2404617256136,0,39.387667351152,1,0,173.38844986512,1,,"",27.417187149144,0,2025-11-10 12:57:26
453,"2760",000000000840003238099217,2025-08-10 20:33:40,2025-08-10 20:37:11,00:02:24,9181.8104136717,256.65173553678,0,1.3520996036087,0,39.322222548268,1,0,173.09504692962,1,,"",22.702145096679,0,2025-11-10 12:57:26
453,"2247",000000000840003135191337,2025-08-10 23:07:17,2025-08-10 23:11:41,00:04:06,6838.3281765274,150.4948453144,0,0.12191046700071,0,39.468786469415,1,0,173.98796082071,1,,"",17.952093826652,0,2025-11-10 12:57:26
453,"2300",000000000840003135191403,2025-08-10 23:14:51,2025-08-10 23:19:12,00:03:27,9302.9375735805,164.43679481092,0,5.7893064663006,0,39.479300737808,1,0,173.92579593684,1,,"",18.056723908964,0,2025-11-10 12:57:26
453,"2274",000000000840003135191372,2025-08-10 23:36:48,2025-08-10 23:38:56,00:02:06,12231.454422968,388.92955827229,0,5.1247584087287,0,38.618751548725,1,0,173.96273920361,1,,"",17.298770987881,1,2025-12-10 14:20:33
453,"2274",000000000840003135191372,2025-08-10 23:36:48,2025-08-10 23:40:27,00:03:35,12612.63851002,378.41153071784,0,5.6535640726892,0,38.65277588419,1,0,173.90751053996,1,,"",17.351821798361,0,2025-11-10 12:57:26
453,"2671",000000000840003135191701,2025-08-11 00:11:34,2025-08-11 00:15:52,00:02:31,12436.119542787,375.38384982805,0,10.350301761088,0,38.764355505223,1,0,173.72283373869,1,,"",16.295709075709,0,2025-11-10 12:57:26
453,"2260",000000000840003135191714,2025-08-11 00:30:37,2025-08-11 00:35:19,00:02:04,13522.363768866,394.12380691007,0,4.8521849343891,0,38.735258499734,1,0,173.78990692391,1,,"",16.311585810469,0,2025-11-10 12:57:26
453,"2708",000000000840003238099165,2025-08-11 01:08:13,2025-08-11 01:10:48,00:02:33,10314.278305287,258.23222249769,0,6.4039792409983,0,38.76511653063,1,0,174.3515301615,1,,"",15.901888386861,0,2025-11-10 12:57:26
453,"2264",000000000840003135191358,2025-08-11 02:10:44,2025-08-11 02:12:53,00:02:08,10002.986100478,294.52430588306,0,0.66750926923929,0,39.097966404299,1,0,174.3081493005,1,,"",15.086597683211,0,2025-11-10 12:57:26
453,"2247",000000000840003135191337,2025-08-11 02:16:43,2025-08-11 02:20:40,00:03:30,5408.0454186828,151.0266165389,0,0.16283993609898,0,39.383586504049,1,0,174.38692088705,1,,"",15.322207457164,0,2025-11-10 12:57:26
453,"2710",000000000840003238099167,2025-08-11 02:37:47,2025-08-11 02:40:02,00:02:13,8951.3972722586,299.70723837391,0,6.8068673249249,0,39.679814106008,1,0,174.36779684808,1,,"",15.626917412484,0,2025-11-10 12:57:26
453,"2852",000000000840003256052743,2025-08-11 03:52:51,2025-08-11 03:55:49,00:02:54,9661.6058200433,289.66334002828,0,0.25792833972793,0,38.758890407001,1,0,174.23830114778,1,,"",13.440235011958,0,2025-11-10 12:57:26
453,"2494",000000000840003220158349,2025-08-11 04:50:16,2025-08-11 04:54:31,00:02:43,7205.7102969301,77.771284484963,0,0.062893378635282,0,38.821627283241,1,0,174.60412141204,1,,"",12.800042472214,0,2025-11-10 12:57:26
453,"2708",000000000840003238099165,2025-08-11 08:02:35,2025-08-11 08:07:16,00:03:04,8609.3912536677,215.05875701749,0,0.17122356281135,0,38.961352106852,1,0,174.20985990079,1,,"",15.418654530533,0,2025-11-10 12:57:26
453,"2760",000000000840003238099217,2025-08-11 08:39:31,2025-08-11 08:41:49,00:02:14,8936.0496680676,239.8309602499,0,1.8288015063932,0,39.009894092484,1,0,174.30739299359,1,,"",18.317951224114,0,2025-11-10 12:57:26
453,"2852",000000000840003256052743,2025-08-11 09:01:18,2025-08-11 09:06:26,00:05:02,9372.0820450161,260.20323323075,0,2.097138919975,0,38.996399149078,1,0,174.26497897852,1,,"",20.134777728347,0,2025-11-10 12:57:26
453,"2502",000000000840003220158357,2025-08-11 09:15:28,2025-08-11 09:18:06,00:02:36,9699.3782886225,349.01058364922,0,4.4598836331381,0,38.958163945997,1,0,174.00169417139,1,,"",20.914686500962,0,2025-11-10 12:57:26
453,"2574",000000000840003220158429,2025-08-11 11:13:20,2025-08-11 11:16:41,00:02:11,8308.9559941283,198.24474312762,0,0.86014897833736,0,38.778539473349,1,0,173.78623582429,1,,"",26.061744865098,0,2025-11-10 12:57:26
453,"2711",000000000840003238099168,2025-08-11 11:27:43,2025-08-11 11:31:44,00:02:37,7031.8999006069,160.69058871726,0,0.10453120033751,0,38.838524533612,1,0,173.4736284641,1,,"",26.368250103883,0,2025-11-10 12:57:26
453,"2710",000000000840003238099167,2025-08-11 11:32:40,2025-08-11 11:35:01,00:02:18,8479.308328965,243.85992080648,0,2.8580273930069,0,38.824821718995,1,0,173.86319063025,1,,"",26.445088419941,0,2025-11-10 12:57:26
453,"2494",000000000840003220158349,2025-08-11 11:52:51,2025-08-11 11:55:25,00:02:08,6587.096089299,137.48726014699,0,0.27090787432665,0,38.804007811276,1,0,173.72161965803,1,,"",26.572609933777,0,2025-11-10 12:57:26
453,"2761",000000000840003238099218,2025-08-11 12:51:10,2025-08-11 12:53:33,00:02:21,5803.1970214153,137.50279529811,0,0.4995821767839,0,38.997155244689,1,0,173.61523522335,1,,"",28.180294910194,0,2025-11-10 12:57:26
453,"2323",000000000840003207699481,2025-08-11 13:02:21,2025-08-11 13:05:25,00:02:50,8070.0919031853,235.20629929729,0,1.853336044555,0,38.891007641055,1,0,173.45379490202,1,,"",28.490539870017,0,2025-11-10 12:57:26
453,"2708",000000000840003238099165,2025-08-11 13:07:22,2025-08-11 13:10:44,00:02:49,6929.112533944,30.217244447276,0,11.438802769222,0,39.055964448855,1,0,173.76398478203,1,,"",28.505207401484,0,2025-11-10 12:57:26
453,"2852",000000000840003256052743,2025-08-11 13:39:09,2025-08-11 13:43:58,00:04:42,8102.6597470723,269.0656313668,0,1.420556770095,0,38.948176080957,1,0,173.63484974413,1,,"",29.105831062898,0,2025-11-10 12:57:26
453,"2130",000000000840003199916767,2025-08-11 13:52:34,2025-08-11 13:56:32,00:02:45,8181.5893479778,158.70013203066,0,2.9469374224726,0,38.924920391643,1,0,173.3817177571,1,,"",29.256334293736,0,2025-11-10 12:57:26
453,"2773",000000000840003238099230,2025-08-11 14:23:50,2025-08-11 14:29:21,00:03:10,7275.3318041651,128.90086785522,0,6.9102495940874,0,38.892715312613,1,0,173.53143505439,1,,"",29.506576608044,0,2025-11-10 12:57:26
453,"2461",000000000840003304248052,2025-08-11 16:22:07,2025-08-11 16:26:32,00:02:43,9031.6822923811,196.3772280517,0,0.42645794389032,0,38.734265637708,1,0,173.12161919747,1,,"",31.225840149067,0,2025-11-10 12:57:26
453,"2710",000000000840003238099167,2025-08-11 17:24:24,2025-08-11 17:28:18,00:03:49,9426.1592786245,294.44988932524,0,5.4600533765199,0,38.746117339017,1,0,173.2324263123,1,,"",31.291141326494,0,2025-11-10 12:57:26
453,"2300",000000000840003135191403,2025-08-11 18:56:01,2025-08-11 18:59:26,00:03:21,9344.5428372078,222.36540782933,0,9.3111553204049,0,38.917130769365,1,0,173.19013628201,1,,"",29.877161059162,0,2025-11-10 12:57:26
453,"2574",000000000840003220158429,2025-08-11 19:08:59,2025-08-11 19:11:40,00:02:30,10995.943815986,250.02059257776,0,7.4007437322972,0,39.02156669798,1,0,172.93535395318,1,,"",29.405155542985,0,2025-11-10 12:57:26
453,"2260",000000000840003135191714,2025-08-11 20:12:55,2025-08-11 20:17:04,00:03:36,10300.857033638,238.43782034894,0,0.54648624112973,0,38.820883764185,1,0,173.26720068258,1,,"",25.118960235936,0,2025-11-10 12:57:26
453,"2655",000000000840003238099112,2025-08-11 23:42:46,2025-08-11 23:47:51,00:04:58,9592.6277535865,247.36807784121,0,0.53750236091189,0,38.76068708452,1,0,173.94556665658,1,,"",18.348600471926,0,2025-11-10 12:57:26
453,"2780",000000000840003238099237,2025-08-12 00:39:43,2025-08-12 00:44:43,00:04:15,12049.141518556,360.59924009106,0,3.7496277403365,0,38.648068418957,1,0,174.06823887797,1,,"",17.458576858889,0,2025-11-10 12:57:26
453,"2761",000000000840003238099218,2025-08-12 00:51:33,2025-08-12 00:54:16,00:02:40,10106.564917488,303.21965858787,0,5.078550380471,0,38.576439391048,1,0,174.27723659488,1,,"",17.29296465375,0,2025-11-10 12:57:26
453,"2710",000000000840003238099167,2025-08-12 00:55:11,2025-08-12 01:00:30,00:05:13,7426.2537955832,197.71523974714,0,1.958105677762,0,38.564733806844,1,0,173.95602838215,1,,"",17.478294949909,0,2025-11-10 12:57:26
453,"2710",000000000840003238099167,2025-08-12 00:55:25,2025-08-12 00:57:49,00:02:22,7481.7642555426,184.51703627175,0,2.3318819003424,0,38.525051685905,1,0,174.09042700094,1,,"",17.430152725739,1,2025-12-10 14:20:33
453,"2264",000000000840003135191358,2025-08-12 01:55:34,2025-08-12 01:59:13,00:03:30,9796.4009633612,294.17919712867,0,0.61911360201429,0,38.541720453378,1,0,174.27438949549,1,,"",16.402107962557,0,2025-11-10 12:57:26
453,"2852",000000000840003256052743,2025-08-12 02:12:34,2025-08-12 02:15:39,00:03:01,8667.5057984887,239.71489481926,0,0.36296691504757,0,38.778553064168,1,0,173.90794197384,1,,"",16.318731339577,0,2025-11-10 12:57:26
453,"2461",000000000840003304248052,2025-08-12 02:16:57,2025-08-12 02:21:16,00:03:39,9961.0665453429,253.34815549991,0,4.7280487352019,0,38.609313113025,1,0,174.08420261596,1,,"",16.513602355944,0,2025-11-10 12:57:26
453,"2502",000000000840003220158357,2025-08-12 02:41:41,2025-08-12 02:47:00,00:05:12,10335.225948485,245.7855876495,0,3.4206761018399,0,38.537163216481,1,0,174.24190500616,1,,"",16.952551573905,0,2025-11-10 12:57:26
453,"2502",000000000840003220158357,2025-08-12 02:42:47,2025-08-12 02:46:56,00:02:03,11840.830132855,196.80069272616,0,3.3188913167806,0,38.48808962315,1,0,174.07322851583,1,,"",16.984386826185,1,2025-12-10 14:20:33
453,"2761",000000000840003238099218,2025-08-12 03:18:33,2025-08-12 03:20:46,00:02:11,9089.4891768394,243.92969603602,0,2.4783995512521,0,38.51412088695,1,0,174.2972870295,1,,"",16.313994968273,0,2025-11-10 12:57:26
453,"2749",000000000840003238099206,2025-08-12 03:41:21,2025-08-12 03:45:42,00:04:16,10632.278909581,334.40171072477,0,0.74397079536034,0,38.473739329314,1,0,174.46509254806,1,,"",16.005539764015,0,2025-11-10 12:57:26
453,"2149",000000000840003260931385,2025-08-12 06:04:12,2025-08-12 06:08:56,00:04:30,11543.897413238,366.30002279524,0,1.193822800098,0,38.193330327504,1,0,174.1692852586,1,,"",16.31697407397,0,2025-11-10 12:57:26
453,"2461",000000000840003304248052,2025-08-12 06:49:28,2025-08-12 06:55:21,00:04:43,9664.4071988154,214.71775310986,0,0.058287161949991,0,38.212449346449,1,0,174.09945300232,1,,"",15.7532916458,0,2025-11-10 12:57:26
453,"2401",000000000840003228065326,2025-08-12 07:49:17,2025-08-12 07:54:42,00:04:22,9185.100239387,222.68588528583,0,0.35262036613084,0,38.307301552283,1,0,174.4361116817,1,,"",17.700904617529,0,2025-11-10 12:57:26
453,"2502",000000000840003220158357,2025-08-12 07:57:10,2025-08-12 08:02:25,00:05:09,8635.752130966,205.5663655071,0,0.11102101835435,0,38.344349200737,1,0,174.12069664103,1,,"",18.513827962397,0,2025-11-10 12:57:26
453,"2494",000000000840003220158349,2025-08-12 08:06:28,2025-08-12 08:11:15,00:03:31,6977.9071138748,137.19751584318,0,0.16721767912024,0,38.623265989398,1,0,174.18893588167,1,,"",19.1142484627,0,2025-11-10 12:57:26
453,"2734",000000000840003238099191,2025-08-12 08:15:38,2025-08-12 08:18:46,00:02:31,6219.4625396408,67.967426468135,0,0.056793562682108,0,38.811894029953,1,0,174.54961599887,1,,"",19.558700196669,0,2025-11-10 12:57:26
453,"2710",000000000840003238099167,2025-08-12 08:33:08,2025-08-12 08:37:27,00:03:21,5701.2767229976,108.18273997347,0,1.5650055892455,0,38.933490253016,1,0,173.82451056192,1,,"",20.553399209889,0,2025-11-10 12:57:26
453,"2300",000000000840003135191403,2025-08-12 10:34:49,2025-08-12 10:39:24,00:03:17,11118.338066987,222.83036780935,0,3.2317494792097,0,38.694144950691,1,0,173.91188596059,1,,"",26.590288430536,0,2025-11-10 12:57:26
453,"2749",000000000840003238099206,2025-08-12 11:25:00,2025-08-12 11:28:18,00:03:14,13601.274276702,293.310659035,0,9.0880822923185,0,38.529541909395,1,0,173.20604029144,1,,"",28.96594617197,0,2025-11-10 12:57:26
453,"2772",000000000840003238099229,2025-08-12 12:02:32,2025-08-12 12:07:55,00:05:17,11731.834104512,351.94099967203,0,2.0388964025012,0,38.684270343631,1,0,172.97511991602,1,,"",29.978597807408,0,2025-11-10 12:57:26
453,"2721",000000000840003135191704,2025-08-12 12:17:56,2025-08-12 12:22:53,00:03:01,9926.106507009,276.64795971205,0,0.97929525494632,0,38.678177545492,1,0,172.62518900031,1,,"",30.473502557913,0,2025-11-10 12:57:26
453,"2260",000000000840003135191714,2025-08-12 12:25:18,2025-08-12 12:28:56,00:03:24,11544.435783355,310.2563114108,0,6.3138172604409,0,38.82260421371,1,0,172.67551540458,1,,"",30.721660532655,0,2025-11-10 12:57:26
453,"2708",000000000840003238099165,2025-08-12 13:17:25,2025-08-12 13:23:46,00:03:46,10718.589545805,245.74547003252,0,7.6962697777681,0,38.603720211535,1,0,172.60741416756,1,,"",31.318597462376,0,2025-11-10 12:57:26
453,"2264",000000000840003135191358,2025-08-12 13:58:12,2025-08-12 14:03:08,00:03:59,8342.3656089424,206.01059880477,0,6.4792446938412,0,38.61120361832,1,0,172.56851737073,1,,"",32.169825823626,0,2025-11-10 12:57:26
453,"2501",000000000840003135191705,2025-08-12 14:03:32,2025-08-12 14:05:49,00:02:15,7841.5177936202,187.04653803286,0,2.9756719098941,0,38.510096797702,1,0,172.47791428434,1,,"",32.181948085076,0,2025-11-10 12:57:26
453,"2710",000000000840003238099167,2025-08-12 14:39:16,2025-08-12 14:43:45,00:04:19,7460.5932253127,222.71708133285,0,3.9918788286155,0,38.608229940053,1,0,173.4198558611,1,,"",32.673086187725,0,2025-11-10 12:57:26
453,"2539",000000000840003220158394,2025-08-12 14:52:23,2025-08-12 14:56:39,00:02:55,9546.6938910254,230.9815506001,0,0.61103104782085,0,38.634905374552,1,0,173.05039054482,1,,"",32.723852905551,0,2025-11-10 12:57:26
453,"2241",000000000840003135191331,2025-08-12 15:03:38,2025-08-12 15:08:11,00:04:07,16341.523896872,628.47860463825,0,2.1679467992435,0,38.701866094733,1,0,173.29269630918,1,,"",32.83610283167,0,2025-11-10 12:57:26
453,"2525",000000000840003304248037,2025-08-12 15:27:20,2025-08-12 15:30:22,00:02:58,9403.1324127912,188.27232505053,0,1.5871348888459,0,38.625686321899,1,0,172.49717722079,1,,"",33.058685609619,0,2025-11-10 12:57:26
453,"2274",000000000840003135191372,2025-08-12 15:34:37,2025-08-12 15:37:16,00:02:37,13462.504514727,341.66730339851,0,4.9986895239805,0,38.698211916885,1,0,172.65271020982,1,,"",33.265645384872,0,2025-11-10 12:57:26
453,"2852",000000000840003256052743,2025-08-12 15:38:55,2025-08-12 15:46:49,00:06:49,11602.19142929,307.01043372602,0,1.8825629725502,0,38.650001234631,1,0,172.95518808036,1,,"",33.444165795191,0,2025-11-10 12:57:26
453,"2734",000000000840003238099191,2025-08-12 16:09:41,2025-08-12 16:12:29,00:02:18,14091.269295043,254.73479678709,0,10.240212216637,0,38.621790142913,1,0,173.11814519856,1,,"",33.132723888277,0,2025-11-10 12:57:26
453,"2671",000000000840003135191701,2025-08-12 16:33:12,2025-08-12 16:37:06,00:03:39,8627.6413117635,195.78300599905,0,0.46169491258197,0,38.62153928606,1,0,172.87482815847,1,,"",33.395649022537,0,2025-11-10 12:57:26
453,"2525",000000000840003304248037,2025-08-12 16:37:51,2025-08-12 16:40:02,00:02:02,9283.3661360916,227.04169197601,0,3.4977772143841,0,38.660858138114,1,0,173.17814069837,1,,"",33.469975739642,0,2025-11-10 12:57:26
453,"2773",000000000840003238099230,2025-08-12 18:37:29,2025-08-12 18:41:47,00:02:36,7649.9522881827,139.72430914688,0,8.9829968635433,0,38.711658961391,1,0,173.04078300907,1,,"",32.680116374316,0,2025-11-10 12:57:26
453,"2806",000000000840003256052697,2025-08-12 19:34:52,2025-08-12 19:38:35,00:02:34,13295.177715216,388.0649090087,0,0.27315252232309,0,38.885061824692,1,0,172.76056798069,1,,"",30.058672959299,0,2025-11-10 12:57:26
453,"2281",000000000840003135191380,2025-08-13 00:11:31,2025-08-13 00:17:07,00:02:38,11202.302012262,238.89196432303,0,7.3231317596038,0,38.579678380851,1,0,173.88362749527,1,,"",21.207446206081,0,2025-11-10 12:57:26
453,"2247",000000000840003135191337,2025-08-13 00:25:19,2025-08-13 00:29:08,00:03:32,9855.5610268122,299.83529107813,0,3.676451838081,0,38.580275687513,1,0,173.90874934768,1,,"",21.240024770507,0,2025-11-10 12:57:26
453,"2525",000000000840003304248037,2025-08-13 00:42:54,2025-08-13 00:48:22,00:04:11,7397.1725460054,170.15631894337,0,0.033019299820704,0,38.781188667595,1,0,173.95252262198,1,,"",21.405595154528,0,2025-11-10 12:57:26
453,"2749",000000000840003238099206,2025-08-13 00:50:38,2025-08-13 00:54:31,00:03:48,10268.963615984,199.4533719191,0,5.1600042803174,0,38.803898459819,1,0,173.99568066234,1,,"",21.594711452408,0,2025-11-10 12:57:26
453,"2761",000000000840003238099218,2025-08-13 01:07:10,2025-08-13 01:11:03,00:03:48,10422.46919556,254.24467388733,0,5.5023693146642,0,38.774778122511,1,0,173.85462678439,1,,"",21.745670717084,0,2025-11-10 12:57:26
453,"2852",000000000840003256052743,2025-08-13 02:21:53,2025-08-13 02:26:11,00:04:05,7577.2621335151,176.57904512414,0,0.16133789686786,0,38.756545637733,1,0,173.89460417343,1,,"",20.826456889057,0,2025-11-10 12:57:26
453,"2461",000000000840003304248052,2025-08-13 02:48:53,2025-08-13 02:54:00,00:05:01,11126.537170556,314.01395887801,0,3.2032634168956,0,38.552503031768,1,0,173.97182054745,1,,"",21.070301526076,0,2025-11-10 12:57:26
453,"2502",000000000840003220158357,2025-08-13 02:55:09,2025-08-13 02:59:58,00:04:43,11702.093150121,389.0796463968,0,3.6117219245214,0,38.590093341412,1,0,174.07982533437,1,,"",21.248320272844,0,2025-11-10 12:57:26
453,"2671",000000000840003135191701,2025-08-13 02:59:59,2025-08-13 03:05:13,00:04:26,12805.358894359,232.13681702408,0,9.0336545491396,0,38.662573856123,1,0,173.80843836875,1,,"",21.434439897186,0,2025-11-10 12:57:26
453,"2264",000000000840003135191358,2025-08-13 03:20:38,2025-08-13 03:30:46,00:04:37,11762.777380575,265.22598177251,0,8.5989850782754,0,38.622516389393,1,0,173.74904587678,1,,"",21.152757917386,0,2025-11-10 12:57:26
453,"2130",000000000840003199916767,2025-08-13 03:37:51,2025-08-13 03:41:36,00:02:18,9604.0599107263,177.44944053991,0,0.24287308773005,0,38.425771049228,1,0,173.93395630234,1,,"",21.209670758337,0,2025-11-10 12:57:26
453,"2525",000000000840003304248037,2025-08-13 06:07:19,2025-08-13 06:11:17,00:03:44,6553.4157874776,151.35966570962,0,0.24803004321301,0,38.736011465698,1,0,173.97269637397,1,,"",20.816248193053,0,2025-11-10 12:57:26
453,"2812",000000000840003256052703,2025-08-13 06:32:09,2025-08-13 06:37:47,00:04:21,7143.8524751195,178.32813375006,0,0.28125642136051,0,38.866031814265,1,0,173.88311941265,1,,"",21.214883004576,0,2025-11-10 12:57:26
453,"2502",000000000840003220158357,2025-08-13 07:31:42,2025-08-13 07:34:18,00:02:33,7935.3832203042,207.88545282577,0,0.43713067595639,0,38.580961204978,1,0,173.85813003962,1,,"",23.27578941133,0,2025-11-10 12:57:26
453,"2852",000000000840003256052743,2025-08-13 08:02:17,2025-08-13 08:07:00,00:04:15,8045.9941377744,203.07887391527,0,0.18934147302306,0,38.9778427897,1,0,173.85511118829,1,,"",24.04570358223,0,2025-11-10 12:57:26
453,"2749",000000000840003238099206,2025-08-13 08:10:58,2025-08-13 08:16:18,00:05:15,7523.3884342071,126.14321343347,0,0.12352960917505,0,38.828375593872,1,0,173.92618122071,1,,"",24.279122168381,0,2025-11-10 12:57:26
453,"2241",000000000840003135191331,2025-08-13 08:26:19,2025-08-13 08:30:31,00:02:04,12102.803592298,269.98706880356,0,0.080187136213876,0,38.753498328898,1,0,173.83570214148,1,,"",24.741914844293,1,2025-12-10 14:20:33
453,"2241",000000000840003135191331,2025-08-13 08:27:05,2025-08-13 08:31:12,00:03:38,13452.757244894,478.21780186343,0,0.090644045169826,0,38.748595454585,1,0,173.70323780251,1,,"",24.802446332571,0,2025-11-10 12:57:26
453,"2710",000000000840003238099167,2025-08-13 08:35:12,2025-08-13 08:40:21,00:05:04,7815.1565706287,170.30629433156,0,0.092536961454142,0,38.740465478815,1,0,173.84979463059,1,,"",25.031896187739,0,2025-11-10 12:57:26
453,"2574",000000000840003220158429,2025-08-13 08:54:49,2025-08-13 08:58:55,00:04:02,13617.015575895,361.20556563341,0,3.6837466063535,0,38.80319889109,1,0,173.69013858795,1,,"",25.236342586898,0,2025-11-10 12:57:26
453,"2300",000000000840003135191403,2025-08-13 09:09:20,2025-08-13 09:13:31,00:02:55,8973.3424548455,153.80536424548,0,5.1381840976096,0,38.790463671584,1,0,173.94434692278,1,,"",25.89377795468,0,2025-11-10 12:57:26
453,"2806",000000000840003256052697,2025-08-13 09:17:16,2025-08-13 09:22:13,00:02:44,12329.789817941,495.99173600637,0,2.6609623071085,0,38.537626891593,1,0,173.7906309012,1,,"",26.325020600684,0,2025-11-10 12:57:26
453,"2494",000000000840003220158349,2025-08-13 09:27:57,2025-08-13 09:32:01,00:03:47,11002.096367884,267.08761914362,0,2.663229315722,0,38.745975515451,1,0,173.76413765256,1,,"",26.64683214693,0,2025-11-10 12:57:26
453,"1856",000000000840003135191446,2025-08-13 10:54:16,2025-08-13 10:59:16,00:03:39,12931.552011144,305.88291164882,0,4.8808348802302,0,38.459966473649,1,0,173.62789907999,1,,"",26.901466551772,0,2025-11-10 12:57:26
453,"2264",000000000840003135191358,2025-08-13 11:18:28,2025-08-13 11:20:53,00:02:23,11155.452733536,262.96618296629,0,6.0209033427718,0,38.667932207687,1,0,173.61703436761,1,,"",26.045245522909,0,2025-11-10 12:57:26
453,"2525",000000000840003304248037,2025-08-13 11:26:24,2025-08-13 11:31:22,00:04:52,14929.248420933,445.34704035774,0,3.9789315005905,0,38.814044167644,1,0,173.32266988508,1,,"",25.83220210032,0,2025-11-10 12:57:26
453,"2461",000000000840003304248052,2025-08-13 11:36:05,2025-08-13 11:40:21,00:03:55,10674.420020141,333.34698890628,0,0.84257259172196,0,38.755691161987,1,0,173.28998173955,1,,"",25.676284544556,0,2025-11-10 12:57:26
453,"2708",000000000840003238099165,2025-08-13 12:00:55,2025-08-13 12:06:37,00:02:02,9231.1127251803,194.85706102494,0,5.2944440578489,0,38.476240961553,1,0,173.65112487845,1,,"",25.259298227871,0,2025-11-10 12:57:26
453,"2780",000000000840003238099237,2025-08-13 12:17:03,2025-08-13 12:21:47,00:02:02,15956.465442551,655.45832613029,0,1.1473586607206,0,38.651563252016,1,0,173.37032487514,1,,"",26.003330537783,0,2025-11-10 12:57:26
453,"2852",000000000840003256052743,2025-08-13 12:35:24,2025-08-13 12:40:11,00:04:41,12690.372360948,421.03282694488,0,2.3852707437771,0,38.756205913667,1,0,173.44553395187,1,,"",26.757732750676,0,2025-11-10 12:57:26
453,"2806",000000000840003256052697,2025-08-13 13:27:41,2025-08-13 13:32:43,00:02:29,10693.292512897,234.35078844983,0,0.19216210276058,0,38.533169207202,1,0,173.23419275168,1,,"",27.974482708085,0,2025-11-10 12:57:26
453,"2734",000000000840003238099191,2025-08-13 13:38:18,2025-08-13 13:40:51,00:02:15,13449.129093189,404.63493323332,0,2.0673317558586,0,38.472021332046,1,0,173.52923622879,1,,"",28.507236103141,0,2025-11-10 12:57:26
453,"2749",000000000840003238099206,2025-08-13 14:06:19,2025-08-13 14:11:19,00:04:04,13585.10717689,350.28761078786,0,2.4732617311596,0,38.444004217066,1,0,173.52290520497,1,,"",29.000768686258,0,2025-11-10 12:57:26
453,"2770",000000000840003238099227,2025-08-13 14:39:32,2025-08-13 14:44:42,00:04:36,6552.3555482058,160.87433051032,0,0.10067793268842,0,38.414892892776,1,0,173.37549273293,1,,"",29.617064524059,0,2025-11-10 12:57:26
453,"2574",000000000840003220158429,2025-08-13 14:46:09,2025-08-13 14:51:22,00:03:51,13346.307029359,380.9857012352,0,1.9083630963421,0,38.509401018757,1,0,173.33712768519,1,,"",29.886623964212,0,2025-11-10 12:57:26
453,"2260",000000000840003135191714,2025-08-13 15:11:11,2025-08-13 15:15:10,00:03:35,12065.04343279,350.85062904713,0,0.53697807252764,0,38.550805397274,1,0,173.05436180213,1,,"",29.310683032417,0,2025-11-10 12:57:26
453,"2300",000000000840003135191403,2025-08-13 16:26:02,2025-08-13 16:29:43,00:02:26,12270.171669176,215.65214471463,0,0.50474922453564,0,38.498934765242,1,0,173.46219151045,1,,"",28.613593782465,0,2025-11-10 12:57:26
453,"2502",000000000840003220158357,2025-08-13 16:35:13,2025-08-13 16:40:12,00:04:54,16001.999043755,500.35362431577,0,2.6416661269971,0,38.431580213535,1,0,173.30453559511,1,,"",28.820646871507,0,2025-11-10 12:57:26
453,"2671",000000000840003135191701,2025-08-13 17:32:40,2025-08-13 17:36:07,00:03:11,14404.474196106,426.56196852459,0,1.4239043836722,0,38.445375389084,1,0,173.26039345554,1,,"",28.101065420736,0,2025-11-10 12:57:26
453,"2260",000000000840003135191714,2025-08-13 19:36:05,2025-08-13 19:39:41,00:03:28,13062.388524282,294.46425017041,0,7.3341930358729,0,38.768219370335,1,0,173.37266070275,1,,"",25.757206255006,0,2025-11-10 12:57:26
453,"2525",000000000840003304248037,2025-08-14 00:24:49,2025-08-14 00:28:13,00:03:21,11416.471392713,388.07803907702,0,2.575818325977,0,37.97953831935,1,0,174.00494885792,1,,"",20.241674480655,0,2025-11-10 12:57:26
453,"2461",000000000840003304248052,2025-08-14 01:06:47,2025-08-14 01:11:33,00:02:17,9744.5869769589,194.27889948633,0,0.14419041208675,0,37.688544195523,1,0,173.98342233516,1,,"",20.102604760853,0,2025-11-10 12:57:26
453,"2264",000000000840003135191358,2025-08-14 02:26:30,2025-08-14 02:29:57,00:02:43,10856.064220732,262.72478921619,0,0.55909230033857,0,38.134807411805,1,0,174.30216117116,1,,"",19.411338658033,0,2025-11-10 12:57:26
453,"2281",000000000840003135191380,2025-08-14 02:44:30,2025-08-14 02:47:35,00:02:15,11478.321537169,306.08314562349,0,10.918306783293,0,37.810477181476,1,0,174.09515849553,1,,"",19.357235923314,0,2025-11-10 12:57:26
453,"2710",000000000840003238099167,2025-08-14 02:49:48,2025-08-14 02:52:45,00:02:54,8763.5076329663,257.27816621343,0,4.8268476468266,0,37.868197373438,1,0,173.87634038624,1,,"",19.499477458465,0,2025-11-10 12:57:26
453,"2247",000000000840003135191337,2025-08-14 02:57:24,2025-08-14 03:00:32,00:02:50,10615.497192603,237.50176508725,0,3.4764762286834,0,37.694858811018,1,0,173.67529123873,1,,"",19.779717931292,0,2025-11-10 12:57:26
453,"2130",000000000840003199916767,2025-08-14 03:19:50,2025-08-14 03:22:48,00:02:54,12083.108552086,295.14271255122,0,0.56432542207989,0,37.772101709863,1,0,174.04807964653,1,,"",19.619363406739,0,2025-11-10 12:57:26
453,"2773",000000000840003238099230,2025-08-14 05:41:50,2025-08-14 05:45:22,00:02:23,8412.7957679618,184.05657736709,0,0.86174955655455,0,37.66719811258,1,0,174.16032989735,1,,"",19.712623994703,0,2025-11-10 12:57:26
453,"2525",000000000840003304248037,2025-08-14 05:59:02,2025-08-14 06:04:02,00:04:50,8771.0516869017,182.01968125863,0,0.28670768405529,0,37.797856452699,1,0,173.98542308022,1,,"",20.12149600898,0,2025-11-10 12:57:26
453,"2749",000000000840003238099206,2025-08-14 07:38:28,2025-08-14 07:43:41,00:04:22,10517.707570323,277.30268414284,0,0.41012069240748,0,37.739544446142,1,0,173.94816759127,1,,"",20.256180232353,0,2025-11-10 12:57:26
453,"2502",000000000840003220158357,2025-08-14 08:35:31,2025-08-14 08:40:35,00:04:58,11792.436809342,327.55372158609,0,2.7970497277383,0,38.011653353704,1,0,174.17006837929,1,,"",21.642976205936,0,2025-11-10 12:57:26
453,"2247",000000000840003135191337,2025-08-14 08:53:22,2025-08-14 08:57:49,00:03:38,10616.388856252,234.23364434006,0,2.6817117617236,0,38.053167224036,1,0,174.1747424215,1,,"",22.48554904637,0,2025-11-10 12:57:26
453,"2539",000000000840003220158394,2025-08-14 09:05:51,2025-08-14 09:09:52,00:03:58,11224.12967989,329.77816595182,0,0.48689319737787,0,38.160097510286,1,0,174.17939647128,1,,"",22.710250440957,0,2025-11-10 12:57:26
453,"2281",000000000840003135191380,2025-08-14 09:19:46,2025-08-14 09:24:12,00:02:57,10687.026008839,292.43504353763,0,0.72222505532127,0,38.254546937304,1,0,173.87967640999,1,,"",23.156862828659,0,2025-11-10 12:57:26
453,"2574",000000000840003220158429,2025-08-14 09:26:06,2025-08-14 09:28:38,00:02:30,16046.124180469,470.88153816628,0,1.7308107060998,0,38.205829583275,1,0,174.13737992821,1,,"",23.492929808146,0,2025-11-10 12:57:26
453,"2710",000000000840003238099167,2025-08-14 09:33:22,2025-08-14 09:36:42,00:03:15,11246.110460931,327.30513727655,0,2.0861696403185,0,38.226466682348,1,0,173.90027798151,1,,"",23.671368439616,0,2025-11-10 12:57:26
453,"2721",000000000840003135191704,2025-08-14 11:18:27,2025-08-14 11:22:08,00:02:41,15762.628541755,234.54830459924,0,16.201015408216,0,38.220040531089,1,0,173.73010298143,1,,"",25.26510323978,0,2025-11-10 12:57:26
453,"2525",000000000840003304248037,2025-08-14 11:22:45,2025-08-14 11:27:31,00:04:40,13833.484521714,456.31503364236,0,5.941611899413,0,38.352039724677,1,0,173.85155064827,1,,"",25.396238536366,0,2025-11-10 12:57:26
453,"2760",000000000840003238099217,2025-08-14 11:35:23,2025-08-14 11:38:10,00:02:43,10578.65560541,226.308835784,0,2.2086854021841,0,38.416985246586,1,0,173.67175969218,1,,"",25.43857109081,0,2025-11-10 12:57:26
453,"2578",000000000840003220158433,2025-08-14 11:41:06,2025-08-14 11:44:38,00:03:28,10859.783448394,249.10802633685,0,4.3389905538599,0,38.463933486294,1,0,173.52282199329,1,,"",25.693926912492,0,2025-11-10 12:57:26
453,"2761",000000000840003238099218,2025-08-14 12:01:46,2025-08-14 12:07:13,00:04:32,8369.5822709703,159.52023317883,0,0.24392269519036,0,38.334789175811,1,0,173.79411178147,1,,"",25.885259252752,0,2025-11-10 12:57:26
453,"2749",000000000840003238099206,2025-08-14 12:19:55,2025-08-14 12:25:32,00:04:08,12220.428967585,331.03718152432,0,3.223607474656,0,38.384393052467,1,0,173.82829191267,1,,"",26.437740018368,0,2025-11-10 12:57:26
453,"2260",000000000840003135191714,2025-08-14 12:37:46,2025-08-14 12:42:14,00:02:32,17211.044182578,319.19292489462,0,12.256011487083,0,38.422338231366,1,0,173.67472944126,1,,"",26.842738050491,0,2025-11-10 12:57:26
453,"2501",000000000840003135191705,2025-08-14 12:48:52,2025-08-14 12:53:11,00:04:13,14202.803467672,432.59702028226,0,0.6989354329242,0,38.132427576933,1,0,173.69768647301,1,,"",26.951726131048,0,2025-11-10 12:57:26
453,"2774",000000000840003238099231,2025-08-14 12:57:46,2025-08-14 13:01:14,00:02:57,11072.514900696,353.29752049538,0,0.99103365527897,0,38.150320407387,1,0,173.46821370123,1,,"",27.156904298694,0,2025-11-10 12:57:26
453,"2274",000000000840003135191372,2025-08-14 13:08:39,2025-08-14 13:13:33,00:04:49,15396.134541872,530.3811141208,0,2.7442720722702,0,38.176565572549,1,0,173.88945571738,1,,"",27.356553981327,0,2025-11-10 12:57:26
453,"2461",000000000840003304248052,2025-08-14 13:50:46,2025-08-14 13:55:43,00:03:06,9758.1965365573,217.68376599789,0,1.6528393918834,0,38.12170774608,1,0,173.57418620737,1,,"",28.501304241183,0,2025-11-10 12:57:26
453,"1856",000000000840003135191446,2025-08-14 13:58:49,2025-08-14 14:01:26,00:02:35,12237.59122547,338.8429537957,0,0.19272561420942,0,38.332565532906,1,0,173.25510920417,1,,"",28.921182853266,0,2025-11-10 12:57:26
453,"2247",000000000840003135191337,2025-08-14 14:49:17,2025-08-14 14:53:47,00:03:22,10752.747440985,303.40062669378,0,2.7350526087926,0,38.193300338926,1,0,173.64805695711,1,,"",29.352201250119,0,2025-11-10 12:57:26
453,"2502",000000000840003220158357,2025-08-14 18:56:05,2025-08-14 19:01:09,00:05:00,12701.89131691,333.28752776686,0,5.0880465569817,0,38.059045821872,1,0,173.24233081075,1,,"",27.732870359447,0,2025-11-10 12:57:26
453,"2260",000000000840003135191714,2025-08-14 19:04:28,2025-08-14 19:09:12,00:02:04,13494.385217019,148.52602546343,0,6.591564238987,0,38.11776631426,1,0,173.15124552866,1,,"",27.634424233425,0,2025-11-10 12:57:26
453,"2671",000000000840003135191701,2025-08-14 19:09:51,2025-08-14 19:13:42,00:03:29,14755.909250183,456.92253035615,0,4.879724441508,0,38.15014495832,1,0,173.14103923639,1,,"",27.585960265835,0,2025-11-10 12:57:26
453,"1948",000000000840003135191614,2025-08-14 20:05:54,2025-08-14 20:10:13,00:02:10,9933.1483334412,213.07987923704,0,3.3072527706744,0,38.08943141763,1,0,171.45109288084,1,,"",25.859737792416,0,2025-11-10 12:57:26
453,"2461",000000000840003304248052,2025-08-15 00:00:15,2025-08-15 00:05:19,00:03:25,12001.463709812,307.72720122844,0,2.6044460393491,0,38.389942601505,1,0,173.73718195501,1,,"",17.302284014816,0,2025-11-10 12:57:26
453,"2671",000000000840003135191701,2025-08-15 00:07:24,2025-08-15 00:12:35,00:03:36,12654.456239702,373.91666264938,0,1.9979008666309,0,38.129165918023,1,0,173.90369675207,1,,"",17.64658126676,0,2025-11-10 12:57:26
453,"2574",000000000840003220158429,2025-08-15 00:36:47,2025-08-15 00:42:06,00:04:20,11907.853390638,253.87135108758,0,1.4130726015152,0,38.169689654131,1,0,174.17437478853,1,,"",17.482710505717,0,2025-11-10 12:57:26
453,"2259",000000000840003135191352,2025-08-15 00:45:20,2025-08-15 00:48:43,00:03:04,13376.962549851,390.52034985986,0,0.94507551799419,0,38.183964549842,1,0,174.18005921294,1,,"",17.849031203914,0,2025-11-10 12:57:26
453,"2710",000000000840003238099167,2025-08-15 00:56:05,2025-08-15 01:00:44,00:04:34,14059.228878645,419.26267492594,0,7.979214920384,0,38.086487127522,1,0,174.0020356436,1,,"",17.640750201029,0,2025-11-10 12:57:26
453,"2710",000000000840003238099167,2025-08-15 00:57:01,2025-08-15 00:59:04,00:02:02,14546.604680702,414.83610587803,0,8.23270437811,0,38.092286735838,1,0,174.14196951206,1,,"",17.590748569673,1,2025-12-10 14:20:33
453,"2260",000000000840003135191714,2025-08-15 02:54:44,2025-08-15 02:58:00,00:02:16,14440.61786419,334.73394035587,0,6.1242028274187,0,38.253973616635,1,0,174.35085500449,1,,"",16.416135934665,0,2025-11-10 12:57:26
453,"2655",000000000840003238099112,2025-08-15 03:03:50,2025-08-15 03:07:40,00:03:46,14352.692150831,437.4397072155,0,6.9901203780948,0,37.971829457387,1,0,174.33678487172,1,,"",16.269409131756,0,2025-11-10 12:57:26
453,"2761",000000000840003238099218,2025-08-15 04:57:27,2025-08-15 05:00:07,00:02:38,13095.832844601,441.57259771338,0,3.7641212382589,0,37.723005266277,1,0,174.48423335833,1,,"",14.49193478318,0,2025-11-10 12:57:26
453,"2525",000000000840003304248037,2025-08-15 05:56:13,2025-08-15 06:01:38,00:05:20,8638.5870762072,197.91979429147,0,0.075079197039922,0,37.996988893891,1,0,174.30096840127,1,,"",14.780772951152,0,2025-11-10 12:57:26
453,"2671",000000000840003135191701,2025-08-15 06:01:54,2025-08-15 06:04:54,00:02:06,9467.3559889903,220.04866781003,0,0.23308277077347,0,37.929058684946,1,0,174.27741834971,1,,"",15.086829459005,0,2025-11-10 12:57:26
453,"2401",000000000840003228065326,2025-08-15 06:06:00,2025-08-15 06:08:11,00:02:04,10812.731647286,326.16435807979,0,0.41534358423957,0,37.912232791137,1,0,174.3827832573,1,,"",15.218440675716,0,2025-11-10 12:57:26
453,"2259",000000000840003135191352,2025-08-15 06:10:11,2025-08-15 06:14:56,00:04:38,10337.620127799,272.48861375653,0,0.18741806260695,0,38.010192938987,1,0,174.46980093137,1,,"",15.303121319115,0,2025-11-10 12:57:26
453,"2749",000000000840003238099206,2025-08-15 07:19:40,2025-08-15 07:24:30,00:04:45,10052.258022036,285.7770543219,0,0.31032591917039,0,37.842212560956,1,0,174.18876417229,1,,"",14.840353118634,0,2025-11-10 12:57:26
453,"2812",000000000840003256052703,2025-08-15 07:47:37,2025-08-15 07:51:16,00:02:57,8821.6949440882,340.51833633953,0,0.59290147117094,0,37.80707656887,1,0,174.47117372364,1,,"",15.553058528796,0,2025-11-10 12:57:26
453,"2684",000000000840003238099141,2025-08-15 08:39:46,2025-08-15 08:43:36,00:02:34,10709.372912263,282.23000630184,0,2.6341498281927,0,38.00858827559,1,0,174.47825444034,1,,"",19.13725702617,0,2025-11-10 12:57:26
453,"2281",000000000840003135191380,2025-08-15 08:48:20,2025-08-15 08:50:59,00:02:13,10916.723991331,279.14887921058,0,5.8467356255997,0,38.112369014472,1,0,174.13549074459,1,,"",19.995327053925,0,2025-11-10 12:57:26
453,"2502",000000000840003220158357,2025-08-15 08:55:04,2025-08-15 08:59:50,00:04:41,9595.3027419124,258.13435396522,0,2.3084856706635,0,38.010454756078,1,0,174.30125850243,1,,"",20.635172463415,0,2025-11-10 12:57:26
453,"2708",000000000840003238099165,2025-08-15 10:37:20,2025-08-15 10:41:43,00:03:28,11409.224973965,75.365046410961,0,14.945506138007,0,38.283817131987,1,0,174.09828773099,1,,"",25.000558847219,0,2025-11-10 12:57:26
453,"2300",000000000840003135191403,2025-08-15 10:52:56,2025-08-15 10:57:15,00:02:29,10432.343392542,276.72854237904,0,2.3910039701517,0,38.279780664338,1,0,173.7016152682,1,,"",25.470876933908,0,2025-11-10 12:57:26
453,"2525",000000000840003304248037,2025-08-15 11:01:49,2025-08-15 11:04:51,00:02:59,11698.57530322,361.68491663019,0,2.7489186898323,0,38.340026086313,1,0,174.01365707933,1,,"",25.807413995412,0,2025-11-10 12:57:26
453,"2749",000000000840003238099206,2025-08-15 11:42:38,2025-08-15 11:48:09,00:05:05,10899.286556973,305.1177233897,0,0.47907964618959,0,38.329008029106,1,0,173.73670975691,1,,"",26.921800906637,0,2025-11-10 12:57:26
453,"2574",000000000840003220158429,2025-08-15 12:13:39,2025-08-15 12:17:35,00:03:38,11773.295549775,308.90189916075,0,1.9871414045812,0,38.344422982752,1,0,173.62383135958,1,,"",27.248851765965,0,2025-11-10 12:57:26
453,"2525",000000000840003304248037,2025-08-15 12:29:53,2025-08-15 12:33:16,00:02:44,11424.791696875,284.39804053761,0,1.0600953517651,0,38.35725314488,1,0,173.30545305914,1,,"",27.269790470552,0,2025-11-10 12:57:26
453,"2852",000000000840003256052743,2025-08-15 12:35:20,2025-08-15 12:40:32,00:05:05,11068.843188306,385.39404033988,0,0.59883770680858,0,38.374092074119,1,0,173.55436435021,1,,"",27.535605127615,0,2025-11-10 12:57:26
453,"2259",000000000840003135191352,2025-08-15 12:48:46,2025-08-15 12:53:34,00:04:42,12535.288165414,384.68377225,0,0.74853866832305,0,38.357216067166,1,0,173.69523238927,1,,"",27.597312080379,0,2025-11-10 12:57:26
453,"2710",000000000840003238099167,2025-08-15 13:25:05,2025-08-15 13:27:12,00:02:05,7937.0002664825,206.43560823089,0,2.6664681416611,0,38.274535023593,1,0,173.54296081296,1,,"",27.662110367586,0,2025-11-10 12:57:26
453,"2711",000000000840003238099168,2025-08-15 13:33:09,2025-08-15 13:37:05,00:02:11,9641.2905773325,439.53854376764,0,1.7309903315328,0,38.241948414958,1,0,173.15284066014,1,,"",27.743061255462,0,2025-11-10 12:57:26
453,"2772",000000000840003238099229,2025-08-15 13:37:06,2025-08-15 13:42:08,00:04:58,9053.8216398809,210.95876790394,0,0.89895675416094,0,38.274754548799,1,0,173.5657570996,1,,"",27.936521912672,0,2025-11-10 12:57:26
453,"2461",000000000840003304248052,2025-08-15 14:52:08,2025-08-15 14:56:45,00:02:39,12460.552966692,380.07730057155,0,0.3748169290376,0,38.26113535389,1,0,173.59368706257,1,,"",29.204962921166,0,2025-11-10 12:57:26
453,"2578",000000000840003220158433,2025-08-15 14:57:25,2025-08-15 15:00:46,00:03:18,11545.413460764,268.59343453602,0,0.48275026157074,0,38.267133444941,1,0,173.29294741331,1,,"",29.435750834933,0,2025-11-10 12:57:26
453,"2247",000000000840003135191337,2025-08-15 15:16:47,2025-08-15 15:21:40,00:04:46,12496.869185074,394.2940076561,0,0.74174248138849,0,38.291144396983,1,0,173.58183660901,1,,"",29.145255596256,0,2025-11-10 12:57:26
453,"2501",000000000840003135191705,2025-08-15 17:09:37,2025-08-15 17:13:20,00:03:39,15537.306366825,534.66326626645,0,1.3312451314377,0,38.26754364826,1,0,173.26058840451,1,,"",29.615871731127,0,2025-11-10 12:57:26
453,"2734",000000000840003238099191,2025-08-15 18:25:21,2025-08-15 18:29:13,00:02:16,12005.309187606,89.813926292245,0,11.119780507654,0,38.334295604829,1,0,172.96344624155,1,,"",29.228729533747,0,2025-11-10 12:57:26
453,"2721",000000000840003135191704,2025-08-15 18:48:54,2025-08-15 18:54:21,00:05:16,13563.37325539,235.28423503345,0,8.9498042117532,0,38.392572268475,1,0,173.35843786035,1,,"",29.156833347098,0,2025-11-10 12:57:26
453,"2710",000000000840003238099167,2025-08-15 19:16:22,2025-08-15 19:19:05,00:02:33,10830.672692636,220.68861277045,0,3.637512984031,0,38.354099118967,1,0,173.22290430658,1,,"",28.393564065351,0,2025-11-10 12:57:26
453,"2247",000000000840003135191337,2025-08-15 20:02:39,2025-08-15 20:06:17,00:03:35,11763.439310982,402.87984918808,0,2.978934229615,0,38.629969002609,1,0,173.00272292413,1,,"",26.125063575992,0,2025-11-10 12:57:26
453,"2671",000000000840003135191701,2025-08-15 20:08:57,2025-08-15 20:12:47,00:03:43,14376.187213525,453.34984061329,0,4.6514048198191,0,38.659854045748,1,0,173.2534649608,1,,"",25.802702902597,0,2025-11-10 12:57:26
453,"2671",000000000840003135191701,2025-08-16 00:07:43,2025-08-16 00:12:47,00:04:58,12384.701991981,341.89115969063,0,6.1501220450942,0,38.630444709895,1,0,174.01522492765,1,,"",17.351778513806,0,2025-11-10 12:57:26
453,"2780",000000000840003238099237,2025-08-16 00:29:58,2025-08-16 00:34:57,00:03:53,11320.939042637,204.90740214898,0,0.42911563573949,0,38.591742936242,1,0,173.80231057739,1,,"",17.17340475938,0,2025-11-10 12:57:26
453,"2502",000000000840003220158357,2025-08-16 00:35:41,2025-08-16 00:42:18,00:06:32,10670.51375856,238.62538472496,0,2.392934984725,0,38.699224367814,1,0,174.11760561922,1,,"",17.42795436103,0,2025-11-10 12:57:26
453,"2710",000000000840003238099167,2025-08-16 00:48:55,2025-08-16 00:53:09,00:03:46,11033.398639962,356.69989676089,0,5.4749057107369,0,38.766043083666,1,0,174.12787618974,1,,"",17.833805528661,0,2025-11-10 12:57:26
453,"2264",000000000840003135191358,2025-08-16 01:56:27,2025-08-16 01:59:41,00:03:11,10927.378716769,287.34780583054,0,0.79256925272312,0,38.598598233027,1,0,174.27634246514,1,,"",16.752625294058,0,2025-11-10 12:57:26
453,"2501",000000000840003135191705,2025-08-16 02:01:13,2025-08-16 02:04:22,00:03:06,10945.752007449,258.18045990688,0,0.55013296980606,0,38.907079286624,1,0,174.2634257119,1,,"",16.944595855616,0,2025-11-10 12:57:26
453,"2525",000000000840003304248037,2025-08-16 02:17:20,2025-08-16 02:22:20,00:04:07,7075.6421923871,130.99891667489,0,0.55092282132435,0,38.913353409104,1,0,174.00023417649,1,,"",16.879737450113,0,2025-11-10 12:57:26
453,"2734",000000000840003238099191,2025-08-16 02:43:38,2025-08-16 02:47:21,00:02:44,12223.900503359,186.32154080938,0,8.2264231990135,0,38.893844859967,1,0,173.91547118121,1,,"",16.553621896967,0,2025-11-10 12:57:26
453,"2260",000000000840003135191714,2025-08-16 03:05:20,2025-08-16 03:07:22,00:02:01,9855.7227141507,243.81117635148,0,0.59388000328849,0,39.017400442078,1,0,174.45190085402,1,,"",15.782255659006,0,2025-11-10 12:57:26
453,"2655",000000000840003238099112,2025-08-16 04:16:45,2025-08-16 04:21:06,00:04:16,10621.009060184,434.14648873175,0,1.30085432925,0,38.752448169953,1,0,174.35724078775,1,,"",16.135610501756,0,2025-11-10 12:57:26
453,"2708",000000000840003238099165,2025-08-16 04:52:28,2025-08-16 04:57:59,00:03:19,8852.4303522242,199.15497214965,0,0.66434160843415,0,38.815775996911,1,0,174.42319898431,1,,"",16.232877566606,0,2025-11-10 12:57:26
453,"1948",000000000840003135191614,2025-08-16 06:39:15,2025-08-16 06:44:46,00:02:27,6947.4670955667,74.926036522383,0,0.09020468646196,0,38.679419638948,1,0,174.36200967582,1,,"",15.854047577858,0,2025-11-10 12:57:26
453,"2852",000000000840003256052743,2025-08-16 07:00:30,2025-08-16 07:06:01,00:05:26,8778.9449733684,241.63830320431,0,0.21321593023184,0,38.753302100898,1,0,174.11926420676,1,,"",16.487461628466,0,2025-11-10 12:57:26
453,"2461",000000000840003304248052,2025-08-16 07:28:09,2025-08-16 07:32:49,00:03:40,10740.5310455,187.42492274758,0,0.17672111345234,0,38.549327523654,1,0,174.48362849106,1,,"",17.592360889034,0,2025-11-10 12:57:26
453,"2780",000000000840003238099237,2025-08-16 07:34:18,2025-08-16 07:38:15,00:03:48,11287.569276387,314.16063961735,0,0.22656598715987,0,38.54256135489,1,0,174.1541124226,1,,"",17.984198085194,0,2025-11-10 12:57:26
453,"2760",000000000840003238099217,2025-08-16 08:07:02,2025-08-16 08:12:22,00:03:24,9960.2245890135,212.39879798448,0,2.8030446321465,0,38.441996394999,1,0,174.33170410453,1,,"",19.104350067096,0,2025-11-10 12:57:26
453,"2774",000000000840003238099231,2025-08-16 08:20:38,2025-08-16 08:25:31,00:04:48,10206.493432693,306.69973448154,0,1.7694070616764,0,38.481603914501,1,0,174.33901342539,1,,"",19.86299983395,0,2025-11-10 12:57:26
453,"2502",000000000840003220158357,2025-08-16 08:52:05,2025-08-16 08:54:39,00:02:32,10761.43654367,337.46353460255,0,3.8356235834663,0,38.805066664345,1,0,174.4420585421,1,,"",21.480717817144,0,2025-11-10 12:57:26
453,"2615",000000000840003238099072,2025-08-16 11:57:59,2025-08-16 12:03:23,00:05:19,13901.443709648,452.91277125932,0,6.8809173771248,0,38.194034429132,1,0,173.66537620148,1,,"",28.241111992283,0,2025-11-10 12:57:26
453,"2574",000000000840003220158429,2025-08-16 12:10:14,2025-08-16 12:14:08,00:03:18,7027.9111826204,162.76132261239,0,0.51121496603353,0,38.262685653606,1,0,173.46587214701,1,,"",28.396936327341,0,2025-11-10 12:57:26
453,"2539",000000000840003220158394,2025-08-16 12:33:54,2025-08-16 12:39:52,00:03:30,12987.33561907,313.02401486541,0,1.3491137763595,0,38.236140100631,1,0,173.56068417799,1,,"",29.130277421897,0,2025-11-10 12:57:26
453,"2281",000000000840003135191380,2025-08-16 12:45:10,2025-08-16 12:47:57,00:02:11,10818.967465808,253.85448890685,0,2.0255068102489,0,38.246963016127,1,0,173.59465248413,1,,"",29.344392844404,0,2025-11-10 12:57:26
453,"2780",000000000840003238099237,2025-08-16 12:57:03,2025-08-16 13:02:41,00:04:36,12864.991105309,342.19046164977,0,2.9496060212953,0,38.243184244447,1,0,173.42191524639,1,,"",29.55980420717,0,2025-11-10 12:57:26
453,"1906",000000000840003135890504,2025-08-16 13:15:44,2025-08-16 13:20:51,00:02:42,11941.736105266,264.30902732517,0,2.4399527329095,0,38.261428449835,1,0,173.65408617215,1,,"",29.90110756226,0,2025-11-10 12:57:26
453,"2710",000000000840003238099167,2025-08-16 13:26:56,2025-08-16 13:30:49,00:03:48,9778.323907858,275.80777335537,0,3.9181052572359,0,38.218749325717,1,0,173.41749594427,1,,"",29.990613144161,0,2025-11-10 12:57:26
453,"2525",000000000840003304248037,2025-08-16 13:58:13,2025-08-16 14:02:16,00:03:59,10079.461072317,196.2068781272,0,7.1049137054737,0,38.208794169985,1,0,173.38490127077,1,,"",30.488621461653,0,2025-11-10 12:57:26
453,"2323",000000000840003207699481,2025-08-16 14:03:24,2025-08-16 14:08:03,00:04:26,11691.136182964,349.38985022052,0,2.3969497057682,0,38.227178962438,1,0,173.23761150696,1,,"",30.694639963918,0,2025-11-10 12:57:26
453,"2300",000000000840003135191403,2025-08-16 14:35:38,2025-08-16 14:40:03,00:03:59,13388.850583053,297.11802559601,0,7.7091178015122,0,38.165908067557,1,0,173.43951285401,1,,"",30.823521315996,0,2025-11-10 12:57:26
453,"2501",000000000840003135191705,2025-08-16 14:58:45,2025-08-16 15:03:27,00:04:11,11465.565061156,250.67532604178,0,1.5258465753601,0,38.204468293642,1,0,173.1721904122,1,,"",31.057892639826,0,2025-11-10 12:57:26
453,"2734",000000000840003238099191,2025-08-16 16:17:04,2025-08-16 16:20:27,00:03:20,14371.485148536,274.07861068135,0,11.817399921228,0,38.227099673179,1,0,173.32496699993,1,,"",31.39272744653,0,2025-11-10 12:57:26
453,"2574",000000000840003220158429,2025-08-16 16:53:51,2025-08-16 16:58:27,00:03:58,13793.000442591,308.57398067177,0,6.5599605684029,0,38.235440694631,1,0,173.31966249047,1,,"",31.67627955297,0,2025-11-10 12:57:26
453,"2710",000000000840003238099167,2025-08-16 18:43:02,2025-08-16 18:48:14,00:04:35,10667.18490984,271.12085795901,0,6.1593928224812,0,38.224116476098,1,0,172.76652811075,1,,"",30.169648591552,0,2025-11-10 12:57:26
453,"2502",000000000840003220158357,2025-08-16 18:49:12,2025-08-16 18:52:42,00:03:26,13285.747089305,359.7081739001,0,1.7656641380225,0,38.247082975908,1,0,173.17613848827,1,,"",30.184229154047,0,2025-11-10 12:57:26
453,"2708",000000000840003238099165,2025-08-16 18:52:43,2025-08-16 18:55:26,00:02:41,11727.860660809,176.37683569066,0,10.339126939999,0,38.272966470607,1,0,173.02093593849,1,,"",30.198767730062,0,2025-11-10 12:57:26
453,"2761",000000000840003238099218,2025-08-16 20:35:14,2025-08-16 20:37:19,00:02:02,9244.4757020423,281.74261336048,0,5.1705480715431,0,38.564225051367,1,0,172.74062459051,1,,"",24.763557912412,0,2025-11-10 12:57:26
453,"2274",000000000840003135191372,2025-08-16 21:03:42,2025-08-16 21:06:25,00:02:38,13081.665919871,308.61622219415,0,0.89661631825488,0,38.740979657786,1,0,173.19178581745,1,,"",23.594161931052,0,2025-11-10 12:57:26
453,"2761",000000000840003238099218,2025-08-16 22:42:22,2025-08-16 22:45:43,00:03:18,9842.1297723037,294.4081658175,0,1.9812815901314,0,38.933240991015,1,0,173.86434137706,1,,"",20.236582720001,0,2025-11-10 12:57:26
453,"2710",000000000840003238099167,2025-08-17 00:13:11,2025-08-17 00:18:33,00:05:17,7967.8949584557,130.1679201349,0,0.1924022381565,0,38.885702243991,1,0,173.88763278969,1,,"",18.579128120533,0,2025-11-10 12:57:26
453,"2247",000000000840003135191337,2025-08-17 00:18:58,2025-08-17 00:24:04,00:04:28,9719.3500235295,247.75088212102,0,2.2398224102454,0,38.850772737108,1,0,173.90791357435,1,,"",18.812137683521,0,2025-11-10 12:57:26
453,"2749",000000000840003238099206,2025-08-17 00:37:01,2025-08-17 00:40:18,00:03:14,11383.285376266,344.83747227149,0,3.8803567322241,0,38.82460438476,1,0,173.96651621285,1,,"",18.698586954846,0,2025-11-10 12:57:26
453,"2761",000000000840003238099218,2025-08-17 00:52:03,2025-08-17 00:55:05,00:02:20,10102.008456109,247.6824707132,0,5.1439986007293,0,38.551632652135,1,0,173.96827212176,1,,"",17.876513508335,0,2025-11-10 12:57:26
453,"2770",000000000840003238099227,2025-08-17 01:59:00,2025-08-17 02:03:34,00:03:26,7314.8609398936,141.3835085178,0,0.12756018722628,0,38.48468291796,1,0,174.01651085817,1,,"",17.327064576859,0,2025-11-10 12:57:26
453,"2264",000000000840003135191358,2025-08-17 02:15:10,2025-08-17 02:17:17,00:02:05,10938.338740835,216.27320536774,0,11.323258255757,0,38.626982603089,1,0,173.9032274969,1,,"",17.615959380697,0,2025-11-10 12:57:26
453,"2461",000000000840003304248052,2025-08-17 02:22:33,2025-08-17 02:27:00,00:04:22,9446.7213562234,234.15247330289,0,3.8106665974944,0,38.46780130051,1,0,174.05687462271,1,,"",17.823328538286,0,2025-11-10 12:57:26
453,"1948",000000000840003135191614,2025-08-17 06:58:57,2025-08-17 07:02:05,00:02:04,7049.2628800061,191.57247680471,0,0.42506101736856,0,38.106096687979,1,0,173.76343723647,1,,"",15.688874917566,0,2025-11-10 12:57:26
453,"2502",000000000840003220158357,2025-08-17 07:12:59,2025-08-17 07:15:03,00:02:02,7476.7934761258,169.01983690633,0,0.06948556034212,0,38.109754518394,1,0,174.3381140262,1,,"",15.687501460757,0,2025-11-10 12:57:26
453,"2711",000000000840003238099168,2025-08-17 08:46:03,2025-08-17 08:50:46,00:02:26,7645.0020879438,214.90966985032,0,2.4391356897279,0,38.364691992658,1,0,174.5087099007,1,,"",20.718884768756,0,2025-11-10 12:57:26
453,"2698",000000000840003238099155,2025-08-17 12:53:16,2025-08-17 13:00:36,00:06:10,12839.472941108,376.51157784403,0,0.74418759260523,0,38.262683734201,1,0,173.60251878467,1,,"",25.786578625204,0,2025-11-10 12:57:26
453,"2780",000000000840003238099237,2025-08-17 13:17:57,2025-08-17 13:21:51,00:02:14,13578.581051608,283.05594776049,0,0.78337923728032,0,38.413785116524,1,0,173.49167496081,1,,"",25.544402586074,0,2025-11-10 12:57:26
453,"2300",000000000840003135191403,2025-08-17 13:53:11,2025-08-17 13:58:18,00:03:45,11877.089705527,224.75060662665,0,3.4466133874457,0,38.31374126801,1,0,173.64115241344,1,,"",25.126710078593,0,2025-11-10 12:57:26
453,"2615",000000000840003238099072,2025-08-17 14:17:43,2025-08-17 14:20:11,00:02:26,14978.7751803,457.72077715641,0,8.0168395828832,0,38.371130549096,1,0,173.72425486398,1,,"",25.273153110298,0,2025-11-10 12:57:26
453,"2749",000000000840003238099206,2025-08-17 14:37:36,2025-08-17 14:40:29,00:02:50,15356.883129506,216.75171596852,0,14.565415671758,0,38.285324362621,1,0,173.85363288534,1,,"",25.428506472375,0,2025-11-10 12:57:26
453,"2149",000000000840003260931385,2025-08-17 15:56:15,2025-08-17 15:58:39,00:02:21,14380.434810338,390.49445030695,0,6.0813198090935,0,38.032762002088,1,0,173.47516069163,1,,"",28.244187779961,0,2025-11-10 12:57:26
453,"2852",000000000840003256052743,2025-08-17 16:17:29,2025-08-17 16:19:55,00:02:22,12010.823114374,282.95082683077,0,0.27690107550848,0,38.101449746929,1,0,173.36569231173,1,,"",28.803460969938,0,2025-11-10 12:57:26
453,"2391",000000000840003135191436,2025-08-17 16:28:33,2025-08-17 16:49:52,00:03:27,11700.038160668,289.02970308522,0,1.5698186457228,0,38.085489773656,1,0,173.48783670031,1,,"",29.070096003861,0,2025-11-10 12:57:26
453,"2264",000000000840003135191358,2025-08-18 11:12:40,2025-08-18 11:15:48,00:03:05,8660.1501377001,164.53043521194,0,4.9485341588972,0,36.126292940176,1,0,173.93103356111,1,,"",18.972192066307,0,2025-11-10 12:57:26
453,"2761",000000000840003238099218,2025-08-18 11:48:55,2025-08-18 11:52:59,00:03:59,9388.4095064662,247.80586028563,0,5.0651120478973,0,35.799523336003,1,0,174.37946637679,1,,"",19.943981016176,0,2025-11-10 12:57:26
453,"2721",000000000840003135191704,2025-08-18 12:13:15,2025-08-18 12:16:07,00:02:02,12840.604129362,260.09433717219,0,6.8539454413788,0,35.874157161115,1,0,173.93362164095,1,,"",20.406888009706,0,2025-11-10 12:57:26
453,"2734",000000000840003238099191,2025-08-18 12:43:32,2025-08-18 12:46:42,00:03:05,13735.300598688,222.84969553418,0,12.256715695046,0,35.898336178065,1,0,174.13927519488,1,,"",21.493622234045,0,2025-11-10 12:57:26
453,"2615",000000000840003238099072,2025-08-18 12:47:39,2025-08-18 12:51:06,00:02:20,12502.945857598,364.55976450155,0,2.783985129104,0,35.855760351358,1,0,174.14498173841,1,,"",21.816630998072,0,2025-11-10 12:57:26
453,"2525",000000000840003304248037,2025-08-18 13:02:22,2025-08-18 13:07:12,00:04:03,12184.480623496,359.96702460527,0,2.1134027947317,0,35.941312231827,1,0,174.03747256324,1,,"",21.670635316473,0,2025-11-10 12:57:26
453,"2281",000000000840003135191380,2025-08-18 13:14:19,2025-08-18 13:19:08,00:03:42,8791.7172359782,123.7855056347,0,8.3390112684442,0,36.175886894178,1,0,173.76381643336,1,,"",21.886881425917,0,2025-11-10 12:57:26
453,"2684",000000000840003238099141,2025-08-18 13:27:50,2025-08-18 13:32:55,00:04:49,12150.038798594,383.34728764174,0,0.88748856295703,0,35.97476948745,1,0,173.92296953763,1,,"",22.055167844576,0,2025-11-10 12:57:26
453,"2300",000000000840003135191403,2025-08-18 13:40:03,2025-08-18 13:45:13,00:02:53,12882.591210343,265.03313807868,0,5.1229965566968,0,35.822652912748,1,0,174.11025531196,1,,"",22.453745880032,0,2025-11-10 12:57:26
453,"2401",000000000840003228065326,2025-08-18 14:13:47,2025-08-18 14:17:49,00:03:15,13692.9901207,302.84297035636,0,2.7201464255387,0,35.789067885096,1,0,173.77327622311,1,,"",23.203691152937,0,2025-11-10 12:57:26
453,"2149",000000000840003260931385,2025-08-18 14:30:40,2025-08-18 14:34:53,00:04:10,15970.144073189,615.85472274479,0,5.5687557305594,0,35.700840905845,1,0,174.04293882199,1,,"",23.781252927409,0,2025-11-10 12:57:26
453,"2760",000000000840003238099217,2025-08-18 15:02:26,2025-08-18 15:08:17,00:05:11,13639.504404738,352.1886014191,0,4.2248576169095,0,35.664830097599,1,0,173.65130134024,1,,"",23.998847733627,0,2025-11-10 12:57:26
453,"2780",000000000840003238099237,2025-08-18 16:03:52,2025-08-18 16:09:04,00:04:52,12121.054674014,303.22348709514,0,3.8330851455639,0,35.711865383915,1,0,172.22208705205,1,,"",24.415899660251,0,2025-11-10 12:57:26
453,"2671",000000000840003135191701,2025-08-18 19:13:24,2025-08-18 19:17:44,00:03:46,13439.748600885,290.33791613119,0,7.9453385253036,0,35.790619354729,1,0,173.46282166692,1,,"",22.529278035764,0,2025-11-10 12:57:26
453,"2710",000000000840003238099167,2025-08-18 19:25:15,2025-08-18 19:28:08,00:02:06,11970.989335998,238.22144639399,0,5.567293510342,0,35.772037650434,1,0,173.72180027581,1,,"",22.093471525869,0,2025-11-10 12:57:26
453,"2761",000000000840003238099218,2025-08-18 20:28:21,2025-08-18 20:32:56,00:04:03,10074.973262408,269.73086883504,0,7.088309227085,0,35.832958096617,1,0,172.49992874254,1,,"",18.998762657212,0,2025-11-10 12:57:26
453,"2281",000000000840003135191380,2025-08-18 20:41:36,2025-08-18 20:47:38,00:04:09,12466.903707125,88.07327956691,0,12.165896332537,0,35.936727254598,1,0,173.68365553164,1,,"",18.447558122128,0,2025-11-10 12:57:26
453,"2710",000000000840003238099167,2025-08-18 23:42:53,2025-08-18 23:48:35,00:05:28,14194.45447123,324.29915205537,0,6.0300280310358,0,36.232234299206,1,0,174.329374826,1,,"",12.287768725572,0,2025-11-10 12:57:26
453,"2749",000000000840003238099206,2025-08-18 23:59:23,2025-08-19 00:04:43,00:05:13,16162.024540451,431.80238503228,0,0.61319052166249,0,36.14849639715,1,0,174.03020146397,1,,"",12.769898882632,0,2025-11-10 12:57:26
453,"2300",000000000840003135191403,2025-08-19 00:10:14,2025-08-19 00:14:10,00:02:38,18166.176011037,323.98746710023,0,9.8713350316134,0,36.134052019163,1,0,174.48093493534,1,,"",12.997423609563,0,2025-11-10 12:57:26
453,"2671",000000000840003135191701,2025-08-19 00:26:59,2025-08-19 00:29:19,00:02:18,17178.918111417,435.66259036589,0,8.7966031157233,0,36.067987839917,1,0,174.35817369894,1,,"",12.765210184802,0,2025-11-10 12:57:26
453,"2247",000000000840003135191337,2025-08-19 00:47:46,2025-08-19 00:51:49,00:03:59,16474.112486929,469.74521624615,0,5.5138842230471,0,36.406493854507,1,0,174.38639742775,1,,"",13.001816708713,0,2025-11-10 12:57:26
453,"2721",000000000840003135191704,2025-08-19 01:19:10,2025-08-19 01:23:29,00:03:30,16915.844330256,433.54308752703,0,5.2657809237361,0,36.533490527153,1,0,174.19588277666,1,,"",11.971822475941,0,2025-11-10 12:57:26
453,"2760",000000000840003238099217,2025-08-19 02:02:10,2025-08-19 02:06:44,00:04:03,12219.86900955,174.82737462435,0,0.18448867399346,0,36.192283444513,1,0,174.25782518587,1,,"",10.999863978968,0,2025-11-10 12:57:26
453,"2502",000000000840003220158357,2025-08-19 02:26:39,2025-08-19 02:32:44,00:06:00,16182.059529187,446.66791004562,0,5.4182073234916,0,36.321959778959,1,0,174.04266151557,1,,"",11.550459004304,0,2025-11-10 12:57:26
453,"2655",000000000840003238099112,2025-08-19 02:47:39,2025-08-19 02:50:35,00:02:54,17912.7568059,386.89797632228,0,8.7451480030232,0,36.681387861848,1,0,174.21437019842,1,,"",12.145350743938,0,2025-11-10 12:57:26
453,"2734",000000000840003238099191,2025-08-19 03:13:52,2025-08-19 03:18:22,00:04:25,17769.579707898,247.86017145683,0,11.294041102585,0,36.278045363383,1,0,174.21987383748,1,,"",11.523365815734,0,2025-11-10 12:57:26
453,"2812",000000000840003256052703,2025-08-19 05:57:46,2025-08-19 06:01:02,00:02:57,5933.3034422725,129.63506923508,0,0.097840993769676,0,36.235208840963,1,0,173.97014620012,1,,"",13.009546536435,0,2025-11-10 12:57:26
453,"2391",000000000840003135191436,2025-08-19 06:01:13,2025-08-19 06:06:50,00:03:57,7150.069984541,158.73082193699,0,0.41181180207191,0,36.206398153813,1,0,174.30670601742,1,,"",13.401669902508,0,2025-11-10 12:57:26
453,"2401",000000000840003228065326,2025-08-19 06:18:37,2025-08-19 06:21:58,00:02:34,9487.4481454575,139.62678503438,0,0.14664443407207,0,36.131343004,1,0,174.37522418758,1,,"",13.440173452215,0,2025-11-10 12:57:26
453,"2760",000000000840003238099217,2025-08-19 08:43:46,2025-08-19 08:49:15,00:03:06,10370.599893853,234.48845906452,0,3.2924701527361,0,35.955557426472,1,0,173.58174637098,1,,"",16.576336759106,0,2025-11-10 12:57:26
453,"2494",000000000840003220158349,2025-08-19 08:52:30,2025-08-19 08:57:39,00:04:08,10781.29319749,183.83063117454,0,4.224694088226,0,35.949576608012,1,0,173.71017504449,1,,"",17.097820343937,0,2025-11-10 12:57:26
453,"2281",000000000840003135191380,2025-08-19 09:28:19,2025-08-19 09:32:47,00:02:56,10926.042737501,224.11837054362,0,6.904077034534,0,36.090047528774,1,0,174.32392498332,1,,"",18.845104160495,0,2025-11-10 12:57:26
453,"2749",000000000840003238099206,2025-08-19 09:40:49,2025-08-19 09:45:42,00:03:29,8407.8986991934,187.90559780176,0,1.5622274526315,0,36.075405848828,1,0,174.24235378531,1,,"",19.352967058184,0,2025-11-10 12:57:26
453,"2671",000000000840003135191701,2025-08-19 09:49:49,2025-08-19 09:53:49,00:02:56,10381.169317045,231.89577893544,0,3.0165186594944,0,35.807076955754,1,0,174.33119939063,1,,"",19.545354807695,0,2025-11-10 12:57:26
453,"2721",000000000840003135191704,2025-08-19 09:56:03,2025-08-19 10:01:05,00:04:19,11098.469681454,315.4673333315,0,4.3275462509861,0,36.132389443009,1,0,173.82163272036,1,,"",19.90564887667,0,2025-11-10 12:57:26
453,"2247",000000000840003135191337,2025-08-19 11:27:39,2025-08-19 11:30:49,00:02:44,8175.0094826283,221.97297418361,0,1.3128151924754,0,35.805729000199,1,0,173.70176678905,1,,"",21.437943488927,0,2025-11-10 12:57:26
453,"2264",000000000840003135191358,2025-08-19 11:55:42,2025-08-19 11:59:57,00:04:10,11557.507798269,301.7809827563,0,6.8663666948275,0,35.717488535319,1,0,174.1517778962,1,,"",22.358242015212,0,2025-11-10 12:57:26
453,"2578",000000000840003220158433,2025-08-19 12:11:38,2025-08-19 12:13:58,00:02:18,9948.1687818789,258.30347535826,0,4.4052249506796,0,35.812699081947,1,0,174.0525458883,1,,"",22.649409898662,0,2025-11-10 12:57:26
453,"2525",000000000840003304248037,2025-08-19 12:15:09,2025-08-19 12:19:54,00:03:33,9283.6932006187,265.3395996138,0,3.3021533588057,0,36.090759171108,1,0,173.596185017,1,,"",22.865055729321,0,2025-11-10 12:57:26
453,"2540",000000000840003220158395,2025-08-19 13:31:33,2025-08-19 13:36:29,00:04:10,8359.4241327203,174.13139188374,0,0.51758231573792,0,36.029797173062,1,0,173.8094060052,1,,"",23.799694695312,0,2025-11-10 12:57:26
453,"2281",000000000840003135191380,2025-08-19 14:08:38,2025-08-19 14:13:41,00:03:09,7397.1827653586,100.44498246691,0,3.9320350153186,0,35.859813997125,1,0,173.70389970475,1,,"",24.473227520871,0,2025-11-10 12:57:26
453,"2749",000000000840003238099206,2025-08-19 16:32:03,2025-08-19 16:35:54,00:03:03,11394.041440009,325.66995189859,0,0.82684838086639,0,35.79265439735,1,0,173.80812795506,1,,"",24.762154902002,0,2025-11-10 12:57:26
453,"2264",000000000840003135191358,2025-08-19 18:24:45,2025-08-19 18:31:14,00:03:37,9916.9190763711,155.30316921404,0,5.1829540276593,0,35.672685623144,1,0,173.36369268755,1,,"",23.673325133297,0,2025-11-10 12:57:26
453,"2259",000000000840003135191352,2025-08-19 19:31:51,2025-08-19 19:36:58,00:04:59,10579.151300299,234.20036871619,0,5.404519453781,0,35.513443776879,1,0,173.89413820054,1,,"",22.737471083912,0,2025-11-10 12:57:26
453,"2764",000000000840003238099221,2025-08-19 21:42:11,2025-08-19 21:45:46,00:02:18,10361.886790643,131.60375753683,0,0.57799154620589,0,35.697490976616,1,0,173.81048182231,1,,"",21.24838734919,0,2025-11-10 12:57:26
453,"2655",000000000840003238099112,2025-08-19 23:21:15,2025-08-19 23:24:53,00:03:19,12881.103794666,244.08201791362,0,8.5524128697075,0,35.833038098495,1,0,174.10834519496,1,,"",20.061798926455,0,2025-11-10 12:57:26
453,"2247",000000000840003135191337,2025-08-20 00:05:45,2025-08-20 00:09:40,00:03:43,10375.541965718,279.29805525216,0,2.1629944198505,0,35.918188701978,1,0,174.14281382209,1,,"",18.963231969155,0,2025-11-10 12:57:26
453,"2264",000000000840003135191358,2025-08-20 00:09:41,2025-08-20 00:12:28,00:02:46,11519.092921278,263.80513147868,0,5.7441817704047,0,35.910668539363,1,0,173.81423434789,1,,"",19.227445520492,0,2025-11-10 12:57:26
453,"2671",000000000840003135191701,2025-08-20 00:13:27,2025-08-20 00:15:48,00:02:19,11683.170283069,260.95162341842,0,8.7562719100631,0,35.804153614717,1,0,173.81741522717,1,,"",19.42987430792,0,2025-11-10 12:57:26
453,"2149",000000000840003260931385,2025-08-20 00:16:09,2025-08-20 00:21:35,00:04:58,13414.871404639,279.7762478495,0,6.3624263212137,0,35.746386249345,1,0,173.96353236932,1,,"",19.618358654107,0,2025-11-10 12:57:26
453,"2734",000000000840003238099191,2025-08-20 00:25:53,2025-08-20 00:29:22,00:02:13,13586.825933458,105.08537113421,0,11.758482911404,0,35.763754742182,1,0,173.94510313582,1,,"",19.632012522374,0,2025-11-10 12:57:26
453,"2761",000000000840003238099218,2025-08-20 00:33:40,2025-08-20 00:38:49,00:04:03,9086.5382140825,252.97327692777,0,2.5917501260915,0,35.572146320007,1,0,173.9224235742,1,,"",19.47614184946,0,2025-11-10 12:57:26
453,"2401",000000000840003228065326,2025-08-20 01:07:32,2025-08-20 01:13:20,00:02:14,13045.226193413,269.59855688269,0,2.6469527692624,0,35.79950114049,1,0,173.96000906048,1,,"",18.497490737963,0,2025-11-10 12:57:26
453,"2710",000000000840003238099167,2025-08-20 01:14:08,2025-08-20 01:18:56,00:04:44,9789.4795276559,267.64985534167,0,3.8145230055498,0,35.854161783175,1,0,173.87897653278,1,,"",18.511244314432,0,2025-11-10 12:57:26
453,"2525",000000000840003304248037,2025-08-20 01:29:55,2025-08-20 01:34:08,00:03:29,7750.3303198839,173.16972317741,0,4.595882390717,0,36.194238027525,1,0,173.83481739524,1,,"",17.763210200782,0,2025-11-10 12:57:26
453,"2707",000000000840003238099164,2025-08-20 02:31:01,2025-08-20 02:34:40,00:03:33,12339.446254864,384.84323727889,0,4.6211610643603,0,36.111382955198,1,0,174.00029352668,1,,"",16.156447075588,0,2025-11-10 12:57:26
453,"2241",000000000840003135191331,2025-08-20 02:36:00,2025-08-20 02:40:38,00:02:18,11441.445763783,67.341771806196,0,2.6581531376974,0,36.377203493426,1,0,173.85926919158,1,,"",16.380623329246,1,2025-12-10 14:20:33
453,"2241",000000000840003135191331,2025-08-20 02:37:35,2025-08-20 02:41:52,00:02:23,10650.220575503,92.493548018823,0,2.2516473493621,0,36.536060670722,1,0,174.16251607536,1,,"",16.369255822953,0,2025-11-10 12:57:26
453,"2300",000000000840003135191403,2025-08-20 02:56:04,2025-08-20 03:00:16,00:03:28,9394.7842161042,150.77824310127,0,7.0123613448603,0,36.038799187159,1,0,174.18612370153,1,,"",16.212875239642,0,2025-11-10 12:57:26
453,"2708",000000000840003238099165,2025-08-20 03:05:51,2025-08-20 03:09:23,00:02:35,9284.4717285811,128.05890201479,0,6.7892917464863,0,35.645765815067,1,0,174.17794295734,1,,"",16.490831253892,0,2025-11-10 12:57:26
453,"2130",000000000840003199916767,2025-08-20 03:24:05,2025-08-20 03:27:52,00:03:43,11573.829181891,377.47773337664,0,1.684030511193,0,35.881974750226,1,0,174.38082148526,1,,"",16.083424250608,0,2025-11-10 12:57:26
453,"2274",000000000840003135191372,2025-08-20 03:30:03,2025-08-20 03:35:15,00:05:06,12324.348425672,371.55693237992,0,2.7375942023555,0,35.947449820878,1,0,174.08184455211,1,,"",16.196584342349,0,2025-11-10 12:57:26
453,"2761",000000000840003238099218,2025-08-20 04:40:40,2025-08-20 04:45:05,00:02:58,9968.678073041,261.18371357623,0,3.6014091424767,0,35.898475202021,1,0,174.53002440457,1,,"",14.481630293277,0,2025-11-10 12:57:26
453,"2615",000000000840003238099072,2025-08-20 05:31:00,2025-08-20 05:35:11,00:03:05,11024.332319012,284.00641629548,0,0.22610341803271,0,35.750490747773,1,0,174.14728953039,1,,"",14.610926874002,0,2025-11-10 12:57:26
453,"2494",000000000840003220158349,2025-08-20 06:01:29,2025-08-20 06:06:18,00:03:41,7581.1590632546,128.43341765055,0,0.19612159958429,0,35.681696657466,1,0,174.20220140821,1,,"",15.580296400656,0,2025-11-10 12:57:26
453,"2259",000000000840003135191352,2025-08-20 07:50:06,2025-08-20 07:55:24,00:05:08,8262.4670302947,101.77199772012,0,0.10300859583246,0,35.713525093465,1,0,174.12013454225,1,,"",14.977856695403,0,2025-11-10 12:57:26
453,"2259",000000000840003135191352,2025-08-20 07:50:07,2025-08-20 07:55:09,00:02:30,9179.3915553772,123.02041706148,0,0.095554708150214,0,35.695689596649,1,0,173.91169406611,1,,"",14.967999304734,1,2025-12-10 14:20:33
453,"1948",000000000840003135191614,2025-08-20 08:42:08,2025-08-20 08:47:15,00:02:46,8575.5411413396,88.15776567,0,1.8955299770788,0,35.692684245281,1,0,174.16761648469,1,,"",15.339331190055,0,2025-11-10 12:57:26
453,"2502",000000000840003220158357,2025-08-20 09:04:22,2025-08-20 09:08:59,00:04:33,12895.173876955,325.77723302193,0,3.4003509428422,0,35.833425209253,1,0,174.35372290044,1,,"",15.542965245149,0,2025-11-10 12:57:26
453,"2749",000000000840003238099206,2025-08-20 09:20:11,2025-08-20 09:25:56,00:04:40,11375.152833647,183.34923259583,0,6.2255822530612,0,36.03553904296,1,0,174.14312244132,1,,"",15.564935642302,0,2025-11-10 12:57:26
453,"2770",000000000840003238099227,2025-08-20 09:27:12,2025-08-20 09:30:43,00:02:06,10083.842482109,258.27935709764,0,1.2038967481946,0,35.648144408896,1,0,174.14529701968,1,,"",15.555802631635,0,2025-11-10 12:57:26
453,"2281",000000000840003135191380,2025-08-20 09:31:15,2025-08-20 09:37:23,00:02:53,8507.6498159124,102.86531625736,0,4.9828411601567,0,35.809825389174,1,0,174.10524472562,1,,"",15.40759277831,0,2025-11-10 12:57:26
453,"2734",000000000840003238099191,2025-08-20 09:43:40,2025-08-20 09:46:24,00:02:05,12833.751917427,42.186098421565,0,15.193620788293,0,35.786520398751,1,0,173.70496206321,1,,"",15.093714851062,0,2025-11-10 12:57:26
453,"2264",000000000840003135191358,2025-08-20 09:46:31,2025-08-20 09:49:59,00:03:20,11076.714107888,199.6914623433,0,6.9646668299616,0,35.896115377589,1,0,174.37328795771,1,,"",15.067348900154,0,2025-11-10 12:57:26
453,"2710",000000000840003238099167,2025-08-20 11:36:15,2025-08-20 11:39:12,00:02:54,7649.3904624802,162.5337478787,0,1.1294739399637,0,35.748398471319,1,0,174.37006629112,1,,"",15.722602451198,0,2025-11-10 12:57:26
453,"2708",000000000840003238099165,2025-08-20 12:06:35,2025-08-20 12:10:35,00:03:17,10141.145634617,184.29583049817,0,9.0783976159413,0,35.706558388595,1,0,174.26626634078,1,,"",15.986651826299,0,2025-11-10 12:57:26
453,"2494",000000000840003220158349,2025-08-20 12:23:03,2025-08-20 12:26:25,00:02:52,9592.2327696909,195.82809460767,0,0.43266629483913,0,35.640955934537,1,0,174.302638713,1,,"",16.11511909735,0,2025-11-10 12:57:26
453,"2615",000000000840003238099072,2025-08-20 13:49:02,2025-08-20 13:53:02,00:03:05,10986.233409872,299.27703423055,0,0.33105468413065,0,35.757209523211,1,0,174.34939329243,1,,"",16.986703235281,0,2025-11-10 12:57:26
453,"2300",000000000840003135191403,2025-08-20 14:20:39,2025-08-20 14:25:32,00:02:09,10450.181231811,96.677562031986,0,3.2060230811191,0,35.997514616257,1,0,174.04816692454,1,,"",17.456540021461,0,2025-11-10 12:57:26
453,"2671",000000000840003135191701,2025-08-20 14:58:07,2025-08-20 15:00:34,00:02:18,11170.558227802,306.73298663214,0,3.8245461416245,0,36.15711338779,1,0,173.77202794951,1,,"",17.665172236902,0,2025-11-10 12:57:26
453,"2260",000000000840003135191714,2025-08-20 15:11:17,2025-08-20 15:16:45,00:02:43,12382.588677254,280.28242310393,0,10.032668197792,0,35.933110767484,1,0,173.96835130943,1,,"",17.758705472042,0,2025-11-10 12:57:26
453,"2274",000000000840003135191372,2025-08-20 15:17:20,2025-08-20 15:19:47,00:02:24,14603.491970766,513.33465632999,0,5.9064188146198,0,35.972829052864,1,0,174.39203642839,1,,"",17.907640455981,0,2025-11-10 12:57:26
453,"2281",000000000840003135191380,2025-08-20 15:19:57,2025-08-20 15:22:51,00:02:25,8686.1200883436,94.252770892486,0,4.1302648915032,0,36.014869958515,1,0,174.33100027782,1,,"",18.051593063177,0,2025-11-10 12:57:26
453,"2502",000000000840003220158357,2025-08-20 15:39:56,2025-08-20 15:45:00,00:04:58,12712.859703999,371.27931643217,0,2.3871096922424,0,35.948879485691,1,0,174.30111236699,1,,"",17.862646640726,0,2025-11-10 12:57:26
453,"2734",000000000840003238099191,2025-08-20 16:11:41,2025-08-20 16:16:13,00:03:26,11820.472330293,79.737536731055,0,12.247740060899,0,36.087727642621,1,0,174.25546531213,1,,"",17.703026640687,0,2025-11-10 12:57:26
453,"2401",000000000840003228065326,2025-08-20 16:40:56,2025-08-20 16:46:26,00:04:16,12156.000023915,331.17666386441,0,2.4888814987748,0,35.808331233915,1,0,174.21759025403,1,,"",17.605038383776,0,2025-11-10 12:57:26
453,"2247",000000000840003135191337,2025-08-20 19:33:47,2025-08-20 19:38:11,00:03:48,11231.098884092,324.41040651584,0,2.9233290302162,0,35.526587743449,1,0,174.29381050348,1,,"",15.59367163453,0,2025-11-10 12:57:26
453,"2300",000000000840003135191403,2025-08-21 00:28:26,2025-08-21 00:34:36,00:03:48,11281.794729705,238.29358227508,0,7.7741170837866,0,36.160683668979,1,0,174.46207452479,1,,"",14.87107802929,0,2025-11-10 12:57:26
453,"2391",000000000840003135191436,2025-08-21 00:43:23,2025-08-21 00:47:52,00:02:06,8264.7770675662,161.17174997633,0,4.9271351082151,0,35.596228690164,1,0,173.9769326303,1,,"",14.867784797948,0,2025-11-10 12:57:26
453,"2749",000000000840003238099206,2025-08-21 00:51:02,2025-08-21 00:55:05,00:03:59,10544.990846854,193.55775507303,0,3.9486071263751,0,35.5672091189,1,0,174.33005931507,1,,"",14.906054098648,0,2025-11-10 12:57:26
453,"2615",000000000840003238099072,2025-08-21 01:07:03,2025-08-21 01:12:14,00:03:54,13412.492527787,344.00352524615,0,2.9752639345933,0,35.491046818453,1,0,174.20123659305,1,,"",14.875514418853,0,2025-11-10 12:57:26
453,"2247",000000000840003135191337,2025-08-21 01:13:00,2025-08-21 01:18:59,00:02:13,10746.311442101,197.34173131262,0,1.6415350478765,0,35.495986730714,1,0,174.13491095501,1,,"",15.202116027966,0,2025-11-10 12:57:26
453,"2710",000000000840003238099167,2025-08-21 01:19:00,2025-08-21 01:23:43,00:04:36,7349.183704861,166.1626322749,0,6.6982104706032,0,35.554911252744,1,0,174.38343428704,1,,"",15.147517119727,0,2025-11-10 12:57:26
453,"2671",000000000840003135191701,2025-08-21 02:49:36,2025-08-21 02:53:38,00:03:51,11312.086872335,224.36845732995,0,9.3957805621553,0,35.580245998522,1,0,174.34870447676,1,,"",14.01120394609,0,2025-11-10 12:57:26
453,"2260",000000000840003135191714,2025-08-21 03:04:50,2025-08-21 03:07:31,00:02:38,12104.419873916,345.87007951711,0,8.3276226931624,0,36.164044234403,1,0,174.21638913926,1,,"",14.592191442918,0,2025-11-10 12:57:26
453,"2502",000000000840003220158357,2025-08-21 03:24:24,2025-08-21 03:27:54,00:03:27,12191.508124686,397.4425663595,0,3.3541012999259,0,35.583209027134,1,0,174.27818877864,1,,"",14.883108795646,0,2025-11-10 12:57:26
453,"2130",000000000840003199916767,2025-08-21 04:34:23,2025-08-21 04:39:56,00:03:01,9317.4164328578,116.41679439773,0,0.11014194708299,0,35.455043200254,1,0,174.45491464525,1,,"",13.835197356009,0,2025-11-10 12:57:26
453,"2260",000000000840003135191714,2025-08-21 05:29:34,2025-08-21 05:31:55,00:02:06,7986.918787925,181.96036978518,0,0.16770286753242,0,35.685900701265,1,0,174.13440590047,1,,"",13.739064562649,0,2025-11-10 12:57:26
453,"2761",000000000840003238099218,2025-08-21 05:42:41,2025-08-21 05:45:08,00:02:26,8564.1184367713,198.84001094044,0,1.0387536539915,0,35.610203464984,1,0,174.09100880489,1,,"",13.984933340151,0,2025-11-10 12:57:26
453,"2615",000000000840003238099072,2025-08-21 06:02:12,2025-08-21 06:07:09,00:04:52,9470.3711139194,227.31037122177,0,0,0,35.563132644825,1,0,174.24395016611,1,,"",14.548588945214,0,2025-11-10 12:57:26
453,"2749",000000000840003238099206,2025-08-21 07:59:33,2025-08-21 08:03:39,00:04:01,8421.452421252,221.90362317627,0,0.51085405805658,0,35.457440662548,1,0,173.99307265409,1,,"",14.318655505332,0,2025-11-10 12:57:26
453,"2684",000000000840003238099141,2025-08-21 08:53:36,2025-08-21 08:59:34,00:03:53,10329.051806148,215.13548652678,0,2.9151156872547,0,35.474703427661,1,0,174.37062079393,1,,"",15.390828730003,0,2025-11-10 12:57:26
453,"2502",000000000840003220158357,2025-08-21 09:06:51,2025-08-21 09:11:03,00:04:08,12207.133601869,357.62910155079,0,2.7682999152525,0,35.455216889106,1,0,174.20645471679,1,,"",15.289028095731,0,2025-11-10 12:57:26
453,"2710",000000000840003238099167,2025-08-21 11:30:31,2025-08-21 11:34:40,00:03:51,11410.018588749,350.84478777495,0,6.436399987514,0,35.393710678502,1,0,174.34171327768,1,,"",16.818184473994,0,2025-11-10 12:57:26
453,"2274",000000000840003135191372,2025-08-21 12:22:12,2025-08-21 12:27:09,00:04:52,14594.410433986,315.72631193293,0,10.654213120811,0,35.317403642982,1,0,174.23056073512,1,,"",18.274363580394,0,2025-11-10 12:57:26
453,"2525",000000000840003304248037,2025-08-21 12:34:30,2025-08-21 12:39:10,00:04:36,9901.8236507566,272.17705134911,0,1.1496461905718,0,35.453548358337,1,0,173.99515305752,1,,"",18.630565060785,0,2025-11-10 12:57:26
453,"2761",000000000840003238099218,2025-08-21 12:58:50,2025-08-21 13:08:21,00:02:18,12467.592683583,280.27010378769,0,6.5203656327365,0,35.152317357855,1,0,174.18452891139,1,,"",18.837782270517,0,2025-11-10 12:57:26
453,"2749",000000000840003238099206,2025-08-21 13:11:19,2025-08-21 13:15:37,00:03:19,13861.555879949,194.44167388601,0,6.2812736656755,0,35.279188259081,1,0,173.9261366124,1,,"",19.156645723651,0,2025-11-10 12:57:26
453,"2615",000000000840003238099072,2025-08-21 13:20:43,2025-08-21 13:26:25,00:05:35,11190.858373951,342.04085289646,0,0.67857202281786,0,35.262665350973,1,0,174.21656301236,1,,"",19.736138860309,0,2025-11-10 12:57:26
453,"2734",000000000840003238099191,2025-08-21 13:46:59,2025-08-21 13:52:51,00:03:07,13642.885996168,221.68178575303,0,9.3520772833193,0,35.323892871657,1,0,173.87662552633,1,,"",20.317009214292,0,2025-11-10 12:57:26
453,"2760",000000000840003238099217,2025-08-21 13:54:21,2025-08-21 13:58:43,00:04:15,11818.785022407,363.42425474178,0,3.0244979991671,0,36.111049295483,1,0,174.27493214759,1,,"",20.655534712521,0,2025-11-10 12:57:26
453,"2260",000000000840003135191714,2025-08-21 15:05:10,2025-08-21 15:11:54,00:02:10,13234.281876389,299.34316207784,0,2.8751074601638,0,35.68766923419,1,0,174.20328000477,1,,"",21.663249251649,0,2025-11-10 12:57:26
453,"2671",000000000840003135191701,2025-08-21 17:17:56,2025-08-21 17:21:19,00:03:07,12697.319091668,303.7321902377,0,3.9352598829384,0,35.161946436106,1,0,173.97612197786,1,,"",21.132795800451,0,2025-11-10 12:57:26
453,"2247",000000000840003135191337,2025-08-21 19:27:28,2025-08-21 19:30:18,00:02:48,12918.373625469,384.73424230264,0,3.4111912520312,0,35.204522267373,1,0,173.80095030702,1,,"",20.586322734615,0,2025-11-10 12:57:26
453,"2274",000000000840003135191372,2025-08-21 20:15:20,2025-08-21 20:20:03,00:04:38,15385.536546187,262.56631988408,0,12.333008568437,0,35.32966367986,1,0,173.80370138183,1,,"",18.282697078349,0,2025-11-10 12:57:26
453,"2761",000000000840003238099218,2025-08-21 21:06:47,2025-08-21 21:12:51,00:04:28,13505.653918259,316.29801376248,0,8.8233791931372,0,35.252271493517,1,0,174.10554814774,1,,"",16.643193380699,0,2025-11-10 12:57:26
453,"2655",000000000840003238099112,2025-08-21 23:25:34,2025-08-21 23:29:04,00:03:26,15556.273826531,489.88045692399,0,9.3848853616505,0,34.883646538866,1,0,174.22801591187,1,,"",14.287256745826,0,2025-11-10 12:57:26
453,"2655",000000000840003238099112,2025-08-21 23:26:25,2025-08-21 23:29:04,00:02:24,16528.347212983,495.40151357559,0,10.013741144527,0,34.907702217679,1,0,174.42895735939,1,,"",14.350024690624,1,2025-12-10 14:20:33
453,"2247",000000000840003135191337,2025-08-21 23:57:36,2025-08-22 00:05:23,00:05:42,14215.490699123,388.16087790431,0,3.9363223605917,0,34.89865102291,1,0,174.2249009096,1,,"",14.047320498866,0,2025-11-10 12:57:26
453,"2734",000000000840003238099191,2025-08-22 00:30:10,2025-08-22 00:35:00,00:04:38,13478.976499352,169.3718007024,0,11.257819528357,0,35.492668754095,1,0,174.02046234808,1,,"",13.858801253746,0,2025-11-10 12:57:26
453,"2461",000000000840003304248052,2025-08-22 00:35:45,2025-08-22 00:40:16,00:03:57,13464.497924369,306.10119146153,0,2.4691981169029,0,36.385883628981,1,0,173.95035380154,1,,"",14.168504235791,0,2025-11-10 12:57:26
453,"2264",000000000840003135191358,2025-08-22 00:46:41,2025-08-22 00:50:26,00:03:32,12497.475844157,178.83377537312,0,7.8355171674845,0,36.325438713802,1,0,174.14006565698,1,,"",13.895035442863,0,2025-11-10 12:57:26
453,"2852",000000000840003256052743,2025-08-22 01:54:23,2025-08-22 01:58:49,00:04:21,12397.92164553,356.43065416092,0,1.2446711415226,0,36.057437500404,1,0,174.42044831457,1,,"",12.603373668265,0,2025-11-10 12:57:26
453,"2708",000000000840003238099165,2025-08-22 02:17:44,2025-08-22 02:19:58,00:02:12,10326.341734691,203.7934464467,0,6.3585678120861,0,36.058015582405,1,0,174.39442300224,1,,"",12.568644616333,0,2025-11-10 12:57:26
453,"2721",000000000840003135191704,2025-08-22 02:27:01,2025-08-22 02:29:33,00:02:30,12754.217472011,337.54526875049,0,7.998065181262,0,35.314664476192,1,0,174.28465864431,1,,"",13.249983021348,0,2025-11-10 12:57:26
453,"2710",000000000840003238099167,2025-08-22 02:30:06,2025-08-22 02:35:01,00:04:43,11763.321838618,270.00894965172,0,8.3312184026678,0,35.238859450398,1,0,174.14947320678,1,,"",13.516236861227,0,2025-11-10 12:57:26
453,"2502",000000000840003220158357,2025-08-22 02:39:15,2025-08-22 02:42:55,00:03:16,14138.329155995,388.60633774188,0,2.1571715355322,0,35.10080878339,1,0,174.34760998935,1,,"",13.388549520119,0,2025-11-10 12:57:26
453,"2760",000000000840003238099217,2025-08-22 02:49:01,2025-08-22 02:51:59,00:02:44,12537.55342601,338.72745080725,0,2.9573494027493,0,35.320148313237,1,0,174.17897762433,1,,"",12.944825748836,0,2025-11-10 12:57:26
453,"2734",000000000840003238099191,2025-08-22 07:44:18,2025-08-22 07:48:51,00:03:52,9705.3899973909,174.68546912445,0,0.20830534404937,0,35.287482425122,1,0,174.16561964455,1,,"",14.981634852295,0,2025-11-10 12:57:26
453,"2502",000000000840003220158357,2025-08-22 08:26:55,2025-08-22 08:31:32,00:04:32,14423.763077679,353.68321338563,0,5.5769221227964,0,35.165791404712,1,0,174.12691452412,1,,"",15.960086771507,0,2025-11-10 12:57:26
453,"2501",000000000840003135191705,2025-08-22 08:40:43,2025-08-22 08:45:48,00:05:00,12025.505175532,359.61706230456,0,4.7602425429799,0,35.28686434094,1,0,174.09776195079,1,,"",16.430458616274,0,2025-11-10 12:57:26
453,"2260",000000000840003135191714,2025-08-22 09:02:27,2025-08-22 09:07:56,00:03:28,14827.437492648,368.59203704822,0,2.4481355241803,0,35.29275065822,1,0,174.50389958103,1,,"",16.73032049854,0,2025-11-10 12:57:26
453,"2749",000000000840003238099206,2025-08-22 09:08:31,2025-08-22 09:13:22,00:04:10,12096.310790899,311.59262254755,0,1.4958230680576,0,35.207506253977,1,0,174.35108543146,1,,"",16.92612557043,0,2025-11-10 12:57:26
453,"2761",000000000840003238099218,2025-08-22 09:39:59,2025-08-22 09:45:21,00:04:32,9213.8863046234,270.33133465606,0,1.5475306908086,0,35.150343231494,1,0,173.82249698033,1,,"",16.847632234491,0,2025-11-10 12:57:26
453,"1856",000000000840003135191446,2025-08-22 11:01:12,2025-08-22 11:06:08,00:03:52,11236.065320993,305.68059070976,0,1.9238233005209,0,35.432013393787,1,0,174.29872843608,1,,"",18.603743543611,0,2025-11-10 12:57:26
453,"2264",000000000840003135191358,2025-08-22 11:09:18,2025-08-22 11:13:32,00:03:50,12501.441199304,301.40016525639,0,5.2665041676402,0,35.251918252674,1,0,174.05782096876,1,,"",19.447303043181,0,2025-11-10 12:57:26
453,"2461",000000000840003304248052,2025-08-22 11:14:33,2025-08-22 11:18:35,00:02:48,13406.159347799,485.08550784704,0,2.9405920944315,0,35.209764399326,1,0,174.04798809198,1,,"",19.919452423961,0,2025-11-10 12:57:26
453,"2671",000000000840003135191701,2025-08-22 11:26:08,2025-08-22 11:28:18,00:02:08,12519.377773478,430.52850243041,0,3.8502120967148,0,35.149203329437,1,0,174.3532166358,1,,"",20.388142407062,0,2025-11-10 12:57:26
453,"2772",000000000840003238099229,2025-08-22 12:30:15,2025-08-22 12:35:24,00:05:01,11886.459988248,277.78756228936,0,2.65716418924,0,35.016934451801,1,0,174.05484092036,1,,"",22.349590189025,0,2025-11-10 12:57:26
453,"2774",000000000840003238099231,2025-08-22 13:04:43,2025-08-22 13:09:18,00:02:13,12807.25940558,430.56006201113,0,3.2052214644423,0,35.30036866986,1,0,174.14973137785,1,,"",23.20192709452,0,2025-11-10 12:57:26
453,"2338",000000000840003207699496,2025-08-22 13:23:16,2025-08-22 13:27:48,00:04:25,13576.413848122,300.86938899528,0,9.7514616522076,0,35.112147136817,1,0,174.02773893351,1,,"",23.250868321193,0,2025-11-10 12:57:26
453,"2734",000000000840003238099191,2025-08-22 13:40:02,2025-08-22 13:43:12,00:02:54,14634.369580542,340.83354711169,0,8.3139638048915,0,35.047954567792,1,0,173.80044573734,1,,"",23.718188861212,0,2025-11-10 12:57:26
453,"2260",000000000840003135191714,2025-08-22 13:43:18,2025-08-22 13:46:46,00:03:09,14740.808776091,410.70256838694,0,3.3885471154879,0,34.957077915921,1,0,173.21677987959,1,,"",24.031473609045,0,2025-11-10 12:57:26
453,"2149",000000000840003260931385,2025-08-22 13:56:37,2025-08-22 14:02:46,00:05:32,14529.849019173,524.44027445865,0,2.5491669852317,0,34.930602152987,1,0,173.78555881362,1,,"",24.214243558563,0,2025-11-10 12:57:26
453,"2525",000000000840003304248037,2025-08-22 14:14:01,2025-08-22 14:19:44,00:03:21,12341.623296876,284.05388447598,0,2.7232923717392,0,35.131694828368,1,0,173.54843073252,1,,"",24.634239598269,0,2025-11-10 12:57:26
453,"2274",000000000840003135191372,2025-08-22 15:20:39,2025-08-22 15:25:47,00:02:03,15701.970074487,350.51976007434,0,5.8098709082253,0,35.03164558232,1,0,173.51344583587,1,,"",24.381652185731,1,2025-12-10 14:20:33
453,"2274",000000000840003135191372,2025-08-22 15:21:06,2025-08-22 15:26:29,00:05:17,15948.900919137,378.73302683193,0,6.4904724798155,0,35.056030906902,1,0,173.68619089352,1,,"",24.431457515143,0,2025-11-10 12:57:26
453,"2401",000000000840003228065326,2025-08-22 15:33:15,2025-08-22 15:38:55,00:03:58,12878.852306463,318.05155926943,0,5.6625397963097,0,35.033460810054,1,0,173.81166426005,1,,"",24.493879586957,0,2025-11-10 12:57:26
453,"2749",000000000840003238099206,2025-08-22 16:13:23,2025-08-22 16:18:30,00:04:55,14568.152287943,280.46882967676,0,9.4068659070352,0,35.046720007403,1,0,173.74109011172,1,,"",24.422655381301,0,2025-11-10 12:57:26
453,"2721",000000000840003135191704,2025-08-22 16:47:39,2025-08-22 16:56:03,00:03:01,11257.566342279,209.44997247405,0,4.8016664629875,0,35.159810004056,1,0,173.84301857983,1,,"",24.984531447929,0,2025-11-10 12:57:26
453,"2502",000000000840003220158357,2025-08-22 19:12:01,2025-08-22 19:15:13,00:03:09,18270.349485468,561.22848615461,0,3.6818012320643,0,35.089669307238,1,0,173.55941546573,1,,"",24.072555346045,0,2025-11-10 12:57:26
453,"2281",000000000840003135191380,2025-08-22 20:14:51,2025-08-22 20:19:26,00:02:28,10715.011988505,188.62109893351,0,8.7429818183779,0,35.424825607396,1,0,173.33528403988,1,,"",20.097334560989,0,2025-11-10 12:57:26
453,"2710",000000000840003238099167,2025-08-22 20:57:29,2025-08-22 20:59:37,00:02:06,10436.409812268,287.60819156285,0,6.4692444002597,0,35.375186564044,1,0,174.06014952563,1,,"",18.527352105775,0,2025-11-10 12:57:26
453,"2502",000000000840003220158357,2025-08-23 00:00:02,2025-08-23 00:05:01,00:04:54,12422.568569655,354.70131941989,0,2.4933248761005,0,35.443031984491,1,0,174.01852595399,1,,"",14.252227099712,0,2025-11-10 12:57:26
453,"2852",000000000840003256052743,2025-08-23 00:22:44,2025-08-23 00:27:54,00:04:59,12367.249099372,162.78488341029,0,9.3252908688406,0,35.25383410305,1,0,174.36301464459,1,,"",14.563519751722,0,2025-11-10 12:57:26
453,"2241",000000000840003135191331,2025-08-23 02:34:31,2025-08-23 02:36:36,00:02:04,15381.175340104,572.39439210217,0,4.2224643050989,0,35.686530466776,1,0,174.07028212204,1,,"",13.197907222498,0,2025-11-10 12:57:26
453,"2761",000000000840003238099218,2025-08-23 03:07:03,2025-08-23 03:10:36,00:03:31,9404.7537006622,305.49693083049,0,4.5912207418742,0,35.21161814296,1,0,174.25121445073,1,,"",13.603422092701,0,2025-11-10 12:57:26
453,"2149",000000000840003260931385,2025-08-23 07:22:02,2025-08-23 07:25:59,00:03:53,12077.513486439,449.86548342112,0,0.35065113593423,0,35.108647002659,1,0,174.26398254497,1,,"",14.102568945093,0,2025-11-10 12:57:26
453,"2760",000000000840003238099217,2025-08-23 07:32:28,2025-08-23 07:37:40,00:04:49,7344.9051423403,146.916697458,0,0.075509595746622,0,35.114151651803,1,0,174.07109335616,1,,"",14.732858141616,0,2025-11-10 12:57:26
453,"2502",000000000840003220158357,2025-08-23 07:43:25,2025-08-23 07:47:31,00:04:03,9199.4763341237,207.44172466153,0,0.11717179560308,0,35.025482193601,1,0,174.10405344566,1,,"",15.417045801996,0,2025-11-10 12:57:26
453,"2494",000000000840003220158349,2025-08-23 07:48:52,2025-08-23 07:53:55,00:03:29,7600.5726845488,148.48893230467,0,0.22573597584455,0,35.116651686567,1,0,174.28976679751,1,,"",15.997991705505,0,2025-11-10 12:57:26
453,"2684",000000000840003238099141,2025-08-23 08:44:57,2025-08-23 08:50:12,00:04:32,9942.7349551058,309.61388029074,0,1.4780057773078,0,35.219002605871,1,0,173.96084987016,1,,"",17.960197200637,0,2025-11-10 12:57:26
453,"2734",000000000840003238099191,2025-08-23 08:55:18,2025-08-23 09:01:39,00:03:14,11917.732174814,239.81206565899,0,3.818737723394,0,35.076468562488,1,0,174.09172155009,1,,"",18.37892273782,0,2025-11-10 12:57:26
453,"2780",000000000840003238099237,2025-08-23 09:02:44,2025-08-23 09:07:43,00:04:54,11008.229912512,294.71916853437,0,2.6274752766291,0,34.992666923069,1,0,174.28784949576,1,,"",18.753250872802,0,2025-11-10 12:57:26
453,"2749",000000000840003238099206,2025-08-23 09:08:17,2025-08-23 09:13:52,00:05:27,9329.6814354671,238.36569440132,0,2.3602157648652,0,35.046860365302,1,0,174.24369284414,1,,"",19.105280111552,0,2025-11-10 12:57:26
453,"2300",000000000840003135191403,2025-08-23 09:24:58,2025-08-23 09:28:46,00:02:32,7721.8652662076,159.91440395354,0,1.4449373791621,0,35.035296598765,1,0,174.13311751499,1,,"",19.390719433686,0,2025-11-10 12:57:26
453,"2274",000000000840003135191372,2025-08-23 11:25:52,2025-08-23 11:29:47,00:03:51,13148.748107453,363.09127318626,0,9.4535467860797,0,35.044238524772,1,0,174.00843405729,1,,"",23.08328242861,0,2025-11-10 12:57:26
453,"2323",000000000840003207699481,2025-08-23 11:42:23,2025-08-23 11:48:10,00:03:27,8489.6121788991,136.26567080168,0,9.0798995968424,0,35.050202284908,1,0,173.90059183539,1,,"",23.574516491837,0,2025-11-10 12:57:26
453,"2615",000000000840003238099072,2025-08-23 12:04:55,2025-08-23 12:09:15,00:04:16,9065.4923751453,236.75923701359,0,1.8436736784667,0,35.388550242218,1,0,173.89463332258,1,,"",23.756317595695,0,2025-11-10 12:57:26
453,"2760",000000000840003238099217,2025-08-23 12:21:12,2025-08-23 12:25:49,00:03:16,9955.5612638632,324.65071593668,0,1.5793587291325,0,35.341776795277,1,0,174.00423832626,1,,"",23.767070627806,0,2025-11-10 12:57:26
453,"2710",000000000840003238099167,2025-08-23 13:07:53,2025-08-23 13:12:44,00:04:46,8584.6422071346,278.44475902577,0,2.7071257799694,0,35.116931563159,1,0,174.0402870761,1,,"",24.514683637492,0,2025-11-10 12:57:26
453,"2773",000000000840003238099230,2025-08-23 13:30:31,2025-08-23 13:34:44,00:02:32,6063.5422407921,110.81869886569,0,1.4461856042674,0,35.120903981401,1,0,173.87944871751,1,,"",24.661323373656,0,2025-11-10 12:57:26
453,"2707",000000000840003238099164,2025-08-23 13:38:39,2025-08-23 13:44:52,00:05:02,6471.3929911971,28.82125865324,0,10.45057203651,0,35.403022362203,1,0,173.96241144585,1,,"",24.804613411225,0,2025-11-10 12:57:26
453,"2734",000000000840003238099191,2025-08-23 13:45:07,2025-08-23 13:50:50,00:02:30,7932.5036676758,130.28850128893,0,7.7629160411618,0,35.500676334948,1,0,173.78172348034,1,,"",24.837370255845,0,2025-11-10 12:57:26
453,"2761",000000000840003238099218,2025-08-23 13:50:51,2025-08-23 13:54:28,00:03:27,8109.8518994317,204.12041200519,0,4.4239974539568,0,35.256697272468,1,0,173.62353289657,1,,"",24.770182335358,0,2025-11-10 12:57:26
453,"2708",000000000840003238099165,2025-08-23 14:01:57,2025-08-23 14:05:45,00:02:59,8433.144702583,138.41744161584,0,8.8334814725415,0,35.155901366523,1,0,173.42449913481,1,,"",24.791925222294,0,2025-11-10 12:57:26
453,"2300",000000000840003135191403,2025-08-23 14:09:43,2025-08-23 14:13:37,00:02:53,7342.3552466629,127.5575810003,0,3.1987741983167,0,35.133004568697,1,0,173.56105961487,1,,"",25.047312962261,0,2025-11-10 12:57:26
453,"2684",000000000840003238099141,2025-08-23 14:59:50,2025-08-23 15:03:54,00:03:32,9984.5065833999,205.62490719894,0,7.799777072777,0,34.868563130832,1,0,173.67694562694,1,,"",25.984388836951,0,2025-11-10 12:57:26
453,"2502",000000000840003220158357,2025-08-23 15:17:17,2025-08-23 15:21:41,00:04:18,11701.790610464,310.04584863783,0,4.3468629029253,0,35.121289336632,1,0,173.62274979621,1,,"",25.906085177873,0,2025-11-10 12:57:26
453,"2247",000000000840003135191337,2025-08-23 16:46:15,2025-08-23 16:50:43,00:04:11,8045.0699324236,229.0821599247,0,1.992277945713,0,34.940201658228,1,0,173.59541598586,1,,"",26.805562039131,0,2025-11-10 12:57:26
453,"2749",000000000840003238099206,2025-08-23 17:05:25,2025-08-23 17:09:13,00:03:43,11315.646635415,289.81008994745,0,9.4524769228011,0,35.070985336563,1,0,173.72333759413,1,,"",26.544531836099,0,2025-11-10 12:57:26
453,"2710",000000000840003238099167,2025-08-23 19:05:45,2025-08-23 19:09:55,00:04:05,8747.6810722105,191.01647298188,0,5.1219588738642,0,34.877397227888,1,0,173.5868198452,1,,"",24.868225784844,0,2025-11-10 12:57:26
453,"2655",000000000840003238099112,2025-08-23 19:21:38,2025-08-23 19:26:53,00:05:08,12171.617551258,195.54376368391,0,10.381457645855,0,35.136119977507,1,0,173.42659388937,1,,"",24.454522555424,0,2025-11-10 12:57:26
453,"2780",000000000840003238099237,2025-08-23 19:33:12,2025-08-23 19:37:13,00:03:57,13460.510510459,256.66920086937,0,9.9100155785346,0,34.994576211193,1,0,173.51948855407,1,,"",24.283291875243,0,2025-11-10 12:57:26
453,"2274",000000000840003135191372,2025-08-23 20:09:25,2025-08-23 20:11:37,00:02:10,13330.994980367,430.73450237499,0,8.5517351022999,0,35.098593264503,1,0,173.7147433861,1,,"",23.136572261713,0,2025-11-10 12:57:26
453,"2684",000000000840003238099141,2025-08-23 22:57:44,2025-08-23 23:00:28,00:02:42,9102.6805108465,180.73411595551,0,5.2245532657236,0,35.185196530439,1,0,173.60548297069,1,,"",20.067331120645,0,2025-11-10 12:57:26
453,"2525",000000000840003304248037,2025-08-24 00:15:16,2025-08-24 00:20:00,00:02:30,9983.6041508011,251.10318390944,0,5.3579525539069,0,35.300160984599,1,0,173.9452725763,1,,"",19.935820874501,0,2025-11-10 12:57:26
453,"2708",000000000840003238099165,2025-08-24 00:20:34,2025-08-24 00:25:06,00:03:01,9117.4092799798,156.69009221557,0,9.548655175112,0,35.130447628686,1,0,173.70582212593,1,,"",20.136198513077,0,2025-11-10 12:57:26
453,"2671",000000000840003135191701,2025-08-24 00:34:55,2025-08-24 00:39:21,00:04:20,10938.22632773,253.12258857611,0,7.2426451224159,0,34.956718109762,1,0,173.89365278264,1,,"",20.313028334974,0,2025-11-10 12:57:26
453,"2501",000000000840003135191705,2025-08-24 00:42:42,2025-08-24 00:46:56,00:04:05,8592.4769703155,195.06059841356,0,0.034125455399567,0,34.905092741078,1,0,173.81160324013,1,,"",20.332919558226,0,2025-11-10 12:57:26
453,"2698",000000000840003238099155,2025-08-24 02:10:48,2025-08-24 02:13:11,00:02:08,6833.186808094,150.65812317092,0,0.070824859888836,0,35.021905643247,1,0,171.39188567674,1,,"",19.47323938955,0,2025-11-10 12:57:26
453,"2264",000000000840003135191358,2025-08-24 02:26:53,2025-08-24 02:31:30,00:03:38,9327.1690532126,216.5215577693,0,8.0656980269056,0,35.041396237777,1,0,173.48779917584,1,,"",19.300443526393,0,2025-11-10 12:57:26
453,"2749",000000000840003238099206,2025-08-24 02:32:14,2025-08-24 02:35:34,00:03:16,15340.091000565,556.59200492705,0,8.0096907542615,0,34.997805016711,1,0,173.81523475628,1,,"",19.365252389613,0,2025-11-10 12:57:26
453,"2780",000000000840003238099237,2025-08-24 02:37:32,2025-08-24 02:39:49,00:02:15,10154.42668119,249.79712474455,0,4.3816723152328,0,35.045450006931,1,0,174.13015991559,1,,"",19.381016542781,0,2025-11-10 12:57:26
453,"2710",000000000840003238099167,2025-08-24 02:42:43,2025-08-24 02:45:42,00:02:55,10359.977421979,285.00533956317,0,6.1481028877973,0,35.049697809239,1,0,173.99246055327,1,,"",19.409641362717,0,2025-11-10 12:57:26
453,"2806",000000000840003256052697,2025-08-24 03:13:13,2025-08-24 03:18:28,00:03:53,7550.6167414014,256.28415592265,0,0.16795528337097,0,34.929154181924,1,0,173.93428533998,1,,"",18.376278745775,0,2025-11-10 12:57:26
453,"2684",000000000840003238099141,2025-08-24 05:07:13,2025-08-24 05:10:37,00:03:21,8323.885721691,180.60573987011,0,0.21413033197107,0,35.205913810109,1,0,174.12929140414,1,,"",17.860840807332,0,2025-11-10 12:57:26
453,"2281",000000000840003135191380,2025-08-24 05:37:30,2025-08-24 05:41:22,00:02:55,9848.2263618314,212.68668226261,0,10.72537868009,0,35.347062441785,1,0,174.10231322091,1,,"",18.09040889768,0,2025-11-10 12:57:26
453,"2494",000000000840003220158349,2025-08-24 06:43:05,2025-08-24 06:48:04,00:03:40,6647.3657217252,95.620602532392,0,0.001819855211926,0,35.399996580818,1,0,174.05209040887,1,,"",17.80858869791,0,2025-11-10 12:57:26
453,"2780",000000000840003238099237,2025-08-24 07:05:06,2025-08-24 07:09:42,00:04:21,9660.3428332994,217.12076108424,0,0.16019536157217,0,35.331223171854,1,0,174.14306403886,1,,"",18.073408557132,0,2025-11-10 12:57:26
453,"2749",000000000840003238099206,2025-08-24 07:44:06,2025-08-24 07:47:56,00:03:40,9644.0734473331,246.0501157055,0,0.29924215667404,0,35.030203566014,1,0,173.91388193961,1,,"",18.369196183897,0,2025-11-10 12:57:26
453,"2760",000000000840003238099217,2025-08-24 08:20:18,2025-08-24 08:23:49,00:02:20,7634.4178756001,166.41843779099,0,1.8891933204437,0,35.94867091757,1,0,174.30353067883,1,,"",19.131527209387,0,2025-11-10 12:57:26
453,"2401",000000000840003228065326,2025-08-24 08:44:46,2025-08-24 08:51:08,00:05:49,11089.952318885,285.53231869372,0,4.1607716363637,0,35.476279768556,1,0,173.92895039161,1,,"",19.938315558205,0,2025-11-10 12:57:26
453,"2274",000000000840003135191372,2025-08-24 08:52:33,2025-08-24 08:57:55,00:05:16,12199.133037739,327.82674777425,0,4.1867495305171,0,35.208688945275,1,0,174.1518461095,1,,"",20.143629408763,0,2025-11-10 12:57:26
453,"2749",000000000840003238099206,2025-08-24 09:21:33,2025-08-24 09:24:57,00:02:17,8721.2843116266,196.64025063603,0,0.23702340659551,0,38.731798642653,1,0,174.23397959194,1,,"",20.02781835003,0,2025-11-10 12:57:26
453,"2721",000000000840003135191704,2025-08-24 11:14:35,2025-08-24 11:17:40,00:02:16,10564.872228468,217.52622946755,0,5.9216733195195,0,39.112888810178,1,0,173.90103666702,1,,"",21.821709997033,0,2025-11-10 12:57:26
453,"2281",000000000840003135191380,2025-08-24 11:34:02,2025-08-24 11:38:33,00:02:06,10572.611249511,146.87857335486,0,4.8288092661462,0,38.840175752946,1,0,173.96833521931,1,,"",22.39102233743,0,2025-11-10 12:57:26
453,"2710",000000000840003238099167,2025-08-24 11:50:33,2025-08-24 11:55:04,00:04:26,9179.4539828004,286.52576221947,0,3.5921014182136,0,38.797779200415,1,0,173.91937108754,1,,"",22.767387931392,0,2025-11-10 12:57:26
453,"2323",000000000840003207699481,2025-08-24 12:54:43,2025-08-24 12:57:36,00:02:50,10612.918818728,290.01513917049,0,0.50636900953733,0,38.79927809622,1,0,173.80023290615,1,,"",23.876209220448,0,2025-11-10 12:57:26
453,"2574",000000000840003220158429,2025-08-24 13:02:47,2025-08-24 13:08:10,00:03:02,7576.7158485568,134.85702935666,0,0.70919669041833,0,38.758669025405,1,0,173.85222274402,1,,"",24.192081576282,0,2025-11-10 12:57:26
453,"2761",000000000840003238099218,2025-08-24 13:37:18,2025-08-24 13:39:38,00:02:17,9036.669999952,253.69501287257,0,4.2911831325339,0,38.693837398202,1,0,173.93834618002,1,,"",24.454800946358,0,2025-11-10 12:57:26
453,"2274",000000000840003135191372,2025-08-24 14:24:03,2025-08-24 14:26:22,00:02:17,14057.623300281,335.88863941386,0,10.652675125444,0,38.760712571737,1,0,173.75209044959,1,,"",25.164446164075,0,2025-11-10 12:57:26
453,"2247",000000000840003135191337,2025-08-24 14:31:40,2025-08-24 14:36:45,00:04:21,8773.0137486559,256.22953850008,0,1.586556728535,0,38.628084645274,1,0,173.87945862173,1,,"",25.396293392196,0,2025-11-10 12:57:26
453,"2698",000000000840003238099155,2025-08-24 14:49:52,2025-08-24 14:51:56,00:02:03,11471.927972982,378.40649935075,0,0.13010081409489,0,38.637528701605,1,0,173.86195104585,1,,"",25.461910200114,0,2025-11-10 12:57:26
453,"2149",000000000840003260931385,2025-08-24 14:52:29,2025-08-24 14:55:35,00:03:04,10477.106434408,277.81030388951,0,3.2153679980636,0,38.613563219635,1,0,173.87612417911,1,,"",25.598654939366,0,2025-11-10 12:57:26
453,"2401",000000000840003228065326,2025-08-24 14:58:35,2025-08-24 15:03:55,00:02:01,11769.773183194,207.11892868969,0,3.5016210515744,0,38.613994097083,1,0,173.9430810958,1,,"",25.754691231006,0,2025-11-10 12:57:26
453,"2494",000000000840003220158349,2025-08-24 15:43:24,2025-08-24 15:48:26,00:04:54,7227.9352298213,160.52023618219,0,3.0716610530883,0,38.558755259245,1,0,173.68647358408,1,,"",26.274016210332,0,2025-11-10 12:57:26
453,"2671",000000000840003135191701,2025-08-24 16:23:48,2025-08-24 16:28:27,00:02:52,10692.93387129,295.30611576861,0,7.0347256496837,0,38.609876441991,1,0,173.52235827385,1,,"",25.439433740245,0,2025-11-10 12:57:26
453,"2734",000000000840003238099191,2025-08-24 18:37:41,2025-08-24 18:42:08,00:02:53,15781.078884441,183.16491386173,0,12.39286341747,0,38.68742241749,1,0,173.37399513849,1,,"",23.333772271186,0,2025-11-10 12:57:26
453,"2710",000000000840003238099167,2025-08-24 20:41:35,2025-08-24 20:44:22,00:02:44,10217.808422613,250.09944953485,0,4.1876315286286,0,38.766589088695,1,0,173.97462275969,1,,"",19.70327542681,0,2025-11-10 12:57:26
453,"2655",000000000840003238099112,2025-08-24 23:49:26,2025-08-24 23:52:56,00:03:26,13626.768905642,341.67834756462,0,9.1419607730522,0,38.373761755727,1,0,174.18741264452,1,,"",18.410066756876,0,2025-11-10 12:57:26
453,"2708",000000000840003238099165,2025-08-25 00:08:07,2025-08-25 00:14:09,00:04:34,12967.606651289,153.53828091482,0,12.525023759623,0,38.423728823353,1,0,174.05740185737,1,,"",18.361111699534,0,2025-11-10 12:57:26
453,"2391",000000000840003135191436,2025-08-25 00:22:32,2025-08-25 00:27:48,00:03:34,10795.979601001,231.43067376164,0,2.9603396829953,0,38.369467758698,1,0,173.97091082281,1,,"",18.765561891844,0,2025-11-10 12:57:26
453,"2502",000000000840003220158357,2025-08-25 00:35:29,2025-08-25 00:41:16,00:05:41,12748.691517039,375.13089807202,0,3.5013501230052,0,38.424702886017,1,0,174.02446283868,1,,"",18.736410712435,0,2025-11-10 12:57:26
453,"2773",000000000840003238099230,2025-08-25 00:44:48,2025-08-25 00:50:44,00:05:10,8071.2667051006,179.86732075412,0,0.76147319180468,0,38.505141569298,1,0,173.86012911139,1,,"",18.709163169257,0,2025-11-10 12:57:26
453,"2401",000000000840003228065326,2025-08-25 00:56:49,2025-08-25 01:02:01,00:04:02,13275.490869145,212.28397027285,0,0.31560625143126,0,38.480603996091,1,0,173.82544787621,1,,"",18.687220292998,0,2025-11-10 12:57:26
453,"2671",000000000840003135191701,2025-08-25 01:07:03,2025-08-25 01:12:21,00:03:59,17244.631830184,378.80645666919,0,11.086755964651,0,38.841592714087,1,0,174.17372817032,1,,"",18.701939247826,0,2025-11-10 12:57:26
453,"2130",000000000840003199916767,2025-08-25 01:15:13,2025-08-25 01:20:07,00:03:37,11589.657699934,173.54168388539,0,0,0,38.413289101267,1,0,173.95770049795,1,,"",18.779199312335,0,2025-11-10 12:57:26
453,"2749",000000000840003238099206,2025-08-25 02:33:25,2025-08-25 02:35:34,00:02:07,14006.356082588,542.74832564885,0,4.4784096654434,0,38.493499519676,1,0,173.93853024617,1,,"",17.146940497902,0,2025-11-10 12:57:26
453,"2525",000000000840003304248037,2025-08-25 02:41:10,2025-08-25 02:47:05,00:05:49,9403.3555621069,246.37089961088,0,4.8760316182878,0,38.737731548226,1,0,173.91730439833,1,,"",17.447690680611,0,2025-11-10 12:57:26
453,"2264",000000000840003135191358,2025-08-25 02:56:42,2025-08-25 03:01:07,00:04:20,12068.281599947,214.82956023174,0,7.9819821656041,0,38.858276897131,1,0,173.55732507,1,,"",17.595072491903,0,2025-11-10 12:57:26
453,"2734",000000000840003238099191,2025-08-25 03:16:19,2025-08-25 03:19:09,00:02:07,12077.408345151,160.5850142679,0,4.9677722028519,0,39.008980638689,1,0,174.05644422013,1,,"",16.605411056506,0,2025-11-10 12:57:26
453,"2780",000000000840003238099237,2025-08-25 05:24:10,2025-08-25 05:29:16,00:04:11,10913.644449479,221.49402473616,0,0.27835292489919,0,39.142799236936,1,0,174.29896687299,1,,"",15.007531335904,0,2025-11-10 12:57:26
453,"2461",000000000840003304248052,2025-08-25 05:34:01,2025-08-25 05:38:27,00:03:48,9579.3435322002,207.07897884003,0,0.10682938395055,0,39.104277919421,1,0,174.2738558304,1,,"",15.199577480894,0,2025-11-10 12:57:26
453,"2391",000000000840003135191436,2025-08-25 05:50:15,2025-08-25 06:02:28,00:03:13,6246.0408382588,117.58075503608,0,0.35409896799953,0,39.009153732451,1,0,174.12892535133,1,,"",14.904707867057,0,2025-11-10 12:57:26
453,"2708",000000000840003238099165,2025-08-25 06:05:09,2025-08-25 06:09:58,00:04:42,8867.6684505981,213.76877488819,0,5.4822555608417,0,38.878098451975,1,0,174.2269922435,1,,"",15.009148476549,0,2025-11-10 12:57:26
453,"2401",000000000840003228065326,2025-08-25 06:26:49,2025-08-25 06:29:40,00:02:33,12172.868311026,262.96785057509,0,1.607624518106,0,38.704108947417,1,0,174.46187171404,1,,"",14.669275170472,0,2025-11-10 12:57:26
453,"2812",000000000840003256052703,2025-08-25 06:38:28,2025-08-25 06:43:33,00:05:00,6618.3549222969,193.89404394362,0,0,0,38.063479624791,1,0,174.24973966386,1,,"",14.777842908002,0,2025-11-10 12:57:26
453,"2130",000000000840003199916767,2025-08-25 07:32:41,2025-08-25 07:38:52,00:04:30,8145.5115910012,141.79025305263,0,0.29200366810643,0,37.983386732562,1,0,174.38285892097,1,,"",15.220694497017,0,2025-11-10 12:57:26
453,"2300",000000000840003135191403,2025-08-25 07:49:25,2025-08-25 07:52:39,00:02:58,5656.2224460585,115.42063385306,0,0.16220508780497,0,38.14116332515,1,0,174.1477498526,1,,"",15.835639868659,0,2025-11-10 12:57:26
453,"2684",000000000840003238099141,2025-08-25 08:39:13,2025-08-25 08:44:33,00:04:22,12003.473457952,327.89975270132,0,2.9552833250926,0,38.87520210559,1,0,174.41425063847,1,,"",17.208798928058,0,2025-11-10 12:57:26
453,"2502",000000000840003220158357,2025-08-25 09:01:25,2025-08-25 09:04:56,00:03:27,16244.40254323,447.44026753279,0,4.0714171469232,0,38.408741191951,1,0,174.3091418805,1,,"",18.339551386513,0,2025-11-10 12:57:26
453,"2671",000000000840003135191701,2025-08-25 09:11:03,2025-08-25 09:14:04,00:02:59,15654.701605519,320.14524083623,0,10.315208411068,0,38.407940655102,1,0,174.53736680126,1,,"",18.68810974567,0,2025-11-10 12:57:26
453,"2749",000000000840003238099206,2025-08-25 09:22:00,2025-08-25 09:25:22,00:03:19,14522.151028538,183.33934184102,0,11.652499548393,0,38.457532332128,1,0,174.10188730006,1,,"",18.659394047419,0,2025-11-10 12:57:26
453,"2856",000000000840003256052747,2025-08-25 10:30:25,2025-08-25 10:35:03,00:04:35,15046.701376766,482.43323121681,0,0.76639938039271,0,38.283468034502,1,0,173.91275267779,1,,"",19.315164687218,0,2025-11-10 12:57:26
453,"2615",000000000840003238099072,2025-08-25 10:39:18,2025-08-25 10:43:01,00:02:24,12106.904546628,342.80073236635,0,0.29909358705467,0,38.32492334892,1,0,174.18243920831,1,,"",19.618009569459,0,2025-11-10 12:57:26
453,"2274",000000000840003135191372,2025-08-25 11:24:10,2025-08-25 11:30:18,00:05:33,16572.843852412,433.69398898697,0,8.1381252227961,0,38.351342946971,1,0,173.81116845746,1,,"",20.509745655639,0,2025-11-10 12:57:26
453,"2772",000000000840003238099229,2025-08-25 11:38:56,2025-08-25 11:42:07,00:02:57,9963.835586687,300.15968371369,0,1.9755286840995,0,38.353741376421,1,0,174.13866328521,1,,"",20.764747031497,0,2025-11-10 12:57:26
453,"2525",000000000840003304248037,2025-08-25 12:46:57,2025-08-25 12:50:37,00:03:36,14734.801782102,415.49143060325,0,4.5436343040443,0,38.437127472861,1,0,173.89873020843,1,,"",20.585159443044,0,2025-11-10 12:57:26
453,"2401",000000000840003228065326,2025-08-25 13:20:42,2025-08-25 13:25:38,00:02:18,12236.083582212,221.58021444399,0,1.627692140963,0,38.463200512845,1,0,173.83507313851,1,,"",20.195134216879,0,2025-11-10 12:57:26
453,"2852",000000000840003256052743,2025-08-25 13:56:42,2025-08-25 14:00:46,00:03:58,16411.470107989,407.26933291551,0,8.8812261344278,0,38.17930707025,1,0,174.00851883248,1,,"",21.375648163465,0,2025-11-10 12:57:26
453,"2698",000000000840003238099155,2025-08-25 14:14:13,2025-08-25 14:20:03,00:04:49,12964.245583548,377.76379619324,0,1.5778576197395,0,38.048447182782,1,0,173.76837444309,1,,"",21.790508186644,0,2025-11-10 12:57:26
453,"2149",000000000840003260931385,2025-08-25 14:23:52,2025-08-25 14:28:22,00:04:26,15807.302549744,475.27200766628,0,0.16624598993332,0,38.055458480342,1,0,173.54142275222,1,,"",22.332808245328,0,2025-11-10 12:57:26
453,"2710",000000000840003238099167,2025-08-25 16:07:28,2025-08-25 16:12:18,00:04:46,12100.073768354,297.47413535411,0,6.0297577381964,0,38.56593267764,1,0,174.02608468979,1,,"",20.068457108923,0,2025-11-10 12:57:26
453,"2749",000000000840003238099206,2025-08-25 16:14:26,2025-08-25 16:16:45,00:02:17,15533.297185926,489.2194335982,0,6.1592670110622,0,38.527845927138,1,0,173.64630775747,1,,"",20.568007969659,0,2025-11-10 12:57:26
453,"2247",000000000840003135191337,2025-08-25 16:17:23,2025-08-25 16:22:00,00:03:58,13585.307247836,338.93922994732,0,4.33710687548,0,38.510814146021,1,0,173.97018332812,1,,"",20.795128390592,0,2025-11-10 12:57:26
453,"1948",000000000840003135191614,2025-08-25 16:25:34,2025-08-25 16:29:07,00:02:10,10540.76181284,230.78061535367,0,0.16887840216314,0,38.156188795728,1,0,174.13631702289,1,,"",20.66280189218,0,2025-11-10 12:57:26
453,"2813",000000000840003256052704,2025-08-25 18:41:44,2025-08-25 18:46:48,00:03:46,11975.503708684,323.5276263912,0,0.48584744525854,0,38.140807027858,1,0,173.79872549719,1,,"",19.456217630798,0,2025-11-10 12:57:26
453,"2274",000000000840003135191372,2025-08-25 19:22:24,2025-08-25 19:28:10,00:05:40,17607.039100258,492.22063547904,0,6.7969190304849,0,38.142577675803,1,0,174.2136381693,1,,"",18.967217879842,0,2025-11-10 12:57:26
453,"2710",000000000840003238099167,2025-08-25 20:32:54,2025-08-25 20:37:27,00:04:28,12058.845307688,280.42484457059,0,6.644211114974,0,38.301837854584,1,0,174.15767479337,1,,"",17.384514839128,0,2025-11-10 12:57:26
453,"2721",000000000840003135191704,2025-08-26 00:14:19,2025-08-26 00:16:35,00:02:03,14016.698874704,313.45241779931,0,8.2386119699296,0,39.056530904162,1,0,174.09661797218,1,,"",13.029355218577,0,2025-11-10 12:57:26
453,"2247",000000000840003135191337,2025-08-26 00:17:33,2025-08-26 00:22:28,00:04:47,13653.799471079,368.42848103363,0,3.8384221654823,0,39.188997284118,1,0,174.34448093926,1,,"",13.2600713673,0,2025-11-10 12:57:26
453,"2502",000000000840003220158357,2025-08-26 00:41:58,2025-08-26 00:48:12,00:06:07,10625.003081144,233.3365887329,0,0.1501474327483,0,38.593196446572,1,0,174.37631542525,1,,"",12.719003915419,0,2025-11-10 12:57:26
453,"2539",000000000840003220158394,2025-08-26 00:48:38,2025-08-26 00:53:54,00:05:10,13610.545368539,218.5277451717,0,11.300947682091,0,38.498685088205,1,0,174.43211216746,1,,"",12.997130550585,0,2025-11-10 12:57:26
453,"2671",000000000840003135191701,2025-08-26 01:01:19,2025-08-26 01:04:38,00:03:16,13053.412512745,286.79024095015,0,7.7163748239754,0,38.229725184244,1,0,174.43057625464,1,,"",12.666613251394,0,2025-11-10 12:57:26
453,"2852",000000000840003256052743,2025-08-26 02:25:55,2025-08-26 02:30:12,00:04:12,14180.167346514,327.91841332028,0,0.21968690044002,0,38.199798760626,1,0,174.18950513447,1,,"",11.811993832606,0,2025-11-10 12:57:26
453,"2749",000000000840003238099206,2025-08-26 02:34:33,2025-08-26 02:39:28,00:04:18,16962.453128128,416.59234576149,0,9.9191355232073,0,38.495385078645,1,0,174.18827099109,1,,"",12.351771728387,0,2025-11-10 12:57:26
453,"2708",000000000840003238099165,2025-08-26 02:39:41,2025-08-26 02:41:53,00:02:10,19671.318787736,314.10018091649,0,15.485844121134,0,38.558362158548,1,0,173.99279315393,1,,"",12.736778088313,0,2025-11-10 12:57:26
453,"2130",000000000840003199916767,2025-08-26 02:42:31,2025-08-26 02:46:06,00:03:24,16748.747108973,403.34412831248,0,5.439335374891,0,38.56471163875,1,0,174.26572715809,1,,"",12.98036255658,0,2025-11-10 12:57:26
453,"2710",000000000840003238099167,2025-08-26 03:13:23,2025-08-26 03:18:05,00:04:37,13402.952917522,312.63765356309,0,8.3842438043632,0,38.326601858061,1,0,174.1489895252,1,,"",12.554009741199,0,2025-11-10 12:57:26
453,"2501",000000000840003135191705,2025-08-26 04:17:13,2025-08-26 04:21:48,00:04:23,13968.467428518,277.93941473553,0,0.20478442159534,0,38.228863378656,1,0,174.12707275859,1,,"",11.288994040558,0,2025-11-10 12:57:26
453,"2615",000000000840003238099072,2025-08-26 06:09:57,2025-08-26 06:14:16,00:04:09,12415.839992202,274.70627411372,0,0.20111425435686,0,39.0416795015,1,0,174.22663508542,1,,"",10.964347411695,0,2025-11-10 12:57:26
453,"2149",000000000840003260931385,2025-08-26 06:57:36,2025-08-26 07:02:33,00:04:53,14897.28405226,419.628649033,0,0.40144261496392,0,39.043939022701,1,0,174.13318555452,1,,"",10.11072055885,0,2025-11-10 12:57:26
453,"2130",000000000840003199916767,2025-08-26 07:19:32,2025-08-26 07:24:43,00:03:33,13920.948100107,279.79093577259,0,0.16588266176301,0,38.983913318959,1,0,174.27992223631,1,,"",10.644143532559,0,2025-11-10 12:57:26
453,"2494",000000000840003220158349,2025-08-26 08:41:39,2025-08-26 08:44:17,00:02:01,12984.344614649,205.69049423655,0,4.3046256798747,0,38.981158003219,1,0,174.30785364732,1,,"",13.995446704028,0,2025-11-10 12:57:26
453,"2401",000000000840003228065326,2025-08-26 08:46:08,2025-08-26 08:51:04,00:03:39,14168.338487517,255.13516896753,0,4.2164092104617,0,38.993188047021,1,0,174.36250613431,1,,"",14.817102006594,0,2025-11-10 12:57:26
453,"2772",000000000840003238099229,2025-08-26 09:06:51,2025-08-26 09:10:37,00:03:43,15156.859908123,437.85325274919,0,3.547910801419,0,38.411570250219,1,0,174.29899487737,1,,"",15.577864973848,0,2025-11-10 12:57:26
453,"2281",000000000840003135191380,2025-08-26 09:11:38,2025-08-26 09:16:49,00:02:18,14388.508023316,273.37199839262,0,7.3533329968599,0,38.282643063792,1,0,174.34226722109,1,,"",16.216279785224,0,2025-11-10 12:57:26
453,"2749",000000000840003238099206,2025-08-26 09:19:28,2025-08-26 09:23:33,00:03:10,13998.745688723,307.7644600619,0,3.994199507948,0,38.127132829396,1,0,174.21497970089,1,,"",16.571652377052,0,2025-11-10 12:57:26
453,"2721",000000000840003135191704,2025-08-26 09:29:30,2025-08-26 09:32:29,00:02:37,11844.115164052,238.67904419478,0,6.5214745649958,0,38.38832303546,1,0,173.92281297124,1,,"",16.989342139955,0,2025-11-10 12:57:26
453,"2264",000000000840003135191358,2025-08-26 10:19:49,2025-08-26 10:24:31,00:03:31,12067.001513933,236.9679298876,0,0.80847219691015,0,38.352576778856,1,0,174.24116915423,1,,"",16.752150373067,0,2025-11-10 12:57:26
453,"2574",000000000840003220158429,2025-08-26 10:49:37,2025-08-26 10:53:33,00:02:07,14663.308762381,288.48661574659,0,3.1119723356129,0,38.429370097707,1,0,174.37415538669,1,,"",17.569768925205,0,2025-11-10 12:57:26
453,"2461",000000000840003304248052,2025-08-26 11:07:19,2025-08-26 11:10:41,00:02:04,12530.673543446,283.18430870905,0,1.7212289465153,0,38.531689640291,1,0,174.3725194022,1,,"",18.097031928068,0,2025-11-10 12:57:26
453,"2710",000000000840003238099167,2025-08-26 11:18:48,2025-08-26 11:24:09,00:05:11,11103.995099733,225.29898392524,0,2.1870436671599,0,38.509862282718,1,0,174.24973983213,1,,"",18.335206174664,0,2025-11-10 12:57:26
453,"2780",000000000840003238099237,2025-08-26 11:32:03,2025-08-26 11:35:48,00:03:42,15033.94550609,438.84163615878,0,1.0098834574065,0,38.462168140408,1,0,174.30010491985,1,,"",18.62826422501,0,2025-11-10 12:57:26
453,"2274",000000000840003135191372,2025-08-26 11:45:03,2025-08-26 11:50:48,00:05:38,19215.528355202,455.79774077946,0,8.8868285495491,0,38.588056015923,1,0,174.03337803272,1,,"",19.022848351393,0,2025-11-10 12:57:26
453,"2761",000000000840003238099218,2025-08-26 11:52:53,2025-08-26 11:56:25,00:03:27,13440.949809252,356.44594991894,0,5.5765878015399,0,38.471107678999,1,0,174.42100257161,1,,"",19.337799976035,0,2025-11-10 12:57:26
453,"2708",000000000840003238099165,2025-08-26 12:18:48,2025-08-26 12:23:01,00:04:08,12377.225515287,333.4611344947,0,6.5662437475631,0,38.763280461042,1,0,173.9021111145,1,,"",18.756773259413,0,2025-11-10 12:57:26
453,"2391",000000000840003135191436,2025-08-26 12:26:43,2025-08-26 12:32:01,00:03:14,13046.626544911,241.40184382706,0,1.812450423262,0,38.695970490529,1,0,173.78137953612,1,,"",19.123185119228,0,2025-11-10 12:57:26
453,"2773",000000000840003238099230,2025-08-26 12:49:51,2025-08-26 12:53:51,00:03:55,10804.666213745,308.1944129844,0,6.2620961289048,0,38.567477778453,1,0,174.01537115325,1,,"",19.047562052931,0,2025-11-10 12:57:26
453,"2259",000000000840003135191352,2025-08-26 13:20:57,2025-08-26 13:23:14,00:02:15,13267.645692801,326.63995240476,0,0.66772991909946,0,38.301568583542,1,0,173.75740270804,1,,"",19.664730590962,0,2025-11-10 12:57:26
453,"2749",000000000840003238099206,2025-08-26 14:22:44,2025-08-26 14:27:14,00:04:15,14926.265898046,297.67847179234,0,8.5394124505348,0,38.727920886095,1,0,173.85964909201,1,,"",19.953689065573,0,2025-11-10 12:57:26
453,"2812",000000000840003256052703,2025-08-26 14:35:40,2025-08-26 14:40:05,00:04:21,9558.4618829722,251.62670423929,0,2.1033455643293,0,38.371228178862,1,0,174.06379921934,1,,"",20.503000485503,0,2025-11-10 12:57:26
453,"2856",000000000840003256052747,2025-08-26 14:51:15,2025-08-26 14:55:40,00:03:44,14043.523782211,440.23771245908,0,5.7872751930105,0,38.168065029494,1,0,173.93786333685,1,,"",21.110642626243,0,2025-11-10 12:57:26
453,"2710",000000000840003238099167,2025-08-26 15:51:22,2025-08-26 15:56:04,00:04:06,11140.986078938,281.56131296499,0,6.0810025717168,0,37.953296876911,1,0,173.99756220335,1,,"",20.321019675899,0,2025-11-10 12:57:26
453,"2264",000000000840003135191358,2025-08-26 19:22:47,2025-08-26 19:27:43,00:04:51,12206.795312363,224.89557144214,0,11.508351415487,0,38.67226420115,1,0,174.11389015633,1,,"",15.068146088656,0,2025-11-10 12:57:26
453,"2721",000000000840003135191704,2025-08-26 20:01:23,2025-08-26 20:05:28,00:02:46,11341.216601914,201.80520001184,0,5.492854567191,0,38.899489598572,1,0,174.01625765048,1,,"",14.711239881761,0,2025-11-10 12:57:26
453,"2274",000000000840003135191372,2025-08-26 21:05:46,2025-08-26 21:10:50,00:04:33,16422.834113763,431.64239239992,0,4.4211510787141,0,38.532924685249,1,0,174.36833657057,1,,"",14.14055615362,0,2025-11-10 12:57:26
453,"2401",000000000840003228065326,2025-08-26 22:38:06,2025-08-26 22:42:20,00:02:51,16180.813160961,323.04997111549,0,4.2248912157041,0,38.635599203473,1,0,174.32559024601,1,,"",12.883855941154,0,2025-11-10 12:57:26
453,"2300",000000000840003135191403,2025-08-27 00:01:57,2025-08-27 00:05:49,00:03:26,17288.484575589,464.44931421752,0,9.9382821942694,0,38.521465681327,1,0,174.33668092028,1,,"",11.016394198294,0,2025-11-10 12:57:26
453,"2761",000000000840003238099218,2025-08-27 00:27:20,2025-08-27 00:29:31,00:02:10,15745.000369823,320.091055491,0,8.4820070702946,0,38.476988235205,1,0,174.27717440439,1,,"",11.864156988682,0,2025-11-10 12:57:26
453,"2260",000000000840003135191714,2025-08-27 00:30:22,2025-08-27 00:33:16,00:02:37,18399.441784209,456.95906835484,0,2.5997299537467,0,38.538418369116,1,0,173.96504190437,1,,"",12.526552853646,0,2025-11-10 12:57:26
453,"2708",000000000840003238099165,2025-08-27 00:35:55,2025-08-27 00:39:39,00:03:40,13949.576362217,349.20795730424,0,1.6325522701715,0,38.593702305062,1,0,174.11589176135,1,,"",12.670433025179,0,2025-11-10 12:57:26
453,"2734",000000000840003238099191,2025-08-27 00:40:54,2025-08-27 00:45:41,00:04:28,19958.48263529,379.40544559655,0,10.373042057131,0,38.496854113024,1,0,174.49958515698,1,,"",12.79591438494,0,2025-11-10 12:57:26
453,"2461",000000000840003304248052,2025-08-27 00:46:12,2025-08-27 00:49:09,00:02:44,15656.429062824,308.30763017089,0,3.4897908912011,0,39.134571922623,1,0,174.41079911212,1,,"",12.977498444801,0,2025-11-10 12:57:26
453,"2806",000000000840003256052697,2025-08-27 00:55:16,2025-08-27 00:59:16,00:02:28,17241.569206395,344.38879971408,0,1.3017279296366,0,38.13100749894,1,0,174.64450526358,1,,"",12.14851048262,0,2025-11-10 12:57:26
453,"2502",000000000840003220158357,2025-08-27 01:29:48,2025-08-27 01:32:39,00:02:47,18905.277402204,547.23148303408,0,3.1792798943242,0,38.420140671585,1,0,174.08518376748,1,,"",12.097632156478,0,2025-11-10 12:57:26
453,"1856",000000000840003135191446,2025-08-27 02:57:34,2025-08-27 03:04:40,00:04:12,15823.67460714,330.88997784187,0,0.17531889528164,0,38.011086602808,1,0,174.45027128282,1,,"",10.519632367143,0,2025-11-10 12:57:26
453,"2749",000000000840003238099206,2025-08-27 03:08:57,2025-08-27 03:12:10,00:03:11,15905.484040664,414.48964158308,0,4.1396154386264,0,38.190578335509,1,0,174.42604694665,1,,"",10.802730062492,0,2025-11-10 12:57:26
453,"2852",000000000840003256052743,2025-08-27 03:12:54,2025-08-27 03:14:57,00:02:01,15874.633201043,410.63797205659,0,2.4184758971331,0,38.158194603731,1,0,174.16515530493,1,,"",11.410011852703,0,2025-11-10 12:57:26
453,"2494",000000000840003220158349,2025-08-27 03:26:24,2025-08-27 03:29:18,00:02:50,17869.815944211,318.64031425734,0,11.993514782553,0,38.067833998091,1,0,174.20645746068,1,,"",11.103475465939,0,2025-11-10 12:57:26
453,"2130",000000000840003199916767,2025-08-27 04:13:40,2025-08-27 04:15:59,00:02:06,10291.502357627,184.78094247657,0,0.067941203004293,0,38.177713703723,1,0,173.95729687147,1,,"",10.87114329237,0,2025-11-10 12:57:26
453,"2852",000000000840003256052743,2025-08-27 06:00:45,2025-08-27 06:03:03,00:02:16,10548.269476518,272.25417913328,0,1.6238511477291,0,38.365736988195,1,0,174.39487590534,1,,"",12.950009010916,0,2025-11-10 12:57:26
453,"2401",000000000840003228065326,2025-08-27 06:03:58,2025-08-27 06:09:07,00:03:20,11964.861169513,227.37247322638,0,1.25896338742,0,38.287181301728,1,0,174.06152019353,1,,"",13.525999595651,0,2025-11-10 12:57:26
453,"2760",000000000840003238099217,2025-08-27 08:40:34,2025-08-27 08:45:53,00:03:29,11629.099399992,240.07822961337,0,5.1228443578827,0,38.690500859608,1,0,173.8474296997,1,,"",14.599796635556,0,2025-11-10 12:57:26
453,"2502",000000000840003220158357,2025-08-27 09:09:40,2025-08-27 09:14:33,00:04:47,14768.125628661,469.85279652894,0,3.6329274741727,0,38.347614309428,1,0,174.34857933213,1,,"",14.833395022005,0,2025-11-10 12:57:26
453,"2671",000000000840003135191701,2025-08-27 09:20:58,2025-08-27 09:26:01,00:03:36,14289.013793391,317.7676634996,0,3.9284090645966,0,38.419950933668,1,0,174.36012591401,1,,"",15.007302229241,0,2025-11-10 12:57:26
453,"2494",000000000840003220158349,2025-08-27 09:30:30,2025-08-27 09:35:51,00:04:59,13508.091007877,276.58529775153,0,3.5990017308762,0,38.518021770032,1,0,174.10021264147,1,,"",14.906167483806,0,2025-11-10 12:57:26
453,"2761",000000000840003238099218,2025-08-27 09:44:49,2025-08-27 09:47:55,00:02:52,13052.226792976,365.471441137,0,6.5138621366233,0,38.341577107885,1,0,174.13350133404,1,,"",14.801622091666,0,2025-11-10 12:57:26
453,"2501",000000000840003135191705,2025-08-27 11:26:02,2025-08-27 11:29:42,00:03:27,16151.326734389,396.07925610848,0,11.910198598014,0,39.604837885849,1,0,174.1808850685,1,,"",15.449907589034,0,2025-11-10 12:57:26
453,"2525",000000000840003304248037,2025-08-27 11:37:44,2025-08-27 11:43:05,00:04:21,16430.322525904,490.86789887241,0,6.3088678894358,0,39.05230276872,1,0,174.22808182144,1,,"",16.127184710383,0,2025-11-10 12:57:26
453,"2274",000000000840003135191372,2025-08-27 11:52:29,2025-08-27 11:54:47,00:02:16,16122.395991031,379.87799180025,0,7.1778999779327,0,38.536117676425,1,0,174.19163947287,1,,"",16.033583718217,0,2025-11-10 12:57:26
453,"2247",000000000840003135191337,2025-08-27 11:59:18,2025-08-27 12:02:04,00:02:44,12091.345531684,326.01821581883,0,1.4424818688716,0,38.492279824943,1,0,174.1482676168,1,,"",15.998065858158,0,2025-11-10 12:57:26
453,"2773",000000000840003238099230,2025-08-27 12:32:44,2025-08-27 12:37:30,00:04:39,9720.450332248,277.79193892021,0,4.4055293345878,0,38.458234068004,1,0,174.35349019684,1,,"",16.27421946344,0,2025-11-10 12:57:26
453,"1906",000000000840003135890504,2025-08-27 13:17:36,2025-08-27 13:23:00,00:03:21,16646.806909867,437.14229450433,0,2.4959810148794,0,38.279399351107,1,0,174.35230497502,1,,"",16.587070916729,0,2025-11-10 12:57:26
453,"2494",000000000840003220158349,2025-08-27 13:39:11,2025-08-27 13:41:47,00:02:30,12784.734929443,349.59790980729,0,0.36176376262426,0,38.176372600074,1,0,174.51442192385,1,,"",16.929697726278,0,2025-11-10 12:57:26
453,"2710",000000000840003238099167,2025-08-27 13:47:43,2025-08-27 13:51:55,00:04:07,13322.685911748,325.96644245845,0,4.8917706784724,0,38.267656077404,1,0,174.1728511176,1,,"",17.459663515774,0,2025-11-10 12:57:26
453,"2852",000000000840003256052743,2025-08-27 13:54:48,2025-08-27 13:57:33,00:02:43,12551.178383316,320.42772482432,0,1.8207960394399,0,38.172161165454,1,0,174.13592285715,1,,"",18.076567281519,0,2025-11-10 12:57:26
453,"2461",000000000840003304248052,2025-08-27 15:40:35,2025-08-27 15:44:06,00:02:45,12368.433174547,258.25333019778,0,0.056370260081616,0,38.485052534928,1,0,174.40710772998,1,,"",15.772684283815,0,2025-11-10 12:57:26
453,"2130",000000000840003199916767,2025-08-27 15:47:43,2025-08-27 15:52:07,00:02:43,13754.280241587,288.87858786529,0,3.3300118654536,0,38.423953919707,1,0,174.08076159482,1,,"",16.432551940852,0,2025-11-10 12:57:26
453,"2734",000000000840003238099191,2025-08-27 16:00:56,2025-08-27 16:05:28,00:02:07,16041.525665439,223.01702563497,0,11.079180570967,0,38.557497944394,1,0,174.19284835831,1,,"",16.569857599192,0,2025-11-10 12:57:26
453,"2274",000000000840003135191372,2025-08-27 17:46:39,2025-08-27 17:51:33,00:04:48,14675.887156974,358.28163247947,0,9.0944302988689,0,37.907413080766,1,0,174.07804339255,1,,"",18.711188741103,0,2025-11-10 12:57:26
453,"2247",000000000840003135191337,2025-08-27 19:55:58,2025-08-27 19:59:06,00:03:06,14663.720527977,484.90854164079,0,2.5684052554167,0,37.900444890187,1,0,173.80712465453,1,,"",15.736796807892,0,2025-11-10 12:57:26
453,"2799",000000000840003238099256,2025-08-28 00:11:02,2025-08-28 00:15:33,00:03:20,13934.953124115,340.84716436858,0,10.046746359618,0,38.94322814913,1,0,173.98646186469,1,,"",10.540759780943,0,2025-11-10 12:57:26
453,"2671",000000000840003135191701,2025-08-28 00:23:41,2025-08-28 00:27:47,00:03:44,18218.884144161,486.74595939292,0,10.173184506835,0,37.949246130498,1,0,174.26117369808,1,,"",11.547297798565,0,2025-11-10 12:57:26
453,"2149",000000000840003260931385,2025-08-28 00:29:01,2025-08-28 00:31:51,00:02:48,15993.917341915,458.06366753474,0,2.3218592409137,0,37.923992968282,1,0,174.23126269329,1,,"",11.812126360897,0,2025-11-10 12:57:26
453,"2734",000000000840003238099191,2025-08-28 00:51:07,2025-08-28 00:54:57,00:02:28,17731.100363552,209.81682469611,0,10.579439672065,0,38.667894399241,1,0,174.46374162617,1,,"",10.610202578333,0,2025-11-10 12:57:26
453,"2300",000000000840003135191403,2025-08-28 01:02:10,2025-08-28 01:06:29,00:03:45,18666.190663136,278.92537196675,0,12.967683129867,0,37.959112558436,1,0,174.12371706534,1,,"",10.434218054426,0,2025-11-10 12:57:26
453,"2812",000000000840003256052703,2025-08-28 02:24:32,2025-08-28 02:28:45,00:04:09,14226.457262322,367.83334818098,0,0.22909719359654,0,37.736826303983,1,0,174.28641464479,1,,"",8.8797506538175,0,2025-11-10 12:57:26
453,"2708",000000000840003238099165,2025-08-28 02:37:09,2025-08-28 02:40:35,00:02:19,14588.73104522,342.05849547924,0,5.3925913103949,0,37.79949424706,1,0,174.44582896738,1,,"",9.6758664995002,0,2025-11-10 12:57:26
453,"2502",000000000840003220158357,2025-08-28 02:52:20,2025-08-28 02:54:53,00:02:31,16413.761381691,389.35657727814,0,4.3438629603742,0,37.656175409585,1,0,174.48494205778,1,,"",10.112823434628,0,2025-11-10 12:57:26
453,"2247",000000000840003135191337,2025-08-28 03:00:55,2025-08-28 03:03:25,00:02:29,16749.192924822,587.93909833305,0,0.78374087666494,0,37.966519683615,1,0,174.24861805733,1,,"",10.470953831041,0,2025-11-10 12:57:26
453,"2710",000000000840003238099167,2025-08-28 03:04:06,2025-08-28 03:07:10,00:02:55,14489.260437829,323.2920019365,0,7.3715718822803,0,37.976774016482,1,0,174.42550619654,1,,"",10.506828947946,0,2025-11-10 12:57:26
453,"2502",000000000840003220158357,2025-08-28 03:12:33,2025-08-28 03:14:42,00:02:07,16650.087113421,432.78598222829,0,0.86044401254483,0,38.011235548822,1,0,174.40206979679,1,,"",10.294261970938,0,2025-11-10 12:57:26
453,"2264",000000000840003135191358,2025-08-28 03:15:30,2025-08-28 03:19:35,00:03:18,18610.757950865,108.03656717375,0,13.519898636792,0,38.156569492502,1,0,174.23984642153,1,,"",10.633688189337,0,2025-11-10 12:57:26
453,"2655",000000000840003238099112,2025-08-28 06:07:25,2025-08-28 06:11:54,00:04:25,12941.249208486,358.50183227576,0,0.54200258991422,0,37.942232042243,1,0,174.42930307802,1,,"",8.7956177478009,0,2025-11-10 12:57:26
453,"2684",000000000840003238099141,2025-08-28 08:42:54,2025-08-28 08:47:57,00:03:03,10474.861339923,227.49928287002,0,1.8229163174913,0,37.949178272609,1,0,174.24315447153,1,,"",12.767950426589,0,2025-11-10 12:57:26
453,"2281",000000000840003135191380,2025-08-28 08:53:49,2025-08-28 08:58:00,00:02:33,11481.552550294,184.13556441927,0,3.5119528894927,0,37.792019148757,1,0,174.36278203394,1,,"",13.928783907005,0,2025-11-10 12:57:26
453,"2615",000000000840003238099072,2025-08-28 10:28:22,2025-08-28 10:30:48,00:02:24,11885.986255763,315.21742686249,0,0.77739686059775,0,37.921862567947,1,0,174.13546078119,1,,"",16.360087088822,0,2025-11-10 12:57:26
453,"2274",000000000840003135191372,2025-08-28 10:55:57,2025-08-28 10:59:32,00:02:48,18329.755173155,412.87850372511,0,8.6936820129,0,37.927346478063,1,0,174.26926542197,1,,"",17.445612052082,0,2025-11-10 12:57:26
453,"2772",000000000840003238099229,2025-08-28 11:05:46,2025-08-28 11:08:36,00:02:48,8511.8236412834,193.08447414973,0,5.4386370481455,0,37.909724535377,1,0,174.30431894855,1,,"",18.108551983193,0,2025-11-10 12:57:26
453,"2525",000000000840003304248037,2025-08-28 11:09:04,2025-08-28 11:12:28,00:03:21,12633.859900132,350.54666108456,0,5.8281790295513,0,37.950131918711,1,0,174.26559125288,1,,"",18.277489165131,0,2025-11-10 12:57:26
453,"2710",000000000840003238099167,2025-08-28 11:33:25,2025-08-28 11:36:28,00:03:00,9422.9383733406,186.64995972992,0,2.1893887243559,0,37.837090543085,1,0,173.76463650267,1,,"",18.271314821744,0,2025-11-10 12:57:26
453,"2574",000000000840003220158429,2025-08-28 11:45:18,2025-08-28 11:50:57,00:03:51,8952.1334793782,205.77953634804,0,2.0572996141066,0,37.985955933183,1,0,174.09408599537,1,,"",18.753708563588,0,2025-11-10 12:57:26
453,"2749",000000000840003238099206,2025-08-28 12:01:15,2025-08-28 12:04:28,00:03:11,9762.1134273371,279.90482676988,0,0.62098905233608,0,38.029167187482,1,0,174.1018610694,1,,"",19.052328891931,0,2025-11-10 12:57:26
453,"2708",000000000840003238099165,2025-08-28 12:10:28,2025-08-28 12:14:55,00:03:49,10134.947961399,247.77922120799,0,8.1841295045537,0,37.968645294644,1,0,174.38411897981,1,,"",19.283761202862,0,2025-11-10 12:57:26
453,"2698",000000000840003238099155,2025-08-28 13:17:48,2025-08-28 13:22:43,00:04:26,9064.8726575144,199.07803605782,0,0.050734451992784,0,38.068801920887,1,0,174.16189954079,1,,"",20.483144418502,0,2025-11-10 12:57:26
453,"2502",000000000840003220158357,2025-08-28 16:13:54,2025-08-28 16:18:58,00:04:58,14064.381065072,465.18040900552,0,4.3792408133047,0,37.977097556651,1,0,173.91800252152,1,,"",21.989144694858,0,2025-11-10 12:57:26
453,"2655",000000000840003238099112,2025-08-28 19:12:33,2025-08-28 19:16:13,00:03:35,11688.999833599,200.89370734417,0,9.6135371177195,0,38.293649873472,1,0,173.91877107308,1,,"",19.528441974589,0,2025-11-10 12:57:26
453,"2710",000000000840003238099167,2025-08-28 19:18:34,2025-08-28 19:23:11,00:04:00,8833.4324084952,164.71923120887,0,7.264679176453,0,38.145124974976,1,0,173.93413548451,1,,"",19.612703425905,0,2025-11-10 12:57:26
453,"2274",000000000840003135191372,2025-08-28 20:26:02,2025-08-28 20:28:46,00:02:41,15868.787092566,378.2981126801,0,9.026946358073,0,38.517481308861,1,0,173.92034177791,1,,"",17.776331092257,0,2025-11-10 12:57:26
453,"2401",000000000840003228065326,2025-08-28 21:17:42,2025-08-28 21:21:12,00:02:12,12721.211647052,217.04148803894,0,0.2791701500317,0,38.236190282395,1,0,174.27705298275,1,,"",16.900019430194,0,2025-11-10 12:57:26
453,"2247",000000000840003135191337,2025-08-28 22:38:44,2025-08-28 22:40:57,00:02:11,14517.693399519,447.17906606554,0,1.5404520367672,0,38.053847514602,1,0,174.4060677172,1,,"",15.57110374937,0,2025-11-10 12:57:26
453,"2852",000000000840003256052743,2025-08-28 23:39:34,2025-08-28 23:41:51,00:02:13,11676.664432298,124.878474225,0,10.615184728286,0,38.10195752805,1,0,174.51241884125,1,,"",14.714640363388,0,2025-11-10 12:57:26
453,"2501",000000000840003135191705,2025-08-29 00:01:57,2025-08-29 00:07:02,00:04:16,13541.904146408,362.76525088734,0,11.070998169797,0,37.923133227672,1,0,173.99897005109,1,,"",14.933177218193,0,2025-11-10 12:57:26
453,"2149",000000000840003260931385,2025-08-29 00:10:30,2025-08-29 00:16:36,00:02:51,13858.173518166,207.93632476619,0,8.1827708747022,0,38.020086819245,1,0,174.11028519115,1,,"",15.333204846044,0,2025-11-10 12:57:26
453,"2525",000000000840003304248037,2025-08-29 00:56:35,2025-08-29 01:01:27,00:04:45,10631.797228048,227.383442139,0,9.4812652640193,0,38.025102849302,1,0,174.24618524395,1,,"",14.935229478642,0,2025-11-10 12:57:26
453,"2401",000000000840003228065326,2025-08-29 01:03:16,2025-08-29 01:06:46,00:02:06,12439.084823367,281.51903034597,0,5.1006494688936,0,38.925617835878,1,0,174.4059453358,1,,"",15.171001714135,0,2025-11-10 12:57:26
453,"2461",000000000840003304248052,2025-08-29 02:14:58,2025-08-29 02:19:12,00:03:19,9513.2121660912,182.53743036415,0,0.12072273759989,0,37.952636595422,1,0,174.03990426603,1,,"",14.457647794944,0,2025-11-10 12:57:26
453,"2749",000000000840003238099206,2025-08-29 02:22:25,2025-08-29 02:24:49,00:02:22,12213.438285845,413.66122873084,0,5.4067911903054,0,37.990602691092,1,0,174.15351263067,1,,"",14.801955612118,0,2025-11-10 12:57:26
453,"2502",000000000840003220158357,2025-08-29 02:30:42,2025-08-29 02:36:31,00:05:43,12573.73937158,352.7296331804,0,3.5446114359646,0,38.225310460868,1,0,174.25324832249,1,,"",15.099911432737,0,2025-11-10 12:57:26
453,"2274",000000000840003135191372,2025-08-29 02:41:22,2025-08-29 02:44:32,00:03:08,12564.670303739,317.31031891783,0,4.8894495857664,0,38.562327203377,1,0,174.14283016906,1,,"",14.929734058452,0,2025-11-10 12:57:26
453,"2247",000000000840003135191337,2025-08-29 02:44:33,2025-08-29 02:46:46,00:02:10,10578.150542366,280.24027169577,0,3.9410950890828,0,38.572792060317,1,0,174.20906453931,1,,"",15.104414210395,0,2025-11-10 12:57:26
453,"2710",000000000840003238099167,2025-08-29 02:47:49,2025-08-29 02:52:20,00:04:26,8965.6935798007,175.13527994915,0,7.4473157521577,0,38.724558595961,1,0,174.01197465336,1,,"",15.170487886941,0,2025-11-10 12:57:26
453,"2734",000000000840003238099191,2025-08-29 02:53:39,2025-08-29 02:57:58,00:02:28,13566.601088786,209.06518379555,0,9.6079913978018,0,38.583958419374,1,0,174.23936882323,1,,"",15.209428758698,0,2025-11-10 12:57:26
453,"1906",000000000840003135890504,2025-08-29 05:50:26,2025-08-29 05:54:22,00:03:09,10799.222884868,277.53328992355,0,0.39234853797561,0,37.973370726806,1,0,174.10312844274,1,,"",14.698114562399,0,2025-11-10 12:57:26
453,"2149",000000000840003260931385,2025-08-29 06:03:43,2025-08-29 06:07:57,00:04:10,13231.918980941,431.22295553735,0,0.72748859172149,0,38.239882755386,1,0,174.02766462438,1,,"",15.63397764527,0,2025-11-10 12:57:26
453,"2760",000000000840003238099217,2025-08-29 06:45:09,2025-08-29 06:50:47,00:03:26,10434.092213234,240.27358021962,0,0.56499813559167,0,38.191729203261,1,0,174.15038331808,1,,"",14.805656353791,0,2025-11-10 12:57:26
453,"2761",000000000840003238099218,2025-08-29 07:07:11,2025-08-29 07:12:48,00:04:29,9559.7709233527,187.83467826167,0,0.36360803305183,0,38.055127615703,1,0,174.27208039501,1,,"",14.231070315588,0,2025-11-10 12:57:26
453,"2300",000000000840003135191403,2025-08-29 08:12:38,2025-08-29 08:17:12,00:02:47,12294.081966681,273.18784358289,0,5.8315299534452,0,37.892313207842,1,0,174.1021542559,1,,"",14.654752590346,0,2025-11-10 12:57:26
453,"2502",000000000840003220158357,2025-08-29 08:31:09,2025-08-29 08:36:02,00:04:47,15054.628610697,464.60847575421,0,4.748795175659,0,38.0941962477,1,0,174.24614275762,1,,"",15.690863295897,0,2025-11-10 12:57:26
453,"2671",000000000840003135191701,2025-08-29 08:36:26,2025-08-29 08:38:58,00:02:19,15878.99789314,401.14745285075,0,7.1406867432864,0,38.476296400259,1,0,174.23643270432,1,,"",15.98871125864,0,2025-11-10 12:57:26
453,"2710",000000000840003238099167,2025-08-29 11:51:55,2025-08-29 11:56:27,00:04:07,9768.4984524778,266.91832770737,0,3.0976084838543,0,36.62789108924,1,0,174.45157085417,1,,"",16.028203933791,0,2025-11-10 12:57:26
453,"2773",000000000840003238099230,2025-08-29 12:57:03,2025-08-29 13:01:29,00:03:23,10609.727977301,219.74191794219,0,0.83611420983934,0,36.631494558464,1,0,173.79347587943,1,,"",16.039719106364,0,2025-11-10 12:57:26
453,"2281",000000000840003135191380,2025-08-29 15:16:54,2025-08-29 15:23:46,00:02:04,11060.468136649,251.2317773462,0,0.46296031012797,0,36.637350044102,1,0,174.0510308465,1,,"",17.276324338722,0,2025-11-10 12:57:26
453,"2247",000000000840003135191337,2025-08-29 16:35:29,2025-08-29 16:39:47,00:04:13,10698.52208568,248.73493952087,0,2.9658443460678,0,36.512633209163,1,0,174.08887207085,1,,"",17.388422082101,0,2025-11-10 12:57:26
453,"2710",000000000840003238099167,2025-08-29 16:48:18,2025-08-29 16:53:45,00:04:37,12172.70655762,271.50822441908,0,6.6563870530777,0,36.515220837633,1,0,174.35750614447,1,,"",17.61856528096,0,2025-11-10 12:57:26
453,"2761",000000000840003238099218,2025-08-29 21:21:18,2025-08-29 21:24:44,00:03:23,16857.734131517,376.42656825478,0,9.242376141113,0,36.387249596193,1,0,174.47769102046,1,,"",10.458539344511,0,2025-11-10 12:57:26
453,"2247",000000000840003135191337,2025-08-30 00:00:28,2025-08-30 00:03:42,00:03:11,16592.068216481,464.19189341197,0,0.72114209893815,0,36.015906522854,1,0,174.24232401931,1,,"",9.1091220299321,0,2025-11-10 12:57:26
453,"2461",000000000840003304248052,2025-08-30 00:19:33,2025-08-30 00:23:43,00:03:35,15425.933131971,332.08417334641,0,0.01427164577,0,36.054517291491,1,0,173.8728759405,1,,"",10.00168113966,0,2025-11-10 12:57:26
453,"2281",000000000840003135191380,2025-08-30 00:40:57,2025-08-30 00:45:08,00:02:41,17503.129081762,310.01865914171,0,10.172524115745,0,36.654334219573,1,0,173.96022144012,1,,"",10.370864340211,0,2025-11-10 12:57:26
453,"2539",000000000840003220158394,2025-08-30 01:04:04,2025-08-30 01:09:53,00:05:36,17530.829535833,505.24721521614,0,3.5997581366023,0,35.993802001114,1,0,174.44522467182,1,,"",10.381100858333,0,2025-11-10 12:57:26
453,"2856",000000000840003256052747,2025-08-30 02:25:34,2025-08-30 02:28:37,00:03:01,16975.64541632,514.98354873356,0,1.0343530728266,0,36.017189810128,1,0,174.43235383985,1,,"",9.7131782492493,0,2025-11-10 12:57:26
453,"2264",000000000840003135191358,2025-08-30 02:43:27,2025-08-30 02:48:13,00:04:35,16094.280676531,158.03269162707,0,10.688868872293,0,36.066096375206,1,0,174.23517043198,1,,"",9.8133098927531,0,2025-11-10 12:57:26
453,"2130",000000000840003199916767,2025-08-30 03:13:25,2025-08-30 03:18:18,00:04:26,17654.164850566,466.25940586187,0,1.2898272443263,0,35.820925914912,1,0,174.14703794586,1,,"",10.296250365333,0,2025-11-10 12:57:26
453,"2539",000000000840003220158394,2025-08-30 05:56:22,2025-08-30 06:01:11,00:04:46,12387.978039685,249.86344789675,0,0.12314345785912,0,35.935617684205,1,0,174.32722963483,1,,"",9.219323587185,0,2025-11-10 12:57:26
453,"2615",000000000840003238099072,2025-08-30 07:15:10,2025-08-30 07:19:38,00:02:58,12289.08009756,221.15555464245,0,0.083850236685033,0,35.805081300886,1,0,174.1804381233,1,,"",8.3133638104099,0,2025-11-10 12:57:26
453,"2760",000000000840003238099217,2025-08-30 08:37:19,2025-08-30 08:42:15,00:03:42,10546.621858744,173.19767852239,0,4.0747945555349,0,36.23892212655,1,0,174.37534871601,1,,"",11.698145721083,0,2025-11-10 12:57:26
453,"2300",000000000840003135191403,2025-08-30 08:51:14,2025-08-30 08:55:40,00:02:58,14363.998586325,246.96442716793,0,8.0442362145255,0,36.159179498547,1,0,174.15409693315,1,,"",12.728202476941,0,2025-11-10 12:57:26
453,"1948",000000000840003135191614,2025-08-30 11:49:13,2025-08-30 11:52:55,00:02:39,11171.364098359,201.28596058306,0,0.49082229011677,0,36.537942664705,1,0,174.2356954844,1,,"",16.495309469419,0,2025-11-10 12:57:26
453,"2461",000000000840003304248052,2025-08-30 12:13:26,2025-08-30 12:17:15,00:02:51,11140.305420399,226.26383766116,0,0.250287454212,0,35.997803310723,1,0,174.25593463936,1,,"",16.919948223295,0,2025-11-10 12:57:26
453,"2773",000000000840003238099230,2025-08-30 12:17:58,2025-08-30 12:26:17,00:05:13,10033.511776018,279.45741225162,0,3.8741287813614,0,36.007833789474,1,0,173.93491141192,1,,"",17.052565734951,0,2025-11-10 12:57:26
453,"2698",000000000840003238099155,2025-08-30 12:40:21,2025-08-30 12:45:54,00:04:54,11971.669909727,322.50268715087,0,1.1617543324147,0,36.053408537967,1,0,174.2177498775,1,,"",17.06034579379,0,2025-11-10 12:57:26
453,"2684",000000000840003238099141,2025-08-30 12:51:50,2025-08-30 12:55:25,00:03:04,10296.829638207,202.50772836294,0,0.36112095295229,0,36.053279523926,1,0,174.17829863702,1,,"",16.760235036389,0,2025-11-10 12:57:26
453,"1906",000000000840003135890504,2025-08-30 12:59:17,2025-08-30 13:04:18,00:03:57,13347.806401354,451.77555822243,0,1.0931956242006,0,36.056361538255,1,0,174.0166109325,1,,"",17.373232895882,0,2025-11-10 12:57:26
453,"2772",000000000840003238099229,2025-08-30 13:11:19,2025-08-30 13:15:00,00:03:38,10480.432512034,298.08142694984,0,1.0143793687374,0,36.023028556557,1,0,174.17763525756,1,,"",17.575722765433,0,2025-11-10 12:57:26
453,"2749",000000000840003238099206,2025-08-30 13:18:39,2025-08-30 13:21:50,00:03:07,15271.178004464,424.80651812686,0,6.0072511275267,0,36.089481880686,1,0,174.19975126767,1,,"",17.968720201145,0,2025-11-10 12:57:26
453,"2300",000000000840003135191403,2025-08-30 13:37:01,2025-08-30 13:41:56,00:03:10,10514.982405797,260.96076841446,0,3.1473869902215,0,35.824579138397,1,0,173.93665122907,1,,"",18.087940762444,0,2025-11-10 12:57:26
453,"2852",000000000840003256052743,2025-08-30 14:00:41,2025-08-30 14:06:33,00:04:12,12138.203570184,281.34730138749,0,1.5604810443196,0,36.302110566244,1,0,174.01810944419,1,,"",17.674345873776,0,2025-11-10 12:57:26
453,"2761",000000000840003238099218,2025-08-30 14:10:51,2025-08-30 14:16:04,00:05:08,14168.85930599,412.07166018853,0,6.032223709871,0,36.255433047962,1,0,173.88901511253,1,,"",17.853111765413,0,2025-11-10 12:57:26
453,"2615",000000000840003238099072,2025-08-30 14:56:36,2025-08-30 15:01:38,00:04:56,11147.607317768,406.76340145468,0,0.34543866962395,0,36.262788011362,1,0,173.94981985978,1,,"",17.395092468307,0,2025-11-10 12:57:26
453,"2540",000000000840003220158395,2025-08-30 15:02:43,2025-08-30 15:08:53,00:03:30,11889.2238606,260.36528364153,0,7.4474912119487,0,36.315806522576,1,0,173.93043894358,1,,"",17.595420530551,0,2025-11-10 12:57:26
453,"2671",000000000840003135191701,2025-08-30 15:54:17,2025-08-30 15:58:11,00:02:56,14678.344573505,306.81206000889,0,7.7289287079079,0,35.635846175755,1,0,173.98259999793,1,,"",18.192168938679,0,2025-11-10 12:57:26
453,"2734",000000000840003238099191,2025-08-30 16:01:43,2025-08-30 16:06:29,00:02:14,15573.569238312,274.21405868983,0,6.2797314084668,0,35.902696488173,1,0,174.11299756028,1,,"",18.51988894992,0,2025-11-10 12:57:26
453,"2655",000000000840003238099112,2025-08-30 16:07:18,2025-08-30 16:09:45,00:02:16,13295.068013507,355.25819685004,0,5.7331691493313,0,35.819994371623,1,0,174.29812820196,1,,"",18.692696407748,0,2025-11-10 12:57:26
453,"2461",000000000840003304248052,2025-08-30 18:39:27,2025-08-30 18:42:41,00:02:34,14171.958780516,329.59423909919,0,5.1165532719775,0,35.966317051419,1,0,174.08864235255,1,,"",18.024841059571,0,2025-11-10 12:57:26
453,"2710",000000000840003238099167,2025-08-30 18:46:20,2025-08-30 18:51:16,00:04:53,10278.312886575,286.19511586947,0,5.9902155014231,0,36.207698403676,1,0,174.22620603574,1,,"",18.091782890841,0,2025-11-10 12:57:26
453,"2247",000000000840003135191337,2025-08-30 18:54:40,2025-08-30 18:58:28,00:02:17,12444.990805091,316.49714738261,0,2.3376615969285,0,36.053977243793,1,0,173.97920071364,1,,"",18.053192007416,0,2025-11-10 12:57:26
453,"2539",000000000840003220158394,2025-08-30 19:14:55,2025-08-30 19:19:45,00:04:46,13405.338763667,290.33245915203,0,7.0551360896764,0,36.108102325047,1,0,174.08166486436,1,,"",16.917948773971,0,2025-11-10 12:57:26
453,"2791",000000000840003238099248,2025-08-30 20:40:53,2025-08-30 20:43:39,00:02:11,10636.312379339,268.37497816136,0,7.123870667423,0,36.561826818799,1,0,174.39723927833,1,,"",12.395078036167,0,2025-11-10 12:57:26
453,"2401",000000000840003228065326,2025-08-30 23:17:53,2025-08-30 23:23:01,00:04:06,18285.22858,449.68258468475,0,7.1662144069707,0,36.260711138793,1,0,174.50781554773,1,,"",9.6626085962435,0,2025-11-10 12:57:26
453,"2708",000000000840003238099165,2025-08-31 00:03:40,2025-08-31 00:08:53,00:03:27,14283.09721247,265.52065763003,0,9.0560210742126,0,36.191992916616,1,0,174.18303674245,1,,"",9.0014034483117,0,2025-11-10 12:57:26
453,"2281",000000000840003135191380,2025-08-31 00:18:29,2025-08-31 00:22:43,00:02:12,16229.129119118,269.26601313043,0,3.7757464608995,0,36.22095577746,1,0,174.54457630153,1,,"",10.062556657203,0,2025-11-10 12:57:26
453,"1906",000000000840003135890504,2025-08-31 02:06:51,2025-08-31 02:11:09,00:03:58,14484.241021034,386.27143330822,0,0.46421511321158,0,36.200300401748,1,0,174.29493879531,1,,"",8.0716157657679,0,2025-11-10 12:57:26
453,"2671",000000000840003135191701,2025-08-31 02:46:20,2025-08-31 02:49:19,00:02:56,16781.778491892,481.41014624857,0,7.7286737301816,0,36.378694337119,1,0,174.28283569359,1,,"",8.7415729387309,0,2025-11-10 12:57:26
453,"2761",000000000840003238099218,2025-08-31 02:59:38,2025-08-31 03:02:46,00:02:43,16025.588896946,233.30829336139,0,10.082612476486,0,36.855170809441,1,0,174.21328631433,1,,"",8.5549841742878,0,2025-11-10 12:57:26
453,"2615",000000000840003238099072,2025-08-31 05:02:06,2025-08-31 05:07:34,00:02:45,14311.818364164,378.50879456021,0,0.74158715226074,0,37.679821519616,1,0,174.56529797192,1,,"",7.0012015361822,0,2025-11-10 12:57:26
453,"2698",000000000840003238099155,2025-08-31 06:55:47,2025-08-31 07:02:03,00:05:09,11978.081989004,333.7638668636,0,0.19314427367446,0,37.655760971669,1,0,174.05818050937,1,,"",6.6086736880765,0,2025-11-10 12:57:26
453,"2708",000000000840003238099165,2025-08-31 07:36:07,2025-08-31 07:40:37,00:04:24,11920.013727679,303.80836028505,0,1.2637916287785,0,37.31677331451,1,0,174.08316867286,1,,"",7.9519679238026,0,2025-11-10 12:57:26
453,"2461",000000000840003304248052,2025-08-31 08:30:31,2025-08-31 08:35:15,00:02:42,10929.675676727,180.02501777311,0,4.5480624098413,0,37.117903038232,1,0,174.217001557,1,,"",10.793128868327,0,2025-11-10 12:57:26
453,"2264",000000000840003135191358,2025-08-31 09:01:16,2025-08-31 09:05:50,00:04:12,13133.623650913,162.61775081195,0,8.1384900721358,0,36.875396687149,1,0,174.26698124431,1,,"",12.084911467366,0,2025-11-10 12:57:26
453,"2749",000000000840003238099206,2025-08-31 09:11:03,2025-08-31 09:15:10,00:04:02,12821.020562036,345.85337484528,0,1.0692083660767,0,35.688048752691,1,0,174.16346884504,1,,"",12.972724576758,0,2025-11-10 12:57:26
453,"1906",000000000840003135890504,2025-08-31 11:40:45,2025-08-31 11:45:40,00:04:08,14450.079181779,332.08361033229,0,6.5653509510806,0,36.013417734986,1,0,173.87239119133,1,,"",18.675876671828,0,2025-11-10 12:57:26
453,"2773",000000000840003238099230,2025-08-31 12:28:03,2025-08-31 12:34:23,00:04:44,10598.519657089,238.91445152233,0,6.7288445198124,0,35.945464738449,1,0,174.14153407194,1,,"",19.694109426399,0,2025-11-10 12:57:26
453,"2578",000000000840003220158433,2025-08-31 12:51:55,2025-08-31 12:56:34,00:04:34,12939.964572099,352.31984204031,0,4.7552464707789,0,35.808892346057,1,0,174.06229892816,1,,"",20.467299231647,0,2025-11-10 12:57:26
453,"2149",000000000840003260931385,2025-08-31 13:28:06,2025-08-31 13:33:40,00:05:13,12774.41391333,418.61224596927,0,1.3682536543412,0,35.522000279323,1,0,173.95017065948,1,,"",20.57731609869,0,2025-11-10 12:57:26
453,"2806",000000000840003256052697,2025-08-31 13:39:28,2025-08-31 13:45:22,00:03:43,13123.550525443,293.38064170738,0,0.30134947265367,0,35.521491907533,1,0,173.95156219775,1,,"",21.148221195906,0,2025-11-10 12:57:26
453,"2760",000000000840003238099217,2025-08-31 15:06:07,2025-08-31 15:11:13,00:03:19,8560.4472758783,125.68761510877,0,1.4177618763835,0,35.537223344322,1,0,174.28857244971,1,,"",22.004557912587,0,2025-11-10 12:57:26
453,"2247",000000000840003135191337,2025-08-31 15:30:19,2025-08-31 15:32:25,00:02:05,12567.005959286,377.99395502739,0,2.6858860991174,0,35.495309357943,1,0,174.13920004571,1,,"",21.663746547924,0,2025-11-10 12:57:26
453,"2671",000000000840003135191701,2025-08-31 16:34:23,2025-08-31 16:37:34,00:03:08,13525.592670493,443.625752431,0,7.4151493641717,0,35.605158217559,1,0,174.06372356318,1,,"",22.156440223981,0,2025-11-10 12:57:26
453,"2655",000000000840003238099112,2025-08-31 19:23:59,2025-08-31 19:26:39,00:02:36,14079.366126774,223.52405287408,0,6.5559024378074,0,35.985763879945,1,0,173.91233161264,1,,"",19.723891320444,0,2025-11-10 12:57:26
453,"2710",000000000840003238099167,2025-08-31 19:29:45,2025-08-31 19:31:56,00:02:10,10389.159460836,193.40762422302,0,5.3608524071453,0,36.134766514994,1,0,173.8960820921,1,,"",19.485895179543,0,2025-11-10 12:57:26
453,"2461",000000000840003304248052,2025-09-01 00:32:35,2025-09-01 00:36:23,00:03:43,15210.450406408,435.5569954287,0,3.3376110621734,0,35.892141059761,1,0,174.29045218874,1,,"",11.345489413201,0,2025-11-10 12:57:26
453,"2247",000000000840003135191337,2025-09-01 00:52:28,2025-09-01 00:55:56,00:03:24,12808.360776343,405.12082654029,0,5.2439950043146,0,35.821067304063,1,0,174.25306340614,1,,"",11.407158390958,0,2025-11-10 12:57:26
453,"2749",000000000840003238099206,2025-09-01 01:02:09,2025-09-01 01:05:00,00:02:48,16175.101552867,531.20422609456,0,6.5019501691261,0,35.814088094365,1,0,174.27262595097,1,,"",11.525520746848,0,2025-11-10 12:57:26
453,"2671",000000000840003135191701,2025-09-01 01:17:59,2025-09-01 01:22:08,00:03:16,16611.128021299,420.38704469083,0,6.652293839441,0,35.897695398815,1,0,174.22758464933,1,,"",11.220383138864,0,2025-11-10 12:57:26
453,"1906",000000000840003135890504,2025-09-01 02:24:02,2025-09-01 02:27:56,00:03:13,12460.733875681,288.08057723283,0,3.0590242250596,0,35.830058912375,1,0,174.45196570474,1,,"",11.312714470056,0,2025-11-10 12:57:26
453,"2708",000000000840003238099165,2025-09-01 02:39:32,2025-09-01 02:43:57,00:02:10,15452.865294443,283.74646903157,0,7.4333563416177,0,36.138036320759,1,0,174.56042505348,1,,"",11.566529062056,0,2025-11-10 12:57:26
453,"2728",000000000840003238099185,2025-09-01 03:54:45,2025-09-01 03:58:15,00:02:12,14905.453894369,391.15410291647,0,0.34128932427667,0,35.358046589751,1,0,172.60079466103,1,,"",9.8568140134244,0,2025-11-10 12:57:26
453,"2773",000000000840003238099230,2025-09-01 04:07:18,2025-09-01 04:12:20,00:04:36,13754.103915844,328.00633942433,0,2.4719753509191,0,35.479487619344,1,0,174.36791144779,1,,"",10.150962556254,0,2025-11-10 12:57:26
453,"2761",000000000840003238099218,2025-09-01 04:17:18,2025-09-01 04:21:15,00:03:53,15732.396107606,426.85155930378,0,6.7158012561438,0,35.661426452879,1,0,174.16073431351,1,,"",10.562978141004,0,2025-11-10 12:57:26
453,"2461",000000000840003304248052,2025-09-01 05:57:04,2025-09-01 06:00:37,00:03:15,15946.464511527,486.92488943424,0,0,0,35.549902766844,1,0,174.21811424693,1,,"",9.0764720322998,0,2025-11-10 12:57:26
453,"2812",000000000840003256052703,2025-09-01 06:01:32,2025-09-01 06:05:41,00:03:58,17292.188112862,758.79304383869,0,0.55705388596862,0,35.542528799193,1,0,174.12951804727,1,,"",9.8913288961963,0,2025-11-10 12:57:26
453,"2539",000000000840003220158394,2025-09-01 07:37:47,2025-09-01 07:41:31,00:03:29,11877.610973263,66.468159389099,0,5.3470626014619,0,35.027612250932,1,0,174.29620294034,1,,"",9.4736166595903,0,2025-11-10 12:57:26
453,"2401",000000000840003228065326,2025-09-01 08:57:07,2025-09-01 09:01:28,00:02:37,14321.989813166,351.62832116844,0,4.8143393608911,0,35.338028256965,1,0,174.12989563575,1,,"",12.259577651037,0,2025-11-10 12:57:26
453,"2684",000000000840003238099141,2025-09-01 09:02:05,2025-09-01 09:07:11,00:03:55,13106.32258493,411.58406833787,0,2.9380360104127,0,35.448997720369,1,0,174.27213621137,1,,"",12.938298803604,0,2025-11-10 12:57:26
453,"2708",000000000840003238099165,2025-09-01 09:09:40,2025-09-01 09:13:26,00:02:14,14012.639743022,294.12877276133,0,4.6624257708284,0,35.486756123586,1,0,174.2958173194,1,,"",13.695761401943,0,2025-11-10 12:57:26
453,"2281",000000000840003135191380,2025-09-01 09:22:17,2025-09-01 09:27:10,00:02:07,12918.49058164,151.23147420905,0,10.90521609364,0,35.319771196813,1,0,174.13501320342,1,,"",14.041248068904,0,2025-11-10 12:57:26
453,"2749",000000000840003238099206,2025-09-01 11:04:58,2025-09-01 11:07:58,00:02:58,17173.191019014,181.26905789895,0,15.716249332065,0,36.132015348812,1,0,174.13270142735,1,,"",18.429009609049,0,2025-11-10 12:57:26
453,"2710",000000000840003238099167,2025-09-01 11:15:37,2025-09-01 11:18:37,00:02:18,11353.30190511,262.82512401632,0,3.3410918910996,0,35.961133612661,1,0,174.39640500126,1,,"",18.985610034169,0,2025-11-10 12:57:26
453,"2812",000000000840003256052703,2025-09-01 12:34:44,2025-09-01 12:38:08,00:03:16,11351.358945856,144.27795950186,0,0.11927228868231,0,35.249507171779,1,0,173.99129662156,1,,"",20.641686720233,0,2025-11-10 12:57:26
453,"2323",000000000840003207699481,2025-09-01 13:32:40,2025-09-01 13:35:48,00:02:38,10490.662222977,250.1197596298,0,0.10295394094148,0,35.211405635147,1,0,174.25672927765,1,,"",21.755774500973,0,2025-11-10 12:57:26
453,"2708",000000000840003238099165,2025-09-01 14:32:35,2025-09-01 14:36:15,00:03:37,11683.486630276,231.11189078368,0,8.8971643790248,0,35.223486800121,1,0,174.0457183797,1,,"",22.62989192121,0,2025-11-10 12:57:26
453,"2281",000000000840003135191380,2025-09-01 15:08:09,2025-09-01 15:11:37,00:02:02,14703.33254378,322.87009597163,0,12.203267679854,0,35.256545010967,1,0,173.88110679748,1,,"",22.631683677087,0,2025-11-10 12:57:26
453,"2149",000000000840003260931385,2025-09-01 15:21:56,2025-09-01 15:27:11,00:05:10,13139.520474295,353.51674445153,0,4.5083197037616,0,35.156433340021,1,0,173.96452415924,1,,"",23.383813922338,0,2025-11-10 12:57:26
453,"2300",000000000840003135191403,2025-09-01 15:32:56,2025-09-01 15:36:39,00:03:26,11190.699740128,192.50462191984,0,5.4342396119008,0,35.089109097765,1,0,173.83891221637,1,,"",23.553926783,0,2025-11-10 12:57:26
453,"2401",000000000840003228065326,2025-09-01 16:09:58,2025-09-01 16:13:36,00:02:01,13466.170365672,327.26372331626,0,2.4780129304212,0,35.177742635895,1,0,173.72191559895,1,,"",22.970871659917,0,2025-11-10 12:57:26
453,"2761",000000000840003238099218,2025-09-01 16:43:15,2025-09-01 16:48:08,00:04:11,10134.590113632,258.38732288815,0,5.6992806397439,0,35.189572671383,1,0,173.74887376074,1,,"",22.748992796813,0,2025-11-10 12:57:26
453,"2698",000000000840003238099155,2025-09-01 17:12:49,2025-09-01 17:14:58,00:02:07,10643.553717068,268.15151268481,0,1.5916248097978,0,36.077970674988,1,0,173.82526038283,1,,"",23.243282297824,0,2025-11-10 12:57:26
453,"2539",000000000840003220158394,2025-09-01 17:27:58,2025-09-01 17:30:49,00:02:38,11054.176089392,204.04231393137,0,6.5545020396036,0,35.962262692981,1,0,173.5392779791,1,,"",23.279970408087,0,2025-11-10 12:57:26
453,"2247",000000000840003135191337,2025-09-01 19:39:27,2025-09-01 19:44:15,00:04:11,10127.745169948,210.07467470423,0,1.6785598870606,0,35.599716128093,1,0,174.20490329262,1,,"",19.608697589841,0,2025-11-10 12:57:26
453,"2401",000000000840003228065326,2025-09-01 23:54:04,2025-09-01 23:59:05,00:02:42,13282.83821444,254.48900865276,0,3.4185710294653,0,35.754086732319,1,0,174.42389349205,1,,"",11.774155439164,0,2025-11-10 12:57:26
453,"2773",000000000840003238099230,2025-09-02 00:03:41,2025-09-02 00:09:22,00:02:35,7644.0051029456,128.33705970094,0,2.7498760032452,0,35.260950368114,1,0,174.33121099196,1,,"",11.692117556527,0,2025-11-10 12:57:26
453,"2671",000000000840003135191701,2025-09-02 00:13:45,2025-09-02 00:18:20,00:03:50,10227.283858892,258.42184458197,0,10.854999965009,0,35.193797876052,1,0,174.31470732824,1,,"",11.651416402792,0,2025-11-10 12:57:26
453,"2300",000000000840003135191403,2025-09-02 00:43:43,2025-09-02 00:46:59,00:02:27,8701.9474291386,128.18079666875,0,8.0661658365526,0,35.170077924392,1,0,174.48161754328,1,,"",11.412856191911,0,2025-11-10 12:57:26
453,"2749",000000000840003238099206,2025-09-02 00:50:11,2025-09-02 00:54:53,00:04:38,10526.837063271,202.48193885883,0,6.7426671310484,0,35.156415334294,1,0,174.63714730827,1,,"",11.729283243279,0,2025-11-10 12:57:26
453,"2461",000000000840003304248052,2025-09-02 00:58:30,2025-09-02 01:02:23,00:02:43,11385.448154201,234.68311511264,0,1.2858427865997,0,35.063318875267,1,0,173.7310128439,1,,"",11.877742290847,0,2025-11-10 12:57:26
453,"2539",000000000840003220158394,2025-09-02 01:07:44,2025-09-02 01:12:41,00:04:52,13367.722402855,149.49933662494,0,13.351085263702,0,35.127984455292,1,0,174.37296523377,1,,"",11.84756305859,0,2025-11-10 12:57:26
453,"2812",000000000840003256052703,2025-09-02 02:18:16,2025-09-02 02:22:54,00:04:34,16639.295630597,583.88374083249,0,0.80706785182954,0,35.044860346297,1,0,174.20049153159,1,,"",11.072524593008,0,2025-11-10 12:57:26
453,"2856",000000000840003256052747,2025-09-02 02:27:09,2025-09-02 02:32:13,00:03:58,16599.703756096,404.26007395456,0,0.97462265920653,0,35.107644295316,1,0,174.17242346719,1,,"",12.137965755757,0,2025-11-10 12:57:26
453,"2260",000000000840003135191714,2025-09-02 02:55:21,2025-09-02 02:59:26,00:03:48,18268.250525098,477.74500777722,0,7.6072537139844,0,35.597841982013,1,0,174.17794460973,1,,"",12.692486080574,0,2025-11-10 12:57:26
453,"2655",000000000840003238099112,2025-09-02 03:09:08,2025-09-02 03:13:12,00:04:01,19174.418620648,527.75047100431,0,8.3351756016778,0,35.017706895239,1,0,174.26116300531,1,,"",13.170362514381,0,2025-11-10 12:57:26
453,"1906",000000000840003135890504,2025-09-02 06:02:38,2025-09-02 06:06:55,00:04:13,14567.054123437,311.05072865544,0,0.17775337958085,0,35.252743677937,1,0,174.12101294317,1,,"",11.092436906255,0,2025-11-10 12:57:26
453,"2760",000000000840003238099217,2025-09-02 06:08:22,2025-09-02 06:11:51,00:02:25,13238.731899334,238.69843840003,0,0.24825509722595,0,35.305267232898,1,0,174.21367712378,1,,"",11.535338577158,0,2025-11-10 12:57:26
453,"2671",000000000840003135191701,2025-09-02 06:17:38,2025-09-02 06:21:40,00:02:47,19452.127448734,632.75110695886,0,5.9909265009459,0,35.208346362398,1,0,174.20080005379,1,,"",11.677179020931,0,2025-11-10 12:57:26
453,"2698",000000000840003238099155,2025-09-02 07:00:37,2025-09-02 07:06:28,00:04:46,12646.470109161,343.001964825,0,0.1941962867279,0,34.91751790339,1,0,174.1086805551,1,,"",10.369635907195,0,2025-11-10 12:57:26
453,"2300",000000000840003135191403,2025-09-02 08:57:22,2025-09-02 09:01:00,00:02:48,6785.1549843611,129.83271168216,0,3.1091456253563,0,35.178994040408,1,0,173.88716148912,1,,"",14.15225828631,0,2025-11-10 12:57:26
453,"2708",000000000840003238099165,2025-09-02 11:00:50,2025-09-02 11:05:05,00:04:04,10806.614095823,339.17097732732,0,7.7857172190538,0,34.819916455202,1,0,174.17563636791,1,,"",19.868326243649,0,2025-11-10 12:57:26
453,"2684",000000000840003238099141,2025-09-02 11:28:06,2025-09-02 11:32:47,00:04:29,11518.820027714,321.54136342104,0,4.7929482069534,0,34.841655182563,1,0,174.15119709468,1,,"",20.697114452103,0,2025-11-10 12:57:26
453,"2241",000000000840003135191331,2025-09-02 13:44:11,2025-09-02 13:49:11,00:03:48,15007.057061441,403.80660838812,0,6.3177539640506,0,34.879928366863,1,0,173.67415061993,1,,"",22.986561101116,0,2025-11-10 12:57:26
453,"2710",000000000840003238099167,2025-09-02 14:13:46,2025-09-02 14:16:53,00:03:04,11297.189228887,285.93493375263,0,1.7603806861889,0,34.750104636605,1,0,173.50431000074,1,,"",23.278151231261,0,2025-11-10 12:57:26
453,"2734",000000000840003238099191,2025-09-02 14:29:29,2025-09-02 14:33:23,00:02:03,13137.687120581,164.25052213763,0,7.2238734818416,0,34.9525796655,1,0,173.63739478037,1,,"",23.407973405051,0,2025-11-10 12:57:26
453,"2247",000000000840003135191337,2025-09-02 20:04:43,2025-09-02 20:09:08,00:04:21,8770.3372789528,248.74173899969,0,1.8352563146949,0,35.112634217864,1,0,173.9780031952,1,,"",17.396342004342,0,2025-11-10 12:57:26
453,"2461",000000000840003304248052,2025-09-03 01:10:34,2025-09-03 01:14:58,00:03:12,9852.7391095978,240.47980923938,0,0.12126681938392,0,34.699098380967,1,0,174.35041430362,1,,"",10.844562321629,0,2025-11-10 12:57:26
453,"2241",000000000840003135191331,2025-09-03 01:16:26,2025-09-03 01:20:52,00:03:47,14086.355639172,166.49651813975,0,10.093348127904,0,34.752072801426,1,0,174.54922618388,1,,"",11.448544406898,0,2025-11-10 12:57:26
453,"2710",000000000840003238099167,2025-09-03 01:24:12,2025-09-03 01:30:05,00:05:47,7633.3663599261,177.3896654023,0,3.4301697509626,0,34.837025429941,1,0,174.49229417968,1,,"",11.405569846487,0,2025-11-10 12:57:26
453,"2799",000000000840003238099256,2025-09-03 02:30:53,2025-09-03 02:33:17,00:02:22,16266.249431951,576.01986127908,0,6.9583650772187,0,34.267712680233,1,0,174.26173281929,1,,"",10.420285139899,0,2025-11-10 12:57:26
453,"2812",000000000840003256052703,2025-09-03 02:43:23,2025-09-03 02:48:19,00:04:47,14629.294815406,361.23621297226,0,0.27216256912037,0,34.484717053853,1,0,174.27092399586,1,,"",11.503155940089,0,2025-11-10 12:57:26
453,"2734",000000000840003238099191,2025-09-03 03:06:52,2025-09-03 03:09:58,00:02:51,19472.888751115,300.62295867705,0,9.0744000982835,0,34.469739897713,1,0,174.35934400241,1,,"",12.183423746486,0,2025-11-10 12:57:26
453,"2300",000000000840003135191403,2025-09-03 03:13:10,2025-09-03 03:16:33,00:02:28,16835.804092078,224.27612001074,0,7.4998380353701,0,34.525715956165,1,0,174.26737890567,1,,"",12.388752275575,0,2025-11-10 12:57:26
453,"2130",000000000840003199916767,2025-09-03 03:17:48,2025-09-03 03:20:42,00:02:27,19284.773012743,580.82754362427,0,2.8700751598905,0,34.471384535381,1,0,174.34443569386,1,,"",12.806688554346,0,2025-11-10 12:57:26
453,"2264",000000000840003135191358,2025-09-03 03:24:15,2025-09-03 03:28:06,00:03:04,17276.00044952,359.98803595148,0,8.4577549270872,0,34.482790915258,1,0,174.47152833612,1,,"",12.706677265109,0,2025-11-10 12:57:26
453,"2149",000000000840003260931385,2025-09-03 05:28:23,2025-09-03 05:33:37,00:05:10,14719.674900859,440.86124006625,0,1.3849663283937,0,34.280599765204,1,0,174.18582333008,1,,"",11.457258356581,0,2025-11-10 12:57:26
453,"2761",000000000840003238099218,2025-09-03 05:37:25,2025-09-03 05:42:13,00:04:26,13269.287248037,306.35447758728,0,1.0740476490519,0,34.391982733254,1,0,174.05713725384,1,,"",12.286958908777,0,2025-11-10 12:57:26
453,"2461",000000000840003304248052,2025-09-03 06:03:34,2025-09-03 06:07:18,00:03:40,17967.597013557,525.16787066708,0,0.30954028678301,0,34.920483588425,1,0,174.12227379749,1,,"",12.311895367504,0,2025-11-10 12:57:26
453,"2708",000000000840003238099165,2025-09-03 07:26:07,2025-09-03 07:28:17,00:02:09,11755.860342717,242.6529027602,0,0.7083810349292,0,34.930243229669,1,0,174.31132147936,1,,"",11.298124348106,0,2025-11-10 12:57:26
453,"2684",000000000840003238099141,2025-09-03 08:32:19,2025-09-03 08:37:38,00:03:36,7732.8378005849,146.77673486981,0,0.46618681761782,0,35.216431353813,1,0,174.41756527278,1,,"",13.128941947021,0,2025-11-10 12:57:26
453,"2401",000000000840003228065326,2025-09-03 09:18:04,2025-09-03 09:22:48,00:02:13,10843.899711555,155.9088120847,0,1.3144897200534,0,35.01229311609,1,0,174.11906158371,1,,"",15.802579873836,0,2025-11-10 12:57:26
453,"2264",000000000840003135191358,2025-09-03 11:08:36,2025-09-03 11:11:08,00:02:07,10913.268247367,196.80197901885,0,4.0849576215971,0,34.553989078601,1,0,173.77203511984,1,,"",20.106866429004,0,2025-11-10 12:57:26
453,"2615",000000000840003238099072,2025-09-03 12:18:24,2025-09-03 12:24:03,00:03:34,8053.7391202029,73.881926686373,0,6.312972617874,0,34.83680636738,1,0,173.54560219802,1,,"",22.161770619188,0,2025-11-10 12:57:26
453,"2711",000000000840003238099168,2025-09-03 12:39:30,2025-09-03 12:44:08,00:03:07,7722.2671377815,207.63094640099,0,0.19978213983726,0,34.53100705229,1,0,173.39303050674,1,,"",22.642323829661,0,2025-11-10 12:57:26
453,"2761",000000000840003238099218,2025-09-03 12:59:17,2025-09-03 13:03:00,00:03:39,8174.4526334464,242.29173446482,0,0.56791904510202,0,34.332880010484,1,0,173.20981574518,1,,"",22.773250792332,0,2025-11-10 12:57:26
453,"2281",000000000840003135191380,2025-09-03 13:38:38,2025-09-03 13:43:23,00:02:33,8717.1325356162,146.3941078786,0,4.920050324292,0,34.245460332612,1,0,173.67091359497,1,,"",23.557739696166,0,2025-11-10 12:57:26
453,"2852",000000000840003256052743,2025-09-03 14:24:03,2025-09-03 14:28:38,00:04:29,12500.236734205,323.92199681326,0,7.0453358625741,0,34.197669669785,1,0,173.79291008151,1,,"",24.196074557594,0,2025-11-10 12:57:26
453,"2323",000000000840003207699481,2025-09-03 14:37:50,2025-09-03 14:42:33,00:04:12,9639.7275772279,231.5868717423,0,8.0191874518579,0,34.162298840343,1,0,173.80263049381,1,,"",24.146558285605,0,2025-11-10 12:57:26
453,"2684",000000000840003238099141,2025-09-03 14:43:39,2025-09-03 14:48:15,00:04:27,9155.1655952741,238.68514732311,0,4.8680042942494,0,34.367777358408,1,0,173.66269497928,1,,"",24.244260748456,0,2025-11-10 12:57:26
453,"2247",000000000840003135191337,2025-09-03 15:56:55,2025-09-03 16:00:22,00:02:48,8365.2180626971,231.99088848889,0,4.0200751572169,0,34.149843056115,1,0,173.5785046147,1,,"",24.437903064136,0,2025-11-10 12:57:26
453,"2281",000000000840003135191380,2025-09-03 17:43:31,2025-09-03 17:49:00,00:02:15,9988.752006385,126.83164171174,0,6.9702692424981,0,34.308739725631,1,0,173.86419256285,1,,"",24.612552947944,0,2025-11-10 12:57:26
453,"2539",000000000840003220158394,2025-09-03 18:05:51,2025-09-03 18:08:53,00:02:49,9766.1266507874,155.87376886321,0,6.832566549236,0,34.323054567655,1,0,174.07840965087,1,,"",24.175200776361,0,2025-11-10 12:57:26
453,"2760",000000000840003238099217,2025-09-03 21:21:11,2025-09-03 21:27:04,00:03:29,7835.0622585124,161.56793276327,0,1.0774481225988,0,34.318193253186,1,0,173.99337430447,1,,"",15.436260931997,0,2025-11-10 12:57:26
453,"2749",000000000840003238099206,2025-09-03 22:19:26,2025-09-03 22:23:17,00:03:48,11315.939259784,295.33447001691,0,4.1219862567178,0,34.426791659727,1,0,174.27211922709,1,,"",14.600724282317,0,2025-11-10 12:57:26
453,"2655",000000000840003238099112,2025-09-03 22:23:18,2025-09-03 22:27:46,00:04:24,10865.434785193,210.07241861765,0,9.1666777678328,0,34.426357791175,1,0,174.33540715359,1,,"",14.839181291343,0,2025-11-10 12:57:26
453,"2264",000000000840003135191358,2025-09-04 00:03:16,2025-09-04 00:08:51,00:04:15,12262.950839982,280.98426469847,0,5.6073519418092,0,34.262897397835,1,0,174.29600469226,1,,"",13.599349766911,0,2025-11-10 12:57:26
453,"2698",000000000840003238099155,2025-09-04 00:28:41,2025-09-04 00:34:13,00:04:38,11265.023881795,351.78908293959,0,0.30567435586693,0,34.427271483964,1,0,174.4274005136,1,,"",14.095192821618,0,2025-11-10 12:57:26
453,"2772",000000000840003238099229,2025-09-04 00:44:40,2025-09-04 00:49:47,00:05:04,8201.1570559683,193.35031620132,0,2.6333265045911,0,34.359786087464,1,0,174.22309151059,1,,"",14.309132286779,0,2025-11-10 12:57:26
453,"2260",000000000840003135191714,2025-09-04 03:08:43,2025-09-04 03:13:43,00:03:53,9051.397209831,190.12662343733,0,7.917906016351,0,35.0279513239,1,0,174.52146175279,1,,"",15.17485418182,0,2025-11-10 12:57:26
453,"2774",000000000840003238099231,2025-09-04 05:59:07,2025-09-04 06:03:00,00:03:49,9067.9957455697,286.73351857067,0,0.36493310387325,0,34.019739115442,1,0,174.46634023512,1,,"",14.084758738258,0,2025-11-10 12:57:26
453,"2749",000000000840003238099206,2025-09-04 07:07:28,2025-09-04 07:12:56,00:05:20,7105.515992946,198.51425815756,0,0.25442089330504,0,34.768735622634,1,0,174.51159113971,1,,"",13.439708755734,0,2025-11-10 12:57:26
453,"2501",000000000840003135191705,2025-09-04 07:15:52,2025-09-04 07:19:43,00:03:38,8299.6854828843,290.6279791532,0,0.13378665142142,0,34.739595427272,1,0,174.32329986137,1,,"",13.794162628272,0,2025-11-10 12:57:26
453,"2761",000000000840003238099218,2025-09-04 07:32:46,2025-09-04 07:37:05,00:03:28,5437.4819420984,128.14200094788,0,0.40297315588716,0,34.371765252225,1,0,174.11842781628,1,,"",14.341341112461,0,2025-11-10 12:57:26
453,"2684",000000000840003238099141,2025-09-04 08:15:11,2025-09-04 08:20:15,00:05:00,9702.8783587333,268.77339748156,0,1.7329034268955,0,34.03783912964,1,0,174.27603212758,1,,"",16.198084801067,0,2025-11-10 12:57:26
453,"2671",000000000840003135191701,2025-09-04 08:32:13,2025-09-04 08:36:50,00:03:35,10591.461018136,330.97498914314,0,5.2444860817867,0,33.94575848278,1.002712075861,0,174.52104076464,1,,"",16.840262733739,0,2025-11-10 12:57:26
453,"2247",000000000840003135191337,2025-09-04 08:37:41,2025-09-04 08:40:16,00:02:24,8612.8225455648,208.55888748966,0,2.8672065941421,0,33.777934570558,1.0111032714721,0,174.13897043701,1,,"",17.143866235417,0,2025-11-10 12:57:26
453,"2734",000000000840003238099191,2025-09-04 08:47:15,2025-09-04 08:50:39,00:03:01,12038.293809005,357.29826570559,0,3.9738572467844,0,33.957248070522,1.0021375964739,0,174.25058947085,1,,"",17.697417121291,0,2025-11-10 12:57:26
453,"2264",000000000840003135191358,2025-09-04 10:58:40,2025-09-04 11:02:20,00:02:34,9652.4447863188,159.02483049007,0,0.58732637898757,0,33.776746910568,1.0111626544716,0,173.43244706606,1,,"",20.994072137591,0,2025-11-10 12:57:26
453,"2749",000000000840003238099206,2025-09-04 11:14:14,2025-09-04 11:16:39,00:02:23,9860.1189306496,276.42260330865,0,2.1113877895737,0,34.073066769557,1,0,173.93529961014,1,,"",21.536508321504,0,2025-11-10 12:57:26
453,"2615",000000000840003238099072,2025-09-04 11:47:17,2025-09-04 11:52:57,00:04:25,9055.9170669693,160.52474297775,0,6.3974238735095,0,33.933852232134,1.0033073883933,0,174.32019221255,1,,"",22.604159398117,0,2025-11-10 12:57:26
453,"2281",000000000840003135191380,2025-09-04 14:58:44,2025-09-04 15:04:31,00:02:40,8781.3541084949,148.2705098941,0,6.5213970706494,0,33.857191635934,1.0071404182033,0,173.97325203141,1,,"",20.700134351139,0,2025-11-10 12:57:26
453,"2655",000000000840003238099112,2025-09-04 15:06:44,2025-09-04 15:10:18,00:03:29,9550.8007166198,279.2584670461,0,2.2945010018887,0,33.832294820191,1.0083852589904,0,173.99479723719,1,,"",20.696081796362,0,2025-11-10 12:57:26
453,"2655",000000000840003238099112,2025-09-04 15:07:34,2025-09-04 15:09:57,00:02:20,9945.7892171105,267.34480299754,0,2.4688241699282,0,33.862857202272,1.0068571398864,0,174.05915758239,1,,"",20.695666923305,1,2025-12-10 14:20:33
453,"2708",000000000840003238099165,2025-09-04 15:11:21,2025-09-04 15:14:54,00:03:29,10121.140232737,224.2277247622,0,6.7672528493569,0,33.685325291442,1.0157337354279,0,174.0194835765,1,,"",20.778663435484,0,2025-11-10 12:57:26
453,"2761",000000000840003238099218,2025-09-04 15:36:14,2025-09-04 15:41:04,00:03:26,9886.3224082388,251.15195669689,0,6.481822899111,0,33.540427995827,1.0229786002087,0,174.11365363882,1,,"",20.3763997863,0,2025-11-10 12:57:26
453,"2461",000000000840003304248052,2025-09-04 15:44:13,2025-09-04 15:47:48,00:02:52,11114.683643654,251.72412969955,0,2.3989354035412,0,33.496958483935,1.0251520758032,0,173.76416683829,1,,"",20.517466542029,0,2025-11-10 12:57:26
453,"2247",000000000840003135191337,2025-09-04 19:24:26,2025-09-04 19:28:57,00:04:27,12910.632275137,377.11301094071,0,1.9074526160426,0,33.079029210209,1.0460485394896,0,173.8149368592,1,,"",17.520877705958,0,2025-11-10 12:57:26
453,"2655",000000000840003238099112,2025-09-04 19:33:02,2025-09-04 19:37:35,00:04:28,13731.385801381,336.18485194577,0,10.792930114364,0,33.257251120992,1.0371374439504,0,173.987048217,1,,"",17.428942454678,0,2025-11-10 12:57:26
453,"2710",000000000840003238099167,2025-09-04 19:44:33,2025-09-04 19:47:43,00:03:07,10891.208376282,266.8410603762,0,3.5116661516794,0,33.294012864005,1.0352993567998,0,174.02409524277,1,,"",16.897680597239,0,2025-11-10 12:57:26
453,"2684",000000000840003238099141,2025-09-05 00:05:06,2025-09-05 00:08:46,00:03:31,12361.147705745,320.76747482486,0,7.802254650528,0,32.69714409759,1.0651427951205,0,174.47669548933,1,,"",15.078079784206,0,2025-11-10 12:57:26
453,"2710",000000000840003238099167,2025-09-05 00:09:13,2025-09-05 00:14:21,00:04:32,13028.566896551,291.22451646538,0,6.4533768894678,0,32.828465492848,1.0585767253576,0,174.54109923277,1,,"",15.450031783046,0,2025-11-10 12:57:26
453,"2461",000000000840003304248052,2025-09-05 00:42:20,2025-09-05 00:46:38,00:03:54,14669.510952559,423.73542415978,0,1.4214299924633,0,32.675356162336,1.0662321918832,0,174.45629788903,1,,"",14.524632719744,0,2025-11-10 12:57:26
453,"2749",000000000840003238099206,2025-09-05 00:48:40,2025-09-05 00:58:36,00:04:19,10230.885601499,320.8099085748,0,3.515056419677,0,32.875277573697,1.0562361213152,0,174.39506677067,1,,"",14.773430258067,0,2025-11-10 12:57:26
453,"2264",000000000840003135191358,2025-09-05 02:19:23,2025-09-05 02:23:11,00:02:55,11044.1329715,203.69670680021,0,5.3507581114473,0,32.280927985443,1.0859536007279,0,174.11778938999,1,,"",14.602873195099,0,2025-11-10 12:57:26
453,"2734",000000000840003238099191,2025-09-05 02:47:07,2025-09-05 02:59:59,00:02:26,12983.966855454,184.7030737093,0,6.3374064777182,0,33.021104568544,1.0489447715728,0,174.59800904388,1,,"",14.196464763892,0,2025-11-10 12:57:26
453,"2461",000000000840003304248052,2025-09-05 06:05:44,2025-09-05 06:09:59,00:02:38,10644.870636308,290.03136080687,0,1.6824767865876,0,32.834211076893,1.0582894461554,0,174.52304765825,1,,"",13.801957740275,0,2025-11-10 12:57:26
453,"2710",000000000840003238099167,2025-09-05 06:23:57,2025-09-05 06:28:47,00:03:54,8816.0404014966,181.23182946404,0,3.8031147987273,0,32.617403941049,1.0691298029476,0,174.35188352197,1,,"",13.641993062464,0,2025-11-10 12:57:26
453,"1948",000000000840003135191614,2025-09-05 07:07:48,2025-09-05 07:12:12,00:03:07,6903.5008014986,131.8979891446,0,0,0,32.653092870556,1.0673453564722,0,174.32400244377,1,,"",13.381589135292,0,2025-11-10 12:57:26
453,"2749",000000000840003238099206,2025-09-05 08:33:52,2025-09-05 08:36:56,00:03:01,11438.080151278,341.37643926395,0,4.4049504623676,0,33.063703085342,1.0468148457329,0,174.33846690155,1,,"",14.727031608901,0,2025-11-10 12:57:26
453,"2264",000000000840003135191358,2025-09-05 08:37:24,2025-09-05 08:42:27,00:04:02,11109.555706872,252.09498429091,0,4.3415465725786,0,32.953244049287,1.0523377975356,0,174.37288699445,1,,"",15.024366196189,0,2025-11-10 12:57:26
453,"2710",000000000840003238099167,2025-09-05 10:52:25,2025-09-05 10:54:30,00:02:04,10853.405896002,283.23103395043,0,4.6297996159108,0,33.547462812676,1.0226268593662,0,174.45068350256,1,,"",17.652057944027,0,2025-11-10 12:57:26
453,"2247",000000000840003135191337,2025-09-05 10:57:07,2025-09-05 11:00:08,00:02:57,8230.8500163781,265.84432254824,0,3.1996668274229,0,33.463958534105,1.0268020732947,0,174.61684282959,1,,"",17.983411157197,0,2025-11-10 12:57:26
453,"2708",000000000840003238099165,2025-09-05 11:08:05,2025-09-05 11:10:11,00:02:04,9889.4446126084,170.05339304596,0,10.221828639994,0,33.359124325578,1.0320437837211,0,174.33539256301,1,,"",18.370085345959,0,2025-11-10 12:57:26
453,"2670",000000000840003238099127,2025-09-05 12:13:39,2025-09-05 12:18:01,00:02:48,11634.906849481,91.066144518922,0,11.524961235923,0,33.538098142193,1.0230950928904,0,173.92846740414,1,,"",20.282929792806,0,2025-11-10 12:57:26
453,"2264",000000000840003135191358,2025-09-05 13:22:52,2025-09-05 13:32:22,00:06:07,9567.4102957262,217.01149420224,0,2.5623251316499,0,33.55165551055,1.0224172244725,0,174.179115478,1,,"",21.25251789565,0,2025-11-10 12:57:26
453,"2149",000000000840003260931385,2025-09-05 13:34:46,2025-09-05 13:38:28,00:03:38,11885.270184289,251.14276852538,0,7.7494113303542,0,33.876569676204,1.0061715161898,0,173.90594662101,1,,"",21.544898674516,0,2025-11-10 12:57:26
453,"2501",000000000840003135191705,2025-09-05 13:55:04,2025-09-05 13:59:35,00:04:16,10986.54507942,353.63047136755,0,3.4074010091327,0,33.846219421413,1.0076890289293,0,173.80800523779,1,,"",21.579933935746,0,2025-11-10 12:57:26
453,"2721",000000000840003135191704,2025-09-05 15:15:55,2025-09-05 15:18:06,00:02:09,9466.8185831927,215.47828529234,0,4.5921371598417,0,33.804432237698,1.0097783881151,0,174.09703099947,1,,"",22.910927329809,0,2025-11-10 12:57:26
453,"2749",000000000840003238099206,2025-09-05 15:38:45,2025-09-05 15:42:59,00:02:38,9056.2295269146,269.0991911217,0,0.48534174346609,0,33.488553585736,1.0255723207132,0,173.88571128849,1,,"",23.435026463286,0,2025-11-10 12:57:26
453,"2247",000000000840003135191337,2025-09-05 16:45:34,2025-09-05 16:50:30,00:02:44,6854.1024184731,210.39338644823,0,2.6115221149843,0,33.456996056268,1.0271501971866,0,173.90657553247,1,,"",24.539561931219,0,2025-11-10 12:57:26
453,"2780",000000000840003238099237,2025-09-05 21:39:50,2025-09-05 21:44:13,00:04:20,11692.708220345,267.79616962985,0,5.8612002917198,0,33.515342237428,1.0242328881286,0,173.98335541991,1,,"",21.126207415422,0,2025-11-10 12:57:26
453,"2274",000000000840003135191372,2025-09-05 22:12:15,2025-09-05 22:14:28,00:02:10,13959.638318326,431.61108040412,0,4.9999149019505,0,33.44040309861,1.0279798450695,0,174.10951590399,1,,"",21.461162288776,0,2025-11-10 12:57:26
453,"2671",000000000840003135191701,2025-09-05 23:45:11,2025-09-05 23:49:08,00:03:01,13423.286456693,341.75540243235,0,8.7274727437513,0,33.273201416763,1.0363399291618,0,173.37650008105,1,,"",22.245209078665,0,2025-11-10 12:57:26
453,"2774",000000000840003238099231,2025-09-06 00:06:27,2025-09-06 00:10:45,00:04:14,11230.664711027,360.71614378067,0,0.56937058518522,0,33.438193129498,1.0280903435251,0,173.71682541246,1,,"",21.570538093522,0,2025-11-10 12:57:26
453,"2749",000000000840003238099206,2025-09-06 00:26:43,2025-09-06 00:31:20,00:04:33,12032.16180816,337.25284569502,0,0.83633311721147,0,33.298376473041,1.0350811763479,0,173.66776420207,1,,"",20.848046651164,0,2025-11-10 12:57:26
453,"2264",000000000840003135191358,2025-09-06 00:41:38,2025-09-06 00:45:54,00:04:10,12563.695767385,282.58992088407,0,5.0103430310874,0,33.505341170883,1.0247329414558,0,173.61549110112,1,,"",20.546999673462,0,2025-11-10 12:57:26
453,"2734",000000000840003238099191,2025-09-06 00:50:43,2025-09-06 00:55:18,00:03:11,14629.204445983,247.21813692619,0,3.5034965500787,0,33.601108059491,1.0199445970254,0,173.85068971372,1,,"",20.214785548338,0,2025-11-10 12:57:26
453,"2780",000000000840003238099237,2025-09-06 02:31:20,2025-09-06 02:36:25,00:05:00,11780.582317981,284.05964495992,0,2.6300841171307,0,33.458221935015,1.0270889032492,0,174.12488173895,1,,"",17.704810795591,0,2025-11-10 12:57:26
453,"2708",000000000840003238099165,2025-09-06 02:41:28,2025-09-06 02:46:04,00:03:16,11140.179219434,213.54274091901,0,4.92560046755,0,33.454533777237,1.0272733111381,0,173.85030167077,1,,"",17.793280731307,0,2025-11-10 12:57:26
453,"2247",000000000840003135191337,2025-09-06 03:00:25,2025-09-06 03:03:29,00:03:03,11915.880763572,297.32620525029,0,1.4436208076884,0,33.177494207106,1.0411252896447,0,174.23828553774,1,,"",17.224608579738,0,2025-11-10 12:57:26
453,"2710",000000000840003238099167,2025-09-06 03:05:25,2025-09-06 03:08:07,00:02:40,12280.490348768,296.98425589481,0,3.5789820806263,0,33.273694004957,1.0363152997522,0,174.0294128599,1,,"",17.5006965754,0,2025-11-10 12:57:26
453,"2710",000000000840003238099167,2025-09-06 07:30:56,2025-09-06 07:33:38,00:02:39,8436.4377384781,198.2363203108,0,0.36243204922074,0,33.050201786293,1.0474899106853,0,173.80313123268,1,,"",15.510297025025,0,2025-11-10 12:57:26
453,"2264",000000000840003135191358,2025-09-06 07:34:18,2025-09-06 07:38:47,00:03:29,10447.550839437,174.24762967344,0,0.32538453504789,0,32.988861822622,1.0505569088689,0,174.58503030055,1,,"",15.869697850738,0,2025-11-10 12:57:26
453,"2812",000000000840003256052703,2025-09-06 08:11:32,2025-09-06 08:14:15,00:02:35,8173.9245241697,179.19329684396,0,0.17571680418299,0,32.73800412332,1.063099793834,0,174.70510218209,1,,"",15.057768631261,0,2025-11-10 12:57:26
453,"2130",000000000840003199916767,2025-09-06 08:37:30,2025-09-06 08:40:44,00:02:03,13855.784544162,451.32720418236,0,2.4460468158663,0,32.788310611123,1.0605844694438,0,174.43536117551,1,,"",15.512272212017,0,2025-11-10 12:57:26
453,"2300",000000000840003135191403,2025-09-06 08:42:13,2025-09-06 08:47:10,00:03:22,7972.0274859938,181.47648927911,0,2.9402896355285,0,32.844109266046,1.0577945366977,0,174.65705251531,1,,"",15.638726312945,0,2025-11-10 12:57:26
453,"2734",000000000840003238099191,2025-09-06 09:03:24,2025-09-06 09:08:33,00:02:58,13677.298307941,237.22901324224,0,2.9396379171839,0,32.814742131047,1.0592628934477,0,174.48743869332,1,,"",15.809152122501,0,2025-11-10 12:57:26
453,"2149",000000000840003260931385,2025-09-06 11:37:57,2025-09-06 11:42:38,00:04:07,12997.772031139,328.41838000865,0,0.86872808474855,0,32.472041600031,1.0763979199984,0,174.50837346755,1,,"",14.725268683696,0,2025-11-10 12:57:26
453,"2698",000000000840003238099155,2025-09-06 11:57:02,2025-09-06 12:03:07,00:04:52,10259.029394144,342.56239900737,0,0.60575264059281,0,33.935258701848,1.0032370649076,0,174.27746722944,1,,"",14.952515212748,0,2025-11-10 12:57:26
453,"2539",000000000840003220158394,2025-09-06 12:27:41,2025-09-06 12:32:22,00:04:00,14243.222405108,344.48240354149,0,2.3191948610467,0,33.754567070069,1.0122716464965,0,174.57357383764,1,,"",15.271529243438,0,2025-11-10 12:57:26
453,"2671",000000000840003135191701,2025-09-06 13:42:05,2025-09-06 13:45:51,00:03:06,12493.55475734,350.52414458839,0,6.1011538828497,0,34.063612892798,1,0,174.41729021879,1,,"",16.075891752915,0,2025-11-10 12:57:26
453,"2247",000000000840003135191337,2025-09-06 14:21:24,2025-09-06 14:25:08,00:03:41,14331.919017073,420.69043059762,0,4.079535354706,0,33.864210452246,1.0067894773877,0,174.40576143963,1,,"",17.017355888296,0,2025-11-10 12:57:26
453,"2300",000000000840003135191403,2025-09-06 14:27:35,2025-09-06 14:32:12,00:03:12,15248.185339381,376.4520956015,0,3.763349051631,0,34.415077005472,1,0,174.57529089732,1,,"",17.513335223381,0,2025-11-10 12:57:26
453,"2710",000000000840003238099167,2025-09-06 14:53:20,2025-09-06 14:56:25,00:03:03,11093.552848269,293.24020303662,0,3.7180762662658,0,34.444726534817,1,0,174.41159616974,1,,"",17.127129494295,0,2025-11-10 12:57:26
453,"2247",000000000840003135191337,2025-09-06 19:40:07,2025-09-06 19:45:22,00:05:09,12517.573498138,388.39894423322,0,2.3796248319822,0,33.911511435564,1.0044244282218,0,174.44212767254,1,,"",16.346283252733,0,2025-11-10 12:57:26
453,"2274",000000000840003135191372,2025-09-06 21:05:02,2025-09-06 21:08:52,00:03:47,15934.529049155,440.5876312269,0,4.1055038478357,0,33.396393933036,1.0301803033482,0,174.46382963314,1,,"",15.146188690964,0,2025-11-10 12:57:26
453,"2259",000000000840003135191352,2025-09-06 21:18:58,2025-09-06 21:23:51,00:04:46,8960.0519644846,184.64126339679,0,0.2377871438856,0,33.570200735224,1.0214899632388,0,174.40807396819,1,,"",14.934536274991,0,2025-11-10 12:57:26
453,"2698",000000000840003238099155,2025-09-06 22:11:53,2025-09-06 22:17:06,00:05:08,12264.770687052,315.38305520545,0,0.38661483814097,0,33.512280073648,1.0243859963176,0,174.50236611345,1,,"",15.480361632859,0,2025-11-10 12:57:26
453,"2502",000000000840003220158357,2025-09-06 23:26:16,2025-09-06 23:31:16,00:04:56,13762.337375106,465.60897635303,0,1.7563018488509,0,33.777572217107,1.0111213891446,0,174.49109432834,1,,"",15.83822991554,0,2025-11-10 12:57:26
453,"2773",000000000840003238099230,2025-09-07 00:00:20,2025-09-07 00:07:52,00:03:00,11924.112845842,252.76759987724,0,3.250143304522,0,33.703427800298,1.0148286099851,0,174.49072277053,1,,"",15.445401816808,0,2025-11-10 12:57:26
453,"2264",000000000840003135191358,2025-09-07 00:24:45,2025-09-07 00:29:07,00:04:17,12944.417856441,318.64936447598,0,2.9432967346091,0,33.591215445298,1.0204392277351,0,174.38625108448,1,,"",15.237303489074,0,2025-11-10 12:57:26
453,"2749",000000000840003238099206,2025-09-07 00:35:12,2025-09-07 00:39:35,00:02:56,13993.007460598,420.28132658235,0,2.8486064733748,0,33.545630510444,1.0227184744778,0,174.50522349211,1,,"",15.489379449422,0,2025-11-10 12:57:26
453,"2300",000000000840003135191403,2025-09-07 00:41:56,2025-09-07 00:44:15,00:02:17,15198.324546638,447.66899495422,0,3.7677440194407,0,33.61660802646,1.019169598677,0,174.60556672953,1,,"",15.668747820197,0,2025-11-10 12:57:26
453,"2247",000000000840003135191337,2025-09-07 00:47:41,2025-09-07 00:51:29,00:03:45,14425.644769677,430.340979469,0,1.9668444387877,0,33.65026830634,1.017486584683,0,174.43026245345,1,,"",15.617419962103,0,2025-11-10 12:57:26
453,"2241",000000000840003135191331,2025-09-07 00:53:21,2025-09-07 00:58:29,00:04:58,18588.337788287,425.09869740995,0,10.310200577433,0,33.561337338473,1.0219331330763,0,174.46685165263,1,,"",15.854271417816,0,2025-11-10 12:57:26
453,"2698",000000000840003238099155,2025-09-07 01:06:04,2025-09-07 01:12:27,00:06:11,10735.392431388,267.06283590655,0,0.022870496498848,0,33.652930398963,1.0173534800518,0,174.60340632036,1,,"",14.945471663753,0,2025-11-10 12:57:26
453,"2708",000000000840003238099165,2025-09-07 01:14:01,2025-09-07 01:16:47,00:02:10,11108.943200577,229.81500796957,0,8.4022747807485,0,33.618654674954,1.0190672662523,0,174.10446483912,1,,"",14.936772938172,0,2025-11-10 12:57:26
453,"2721",000000000840003135191704,2025-09-07 02:36:28,2025-09-07 02:39:16,00:02:45,14475.524413348,387.12207011706,0,5.0042390422721,0,33.134449928424,1.0432775035788,0,174.49982128736,1,,"",14.01125214497,0,2025-11-10 12:57:26
453,"2502",000000000840003220158357,2025-09-07 02:40:27,2025-09-07 02:45:51,00:05:18,10085.362146456,247.02822646455,0,1.8632691594827,0,33.41307664162,1.029346167919,0,174.57342546675,1,,"",14.134245572426,0,2025-11-10 12:57:26
453,"2401",000000000840003228065326,2025-09-07 02:58:15,2025-09-07 03:02:21,00:02:54,11868.782577884,187.61684647854,0,3.8765842741852,0,33.331356027426,1.0334321986287,0,174.34170998004,1,,"",13.411615961617,0,2025-11-10 12:57:26
453,"2734",000000000840003238099191,2025-09-07 03:07:16,2025-09-07 03:10:23,00:02:17,13348.381922247,287.5551051237,0,0.61969022217358,0,33.568246513162,1.0215876743419,0,174.27250607426,1,,"",13.525742275312,0,2025-11-10 12:57:26
453,"2710",000000000840003238099167,2025-09-07 03:25:44,2025-09-07 03:30:38,00:04:47,12294.702003512,173.83925878127,0,10.26868174359,0,33.722953481616,1.0138523259192,0,174.42081757449,1,,"",12.654108032116,0,2025-11-10 12:57:26
453,"2130",000000000840003199916767,2025-09-07 04:12:57,2025-09-07 04:17:51,00:04:20,12217.20545864,240.34988263378,0,0.13321710861976,0,33.222274060804,1.0388862969598,0,174.24400746067,1,,"",11.924587922656,0,2025-11-10 12:57:26
453,"2772",000000000840003238099229,2025-09-07 07:13:20,2025-09-07 07:17:42,00:04:18,11691.723505179,174.55388290199,0,0.18573885216292,0,33.202603124112,1.0398698437944,0,174.25475951548,1,,"",10.969445856756,0,2025-11-10 12:57:26
453,"2502",000000000840003220158357,2025-09-07 07:43:13,2025-09-07 07:46:22,00:03:06,13134.441416784,349.59797661403,0,0.25036203021138,0,33.098566405514,1.0450716797243,0,174.17599686487,1,,"",11.85675622317,0,2025-11-10 12:57:26
453,"2749",000000000840003238099206,2025-09-07 07:56:32,2025-09-07 08:09:23,00:04:59,10077.650873172,254.30861244883,0,0.10667358558449,0,33.408090445741,1.029595477713,0,173.94416288747,1,,"",11.566275566581,0,2025-11-10 12:57:26
453,"2671",000000000840003135191701,2025-09-07 09:26:12,2025-09-07 09:32:03,00:02:05,13994.029068396,365.65350702531,0,3.6330516468607,0,33.549021235793,1.0225489382104,0,174.21572733675,1,,"",14.828204857251,0,2025-11-10 12:57:26
453,"2710",000000000840003238099167,2025-09-07 10:49:12,2025-09-07 10:52:42,00:03:04,11574.025051846,256.29899277887,0,5.1995178006348,0,33.836974290001,1.0081512855,0,174.44846044765,1,,"",15.778371239052,0,2025-11-10 12:57:26
453,"2300",000000000840003135191403,2025-09-07 10:57:34,2025-09-07 11:00:24,00:02:04,12625.736177638,292.00481455671,0,3.8073690261184,0,33.751438882529,1.0124280558735,0,174.06366760466,1,,"",16.173186252883,0,2025-11-10 12:57:26
453,"2264",000000000840003135191358,2025-09-07 11:01:27,2025-09-07 11:04:20,00:02:38,12096.936897821,307.40812321232,0,4.0609919725613,0,33.671199324244,1.0164400337878,0,174.13205620859,1,,"",16.287205701438,0,2025-11-10 12:57:26
453,"2274",000000000840003135191372,2025-09-07 11:06:12,2025-09-07 11:10:26,00:04:10,15641.097124758,516.0493689347,0,3.7821294135161,0,33.657299009367,1.0171350495316,0,174.18785934528,1,,"",16.435617286168,0,2025-11-10 12:57:26
453,"2615",000000000840003238099072,2025-09-07 11:17:54,2025-09-07 11:20:04,00:02:08,15514.986140525,480.00219599933,0,8.777401268994,0,33.641168453065,1.0179415773467,0,174.61916885557,1,,"",16.391500223832,0,2025-11-10 12:57:26
453,"2772",000000000840003238099229,2025-09-07 11:21:52,2025-09-07 11:28:44,00:06:44,12060.006036905,316.26639029087,0,2.9803276337562,0,33.76072784996,1.011963607502,0,174.53360169196,1,,"",16.799300079058,0,2025-11-10 12:57:26
453,"2749",000000000840003238099206,2025-09-07 12:13:54,2025-09-07 12:17:20,00:03:23,14181.04316673,489.03542057942,0,0.7788703871713,0,33.730095915129,1.0134952042435,0,174.24020623448,1,,"",16.149018113898,0,2025-11-10 12:57:26
453,"1906",000000000840003135890504,2025-09-07 13:11:31,2025-09-07 13:14:09,00:02:35,12819.846426445,400.00158125117,0,0.37792541499159,0,33.836877148645,1.0081561425677,0,174.54565844531,1,,"",15.826687064823,0,2025-11-10 12:57:26
453,"2749",000000000840003238099206,2025-09-08 11:17:14,2025-09-08 11:20:36,00:02:24,12275.033328432,270.9232255374,0,0.72228862788462,0,36.334771518381,1,0,174.40538807048,1,,"",15.197276828222,0,2025-11-10 12:57:26
453,"2264",000000000840003135191358,2025-09-08 13:01:13,2025-09-08 13:04:08,00:02:33,12802.09161908,282.41830035858,0,1.3719625977922,0,36.232278841927,1,0,174.10129356345,1,,"",16.312247132681,0,2025-11-10 12:57:26
453,"2684",000000000840003238099141,2025-09-08 13:56:50,2025-09-08 14:02:05,00:04:24,13565.693111576,336.84981915396,0,6.7152754690081,0,36.754528263432,1,0,174.16608693679,1,,"",17.059606726433,0,2025-11-10 12:57:26
453,"2708",000000000840003238099165,2025-09-08 14:14:31,2025-09-08 14:17:56,00:02:54,13993.152381231,338.41313462369,0,10.908989975264,0,36.342496173945,1,0,173.91626590183,1,,"",17.781430192012,0,2025-11-10 12:57:26
453,"1856",000000000840003135191446,2025-09-08 14:19:06,2025-09-08 14:22:36,00:03:27,7165.1798231684,26.678996273655,0,2.1647176241267,0,36.241780454395,1,0,174.4262835501,1,,"",17.755506860158,0,2025-11-10 12:57:26
453,"2247",000000000840003135191337,2025-09-08 14:24:10,2025-09-08 14:27:43,00:02:02,13880.470738102,386.75524873675,0,3.565697733973,0,36.358812638504,1,0,174.02337957195,1,,"",17.985219766442,0,2025-11-10 12:57:26
453,"2401",000000000840003228065326,2025-09-08 15:05:54,2025-09-08 15:10:26,00:02:36,13342.2117033,348.49211482249,0,5.6768008059528,0,36.395166472037,1,0,174.2183314538,1,,"",17.76159294427,0,2025-11-10 12:57:26
453,"2671",000000000840003135191701,2025-09-08 15:25:16,2025-09-08 15:29:42,00:03:00,15738.72115811,348.26486446447,0,6.0420489202,0,36.27221420465,1,0,174.3896946668,1,,"",17.947974575678,0,2025-11-10 12:57:26
453,"2780",000000000840003238099237,2025-09-08 15:40:53,2025-09-08 15:45:01,00:03:57,16491.005446993,476.67651810108,0,1.3796794101913,0,36.190129125921,1,0,174.45883734684,1,,"",17.91429244891,0,2025-11-10 12:57:26
453,"2274",000000000840003135191372,2025-09-08 19:19:02,2025-09-08 19:23:10,00:04:04,15451.663108679,359.0560201414,0,3.5909803570838,0,36.545264752277,1,0,174.18290102615,1,,"",15.233166692323,0,2025-11-10 12:57:26
453,"2501",000000000840003135191705,2025-09-08 23:22:25,2025-09-08 23:26:22,00:02:38,15325.117393647,321.33048639506,0,1.2168031252891,0,36.123616002432,1,0,174.47398383423,1,,"",9.2574505334391,0,2025-11-10 12:57:26
453,"2264",000000000840003135191358,2025-09-08 23:49:52,2025-09-08 23:54:53,00:04:56,16013.772073769,378.63626213623,0,0.59427725276794,0,36.130759065841,1,0,174.48299620845,1,,"",9.7035270122516,0,2025-11-10 12:57:26
453,"2710",000000000840003238099167,2025-09-09 00:16:47,2025-09-09 00:21:58,00:05:06,15812.832875362,274.69290311945,0,11.769253800039,0,36.234415239431,1,0,174.29684612299,1,,"",9.0008215563011,0,2025-11-10 12:57:26
453,"2300",000000000840003135191403,2025-09-09 00:24:08,2025-09-09 00:29:14,00:03:51,17696.804360792,391.10638759428,0,4.3591851716227,0,36.243328252376,1,0,174.41503600273,1,,"",9.7413744504756,0,2025-11-10 12:57:26
453,"2749",000000000840003238099206,2025-09-09 00:29:36,2025-09-09 00:35:10,00:03:48,17100.218819259,477.46887789375,0,3.5862171383924,0,36.249759469122,1,0,174.21823017255,1,,"",10.312873937317,0,2025-11-10 12:57:26
453,"2525",000000000840003304248037,2025-09-09 00:42:00,2025-09-09 00:46:18,00:03:26,17886.82217876,438.71531610821,0,8.0961924412021,0,36.289658409357,1,0,174.27506633234,1,,"",9.914480902461,0,2025-11-10 12:57:26
453,"2856",000000000840003256052747,2025-09-09 02:00:54,2025-09-09 02:04:40,00:03:43,15128.762201813,429.50551463893,0,3.0374194445817,0,36.8493804133,1,0,174.40121764463,1,,"",7.6061070256798,0,2025-11-10 12:57:26
453,"2494",000000000840003220158349,2025-09-09 02:21:08,2025-09-09 02:26:41,00:03:49,12556.450121819,215.53007746841,0,0.31077398496555,0,36.855182882199,1,0,174.41585324061,1,,"",7.3472432483132,0,2025-11-10 12:57:26
453,"2264",000000000840003135191358,2025-09-09 02:42:28,2025-09-09 02:47:03,00:03:54,16472.915349248,402.05267563003,0,2.6101298361069,0,36.140365663833,1,0,174.51032956725,1,,"",9.0769849303003,0,2025-11-10 12:57:26
453,"2401",000000000840003228065326,2025-09-09 06:20:40,2025-09-09 06:25:10,00:03:06,16409.735137307,307.75517931736,0,4.7236602545337,0,36.257326035963,1,0,174.3575276419,1,,"",6.1778897383208,0,2025-11-10 12:57:26
453,"2749",000000000840003238099206,2025-09-09 07:53:54,2025-09-09 07:57:54,00:03:57,15599.538807672,394.78908123133,0,0.24636424306264,0,36.041571013438,1,0,174.35190488673,1,,"",7.2243445999701,0,2025-11-10 12:57:26
453,"2494",000000000840003220158349,2025-09-09 07:58:51,2025-09-09 08:04:01,00:02:34,10498.776962681,83.603586345119,0,0.28444911015685,0,36.02200261168,1,0,174.07851621289,1,,"",8.37561618393,0,2025-11-10 12:57:26
453,"2671",000000000840003135191701,2025-09-09 08:22:32,2025-09-09 08:26:41,00:03:54,14740.596568215,349.84007818612,0,0.44574889709799,0,35.976002533495,1,0,174.09562260638,1,,"",10.196116650903,0,2025-11-10 12:57:26
453,"2300",000000000840003135191403,2025-09-09 09:20:10,2025-09-09 09:25:09,00:03:53,9104.8890554175,230.0793329868,0,3.5876946382791,0,36.424191447573,1,0,174.23345225697,1,,"",11.755269221766,0,2025-11-10 12:57:26
453,"2502",000000000840003220158357,2025-09-09 09:59:41,2025-09-09 10:02:38,00:02:34,12399.300718358,383.80741058829,0,4.9065074684828,0,36.340540347589,1,0,174.09709175152,1,,"",13.963796816763,0,2025-11-10 12:57:26
453,"2264",000000000840003135191358,2025-09-09 11:22:45,2025-09-09 11:25:23,00:02:02,11507.972083663,205.55166323977,0,1.3230782025676,0,36.184368074182,1,0,174.28918692875,1,,"",16.900124769027,0,2025-11-10 12:57:26
453,"2708",000000000840003238099165,2025-09-09 11:27:13,2025-09-09 11:29:46,00:02:30,12152.378128941,230.12947112697,0,10.804860298229,0,36.316791590128,1,0,174.49031959782,1,,"",17.26386093514,0,2025-11-10 12:57:26
453,"2247",000000000840003135191337,2025-09-09 11:52:48,2025-09-09 11:55:28,00:02:37,9587.944242036,255.57802999813,0,2.3041487024086,0,36.390482804587,1,0,174.23370479334,1,,"",17.892966517437,0,2025-11-10 12:57:26
453,"2300",000000000840003135191403,2025-09-09 14:13:36,2025-09-09 14:18:01,00:02:34,10290.248043688,229.27273465917,0,2.2394879746506,0,36.277626746334,1,0,174.00748771742,1,,"",20.00035400285,0,2025-11-10 12:57:26
453,"2274",000000000840003135191372,2025-09-09 14:35:28,2025-09-09 14:39:34,00:04:01,13358.237391143,701.62090132527,0,4.5365520128835,0,36.090895475394,1,0,174.13522141261,1,,"",20.524867254392,0,2025-11-10 12:57:26
453,"2684",000000000840003238099141,2025-09-09 14:42:04,2025-09-09 14:47:46,00:04:55,10682.982462268,227.4772668596,0,7.0584680816906,0,36.138321144714,1,0,174.03746699187,1,,"",20.777512318505,0,2025-11-10 12:57:26
453,"2749",000000000840003238099206,2025-09-09 14:53:38,2025-09-09 14:58:35,00:04:10,12319.977188644,365.3067500634,0,2.7603689383037,0,36.564497713748,1,0,174.51574964543,1,,"",20.90065112583,0,2025-11-10 12:57:26
453,"2259",000000000840003135191352,2025-09-09 15:03:43,2025-09-09 15:06:21,00:02:35,11291.574422606,336.21023133965,0,2.0306217602987,0,36.377888435299,1,0,174.16737567428,1,,"",20.711843106286,0,2025-11-10 12:57:26
453,"2241",000000000840003135191331,2025-09-09 15:54:16,2025-09-09 15:59:36,00:03:54,17159.484580849,550.57657504454,0,9.6012889567747,0,36.132486456674,1,0,173.76216954485,1,,"",21.449333150176,0,2025-11-10 12:57:26
453,"2494",000000000840003220158349,2025-09-09 16:03:00,2025-09-09 16:08:16,00:03:33,8834.8597175508,160.6463894066,0,2.8156479893182,0,35.977576461377,1,0,173.23232913141,1,,"",21.513028944997,0,2025-11-10 12:57:26
453,"2259",000000000840003135191352,2025-09-10 00:04:18,2025-09-10 00:14:02,00:03:42,13351.695406427,298.77275480976,0,0.66334366351501,0,36.214430439924,1,0,174.39433223297,1,,"",10.48092641043,0,2025-11-10 12:57:26
453,"2773",000000000840003238099230,2025-09-10 00:15:13,2025-09-10 00:21:29,00:04:22,14532.321438135,259.62957314183,0,6.1678866512496,0,36.344920893522,1,0,174.37330958841,1,,"",10.953370065099,0,2025-11-10 12:57:26
453,"2502",000000000840003220158357,2025-09-10 00:42:33,2025-09-10 00:46:20,00:03:43,17858.07698709,528.85180250642,0,5.5857845108333,0,36.183721182417,1,0,174.16431408348,1,,"",11.010899348595,0,2025-11-10 12:57:26
453,"2274",000000000840003135191372,2025-09-10 00:48:52,2025-09-10 00:55:48,00:05:53,16100.284002319,366.79266845126,0,2.5307018623041,0,36.408044617139,1,0,174.46389295971,1,,"",11.681928412184,0,2025-11-10 12:57:26
453,"2749",000000000840003238099206,2025-09-10 01:00:38,2025-09-10 01:05:03,00:04:20,17654.153855913,493.89052392541,0,2.5917880617842,0,36.411504876195,1,0,174.31965183488,1,,"",12.154269562524,0,2025-11-10 12:57:26
453,"2856",000000000840003256052747,2025-09-10 02:31:50,2025-09-10 02:37:46,00:04:54,14883.691968601,380.30111042405,0,0.94634564961103,0,35.863224506167,1,0,174.44317618913,1,,"",9.2497112815367,0,2025-11-10 12:57:26
453,"2710",000000000840003238099167,2025-09-10 02:59:15,2025-09-10 03:03:39,00:03:14,16777.430950678,306.79736174813,0,7.059005713671,0,36.009833931894,1,0,174.36186386135,1,,"",10.378069985002,0,2025-11-10 12:57:26
453,"2149",000000000840003260931385,2025-09-10 05:57:39,2025-09-10 06:00:34,00:02:41,15254.046714213,471.70446961484,0,2.0052087120152,0,36.02902383101,1,0,174.27955042694,1,,"",7.6317914048805,0,2025-11-10 12:57:26
453,"2623",000000000840003238099080,2025-09-10 06:01:05,2025-09-10 06:06:10,00:04:25,15483.442236931,344.51376703775,0,2.3194680674294,0,35.771060650235,1,0,174.25991653582,1,,"",8.5228701304021,0,2025-11-10 12:57:26
453,"2698",000000000840003238099155,2025-09-10 06:06:14,2025-09-10 06:11:13,00:04:55,16974.014934587,665.86021273893,0,1.6275960444389,0,35.863763774616,1,0,174.41944244157,1,,"",8.897747169637,0,2025-11-10 12:57:26
453,"2812",000000000840003256052703,2025-09-10 06:14:35,2025-09-10 06:21:21,00:04:37,12460.058980696,315.10510880991,0,0.60757611940612,0,36.000747605643,1,0,174.60100189075,1,,"",8.7132574356561,0,2025-11-10 12:57:26
453,"1906",000000000840003135890504,2025-09-10 07:42:27,2025-09-10 07:45:05,00:02:20,14229.634467342,326.52478222081,0,0.23269339645163,0,35.568671629526,1,0,174.25701948702,1,,"",7.7702758438202,0,2025-11-10 12:57:26
453,"2264",000000000840003135191358,2025-09-10 08:00:47,2025-09-10 08:04:17,00:03:21,14796.831625333,352.6113746117,0,0.24497924635718,0,35.205532572238,1,0,173.86751326529,1,,"",9.4946863063796,0,2025-11-10 12:57:26
453,"2525",000000000840003304248037,2025-09-10 08:08:21,2025-09-10 08:12:10,00:02:40,16003.974535231,397.34096899656,0,3.5928581996423,0,35.519568722571,1,0,173.93106650928,1,,"",10.218617401116,0,2025-11-10 12:57:26
453,"2501",000000000840003135191705,2025-09-10 08:12:55,2025-09-10 08:16:42,00:03:44,12616.739946109,278.28839827899,0,2.4575234271366,0,35.633268756579,1,0,174.11368736479,1,,"",11.050711621444,0,2025-11-10 12:57:26
453,"2671",000000000840003135191701,2025-09-10 08:30:50,2025-09-10 08:33:22,00:02:28,10118.251387682,277.83076582071,0,0.91829779488692,0,35.91394660604,1,0,173.78230943181,1,,"",11.795535246271,0,2025-11-10 12:57:26
453,"2684",000000000840003238099141,2025-09-10 08:48:37,2025-09-10 08:53:30,00:04:48,11481.160618134,294.53747791979,0,2.9290888872782,0,35.806985482264,1,0,174.16810162268,1,,"",11.465529249018,0,2025-11-10 12:57:26
453,"2494",000000000840003220158349,2025-09-10 08:58:57,2025-09-10 09:06:18,00:02:28,8583.1003025925,130.98946720057,0,0.49191201241707,0,35.985032344647,1,0,173.86593650772,1,,"",12.218835079392,0,2025-11-10 12:57:26
453,"2502",000000000840003220158357,2025-09-10 09:11:57,2025-09-10 09:14:57,00:02:57,11183.791092346,233.3157398346,0,2.5106148098862,0,35.953865001969,1,0,174.19535531804,1,,"",12.889345556557,0,2025-11-10 12:57:26
453,"2749",000000000840003238099206,2025-09-10 11:47:58,2025-09-10 11:51:19,00:03:18,11838.470600193,502.59007488495,0,0.94133474912164,0,35.672051093798,1,0,174.21158166953,1,,"",18.343410756691,0,2025-11-10 12:57:26
453,"2721",000000000840003135191704,2025-09-10 12:53:13,2025-09-10 12:56:13,00:02:04,13321.215881845,378.83526250968,0,2.4936829153797,0,35.813984606236,1,0,174.15736138627,1,,"",19.542662164081,0,2025-11-10 12:57:26
453,"2502",000000000840003220158357,2025-09-10 13:34:30,2025-09-10 13:40:52,00:06:14,14595.085503332,426.75758270774,0,4.6458256638299,0,36.018228085059,1,0,174.15466322581,1,,"",20.59446473063,0,2025-11-10 12:57:26
453,"1906",000000000840003135890504,2025-09-10 14:11:50,2025-09-10 14:16:01,00:02:24,13425.720882629,305.23850372912,0,5.3958945165899,0,36.380356061738,1,0,174.22959764476,1,,"",20.956020974745,0,2025-11-10 12:57:26
453,"2264",000000000840003135191358,2025-09-10 14:27:57,2025-09-10 14:32:56,00:04:15,14600.076883931,363.97401474302,0,2.7326816960452,0,35.936025470488,1,0,173.74759445278,1,,"",21.329487373227,0,2025-11-10 12:57:26
453,"1856",000000000840003135191446,2025-09-10 14:38:33,2025-09-10 14:41:54,00:03:17,10865.71505574,256.49648070449,0,1.5837603854336,0,36.041380685684,1,0,174.31401709544,1,,"",21.695335327454,0,2025-11-10 12:57:26
453,"2806",000000000840003256052697,2025-09-10 16:25:04,2025-09-10 16:29:11,00:02:51,15055.550926658,502.51728928757,0,0.38759775154804,0,35.946189847509,1,0,173.84727318975,1,,"",22.20669423346,0,2025-11-10 12:57:26
453,"2247",000000000840003135191337,2025-09-10 16:32:51,2025-09-10 16:37:43,00:04:46,14505.023376756,374.19251004711,0,2.8393187574674,0,35.886685045534,1,0,173.99040941606,1,,"",22.40045194999,0,2025-11-10 12:57:26
453,"2247",000000000840003135191337,2025-09-10 23:37:59,2025-09-10 23:42:20,00:04:06,16805.725886871,536.65624901481,0,6.605254912152,0,35.053471584259,1,0,174.61319469684,1,,"",11.284120755014,0,2025-11-10 12:57:26
453,"2749",000000000840003238099206,2025-09-11 00:13:55,2025-09-11 00:18:52,00:04:51,19763.882479503,616.03860261338,0,4.1027171080729,0,35.012513346992,1,0,174.29472141917,1,,"",10.671474640984,0,2025-11-10 12:57:26
453,"1856",000000000840003135191446,2025-09-11 00:50:18,2025-09-11 00:54:54,00:04:31,14486.082864238,448.97424657398,0,0.63246601039692,0,35.136767393263,1,0,174.55758754314,1,,"",10.468123657227,0,2025-11-10 12:57:26
453,"2780",000000000840003238099237,2025-09-11 01:16:29,2025-09-11 01:18:32,00:02:02,21888.781886646,887.82658281876,0,2.3989015888297,0,35.120302951979,1,0,174.44356867432,1,,"",10.149655659673,0,2025-11-10 12:57:26
453,"2806",000000000840003256052697,2025-09-11 02:35:18,2025-09-11 02:38:51,00:03:10,14849.11111317,373.51199676137,0,0.1944071661859,0,34.790986439218,1,0,174.44536317223,1,,"",9.4435212242094,0,2025-11-10 12:57:26
453,"2710",000000000840003238099167,2025-09-11 03:07:33,2025-09-11 03:10:59,00:03:24,14376.272394908,276.53564529965,0,7.1417582550673,0,34.764969737656,1,0,174.41449863418,1,,"",9.6723994660144,0,2025-11-10 12:57:26
453,"2300",000000000840003135191403,2025-09-11 03:23:40,2025-09-11 03:28:12,00:04:09,19936.899241598,520.38440003494,0,3.1174465394073,0,36.06715683168,1,0,174.28340845569,1,,"",9.6602885356322,0,2025-11-10 12:57:26
453,"2525",000000000840003304248037,2025-09-11 06:02:13,2025-09-11 06:06:39,00:04:21,13991.909267219,351.54182891688,0,0.44841874493824,0,36.04360095929,1,0,174.28384351789,1,,"",8.7132820981493,0,2025-11-10 12:57:26
453,"2749",000000000840003238099206,2025-09-11 06:53:26,2025-09-11 06:58:50,00:03:55,14240.000324769,359.30068687138,0,0.21703833021973,0,35.59984796601,1,0,174.22149010275,1,,"",7.700573575486,0,2025-11-10 12:57:26
453,"2539",000000000840003220158394,2025-09-11 07:03:21,2025-09-11 07:06:26,00:02:51,13698.946769722,320.74369344486,0,0.6888890052544,0,35.594628080199,1,0,174.42524054885,1,,"",7.9614788441507,0,2025-11-10 12:57:26
453,"2274",000000000840003135191372,2025-09-11 07:55:02,2025-09-11 07:57:06,00:02:03,12661.270651204,161.24542432149,0,0.18267912116943,0,35.412172340844,1,0,174.27439456958,1,,"",9.5169060499589,0,2025-11-10 12:57:26
453,"2502",000000000840003220158357,2025-09-11 07:57:50,2025-09-11 08:02:57,00:05:02,13015.954337031,300.87387862051,0,0.37724801437695,0,35.076337726981,1,0,174.3426283835,1,,"",10.588442712655,0,2025-11-10 12:57:26
453,"2710",000000000840003238099167,2025-09-11 08:31:59,2025-09-11 08:35:33,00:03:27,7932.7670417539,102.96889626853,0,0.40573841336881,0,36.302876886389,1,0,174.37969944857,1,,"",10.23580377241,0,2025-11-10 12:57:26
453,"2684",000000000840003238099141,2025-09-11 08:56:30,2025-09-11 09:01:07,00:04:33,13817.003453523,369.50444729356,0,3.9350012968329,0,36.292361168287,1,0,174.28643976247,1,,"",11.800796835629,0,2025-11-10 12:57:26
453,"2671",000000000840003135191701,2025-09-11 09:09:50,2025-09-11 09:14:34,00:03:17,13674.489590696,338.27505071012,0,3.6560994977321,0,36.257518986768,1,0,174.4578247553,1,,"",12.997983785046,0,2025-11-10 12:57:26
453,"2274",000000000840003135191372,2025-09-11 10:56:36,2025-09-11 10:59:19,00:02:40,18616.101382482,683.15620290934,0,4.1660797444339,0,35.462640432298,1,0,174.46626861049,1,,"",18.227208243878,0,2025-11-10 12:57:26
453,"2247",000000000840003135191337,2025-09-11 11:38:35,2025-09-11 11:41:25,00:02:15,12544.961403486,270.21267912365,0,1.266498778731,0,35.39848166592,1,0,174.37873417217,1,,"",19.4690763726,0,2025-11-10 12:57:26
453,"2615",000000000840003238099072,2025-09-11 12:20:46,2025-09-11 12:26:15,00:02:31,14020.550636392,288.41235333447,0,2.2592097378427,0,35.370766499958,1,0,174.17204010927,1,,"",20.720271858982,0,2025-11-10 12:57:26
453,"2698",000000000840003238099155,2025-09-11 12:42:29,2025-09-11 12:46:56,00:04:23,14818.877648289,521.51072449074,0,0.65196065122786,0,35.356535257503,1,0,174.28533188839,1,,"",21.299258571488,0,2025-11-10 12:57:26
453,"2401",000000000840003228065326,2025-09-11 13:36:21,2025-09-11 13:40:39,00:03:03,12509.719725246,280.46174290784,0,0.73242237985546,0,35.25251341876,1,0,173.0040102727,1,,"",22.485834381922,0,2025-11-10 12:57:26
453,"2540",000000000840003220158395,2025-09-11 14:53:26,2025-09-11 14:58:59,00:03:02,15862.004452283,390.72440204136,0,5.412121272369,0,35.276209785189,1,0,173.86552449645,1,,"",23.036326696264,0,2025-11-10 12:57:26
453,"2274",000000000840003135191372,2025-09-11 15:36:33,2025-09-11 15:42:02,00:05:24,14603.426951137,435.35898383958,0,3.2788237308373,0,35.039741149118,1,0,173.67970110582,1,,"",23.343124407749,0,2025-11-10 12:57:26
453,"2502",000000000840003220158357,2025-09-11 16:50:13,2025-09-11 16:54:11,00:03:31,13175.460397397,387.66547693029,0,3.7913104468772,0,35.23513735347,1,0,173.67461342105,1,,"",23.233780505314,0,2025-11-10 12:57:26
453,"2710",000000000840003238099167,2025-09-11 18:42:09,2025-09-11 18:44:45,00:02:31,12622.124043128,223.05045183686,0,3.9630031381726,0,35.881246565963,1,0,174.01521987452,1,,"",21.577505616156,0,2025-11-10 12:57:26
453,"2247",000000000840003135191337,2025-09-11 20:34:01,2025-09-11 20:38:37,00:04:31,11863.583475523,327.46150098114,0,3.3126950383584,0,36.240987472405,1,0,174.16273214741,1,,"",16.379420057964,0,2025-11-10 12:57:26
453,"2749",000000000840003238099206,2025-09-12 00:13:08,2025-09-12 00:16:16,00:03:05,15382.200758431,506.00693156247,0,3.9685132530302,0,35.325187367061,1,0,174.20788245706,1,,"",14.317621393752,0,2025-11-10 12:57:26
453,"2247",000000000840003135191337,2025-09-12 00:17:14,2025-09-12 00:21:22,00:04:03,12625.345774755,388.59388969276,0,3.1741944985293,0,35.336393001442,1,0,174.4527342527,1,,"",14.769123142688,0,2025-11-10 12:57:26
453,"2684",000000000840003238099141,2025-09-12 00:25:25,2025-09-12 00:27:29,00:02:01,13000.418373871,288.87207453077,0,7.1303243118168,0,35.194693933508,1,0,174.86534730931,1,,"",14.679860951285,0,2025-11-10 12:57:26
453,"2259",000000000840003135191352,2025-09-12 00:54:52,2025-09-12 00:59:42,00:03:33,11044.359352017,288.16980676388,0,1.3583237072085,0,35.01690499307,1,0,174.59860532332,1,,"",13.667016505747,1,2025-12-10 14:20:33
453,"2259",000000000840003135191352,2025-09-12 00:55:35,2025-09-12 00:59:42,00:03:54,11785.11080025,325.13524597373,0,1.3791476608422,0,35.032264599918,1,0,174.66601422487,1,,"",13.702087202219,0,2025-11-10 12:57:26
453,"2274",000000000840003135191372,2025-09-12 02:16:26,2025-09-12 02:18:34,00:02:07,13442.847046017,346.99181920729,0,2.5143426574684,0,34.654630529621,1,0,174.63048897796,1,,"",12.441400146278,0,2025-11-10 12:57:26
453,"2671",000000000840003135191701,2025-09-12 02:26:50,2025-09-12 02:29:16,00:02:24,15253.307898865,414.5600380203,0,4.14710177315,0,34.628062118472,1,0,174.25849300581,1,,"",13.176398850075,0,2025-11-10 12:57:26
453,"2264",000000000840003135191358,2025-09-12 02:33:31,2025-09-12 02:36:14,00:02:39,14499.296962896,416.32850229255,0,3.959871726014,0,34.740032260263,1,0,174.33135846715,1,,"",13.338735484631,0,2025-11-10 12:57:26
453,"2401",000000000840003228065326,2025-09-12 02:37:59,2025-09-12 02:41:55,00:03:53,14486.354276461,351.44656103581,0,2.8618825703717,0,34.836892308465,1,0,174.62072955086,1,,"",13.186709533326,0,2025-11-10 12:57:26
453,"2710",000000000840003238099167,2025-09-12 02:43:41,2025-09-12 02:47:01,00:03:17,13440.954326899,321.18795786473,0,7.2818808657581,0,34.771646096971,1,0,174.32779188442,1,,"",13.034827079292,0,2025-11-10 12:57:26
453,"2149",000000000840003260931385,2025-09-12 05:58:53,2025-09-12 06:02:32,00:03:36,18195.497774883,651.99316639762,0,0.49006451014401,0,34.425746027802,1,0,174.26417205648,1,,"",10.889732444812,0,2025-11-10 12:57:26
453,"2525",000000000840003304248037,2025-09-12 06:03:06,2025-09-12 06:07:59,00:02:50,12873.861040374,345.53392273327,0,0.48276524424835,0,34.286586444878,1,0,174.59397486441,1,,"",11.659585466524,0,2025-11-10 12:57:26
453,"2812",000000000840003256052703,2025-09-12 07:19:53,2025-09-12 07:24:10,00:03:55,11050.116330952,278.35001818089,0,0.16292064243796,0,34.624475416296,1,0,174.17964520425,1,,"",10.567376759644,0,2025-11-10 12:57:26
453,"2264",000000000840003135191358,2025-09-12 08:06:37,2025-09-12 08:09:13,00:02:34,10459.164849874,234.69314747913,0,0.265445615365,0,34.338284112442,1,0,174.42478201181,1,,"",10.614156537156,0,2025-11-10 12:57:26
453,"2684",000000000840003238099141,2025-09-12 08:28:05,2025-09-12 08:30:25,00:02:17,12361.33329833,364.95399986654,0,2.4776352035194,0,34.41331800073,1,0,174.07417964404,1,,"",11.347644156457,0,2025-11-10 12:57:26
453,"2502",000000000840003220158357,2025-09-12 09:06:43,2025-09-12 09:12:38,00:05:50,14429.129524981,413.34964751401,0,5.0469474477239,0,34.566933477359,1,0,174.43885037185,1,,"",14.050914198247,0,2025-11-10 12:57:26
453,"2749",000000000840003238099206,2025-09-12 09:20:56,2025-09-12 09:24:09,00:03:03,10268.377172274,309.44685758585,0,0.53943776089209,0,35.076764717977,1,0,174.08940510564,1,,"",14.530905238116,0,2025-11-10 12:57:26
453,"2708",000000000840003238099165,2025-09-12 11:39:56,2025-09-12 11:42:23,00:02:13,13273.055761345,230.82588565625,0,6.6435704066233,0,34.79738598849,1,0,174.03171411386,1,,"",20.958591000999,0,2025-11-10 12:57:26
453,"1948",000000000840003135191614,2025-09-12 12:11:42,2025-09-12 12:13:59,00:02:05,11293.702697326,227.0445525005,0,0.57952943442407,0,34.880736182294,1,0,174.39040254767,1,,"",21.170107463589,0,2025-11-10 12:57:26
453,"1906",000000000840003135890504,2025-09-12 12:43:17,2025-09-12 12:47:22,00:04:02,17370.832458709,660.08678268034,0,1.2908978991666,0,35.058214397267,1,0,174.11462199973,1,,"",22.008825389921,0,2025-11-10 12:57:26
453,"2761",000000000840003238099218,2025-09-12 12:50:56,2025-09-12 12:53:17,00:02:19,12852.018269148,193.79293020934,0,7.8609787530245,0,35.165250435697,1,0,174.25780642252,1,,"",22.299787169699,0,2025-11-10 12:57:26
453,"2130",000000000840003199916767,2025-09-12 13:21:56,2025-09-12 13:24:04,00:02:05,17428.415428076,441.85109791333,0,2.1429282282989,0,35.178389606157,1,0,174.2631196693,1,,"",22.158766532725,0,2025-11-10 12:57:26
453,"2539",000000000840003220158394,2025-09-12 15:47:13,2025-09-12 15:52:11,00:04:48,13178.39688857,358.00780532447,0,4.4883369642503,0,34.99425120554,1,0,174.14055530108,1,,"",24.014898482825,0,2025-11-10 12:57:26
453,"2761",000000000840003238099218,2025-09-12 20:49:34,2025-09-12 20:52:57,00:03:19,11472.373015752,223.99380956205,0,6.0844234115797,0,35.069782114445,1,0,173.97497438904,1,,"",15.600490437531,0,2025-11-10 12:57:26
453,"2655",000000000840003238099112,2025-09-12 21:19:19,2025-09-12 21:22:41,00:03:18,13572.514204195,336.63502289268,0,9.1776425731855,0,34.874444241508,1,0,173.95076147074,1,,"",14.75945089543,0,2025-11-10 12:57:26
453,"2539",000000000840003220158394,2025-09-13 00:04:12,2025-09-13 00:08:50,00:04:24,14076.421585364,288.24102109146,0,11.112976201504,0,34.607049227335,1,0,174.63912623169,1,,"",11.777547800922,0,2025-11-10 12:57:26
453,"2760",000000000840003238099217,2025-09-13 00:13:02,2025-09-13 00:16:59,00:02:45,10618.13839241,190.80633258194,0,3.4959334420866,0,34.582583677917,1,0,174.30027266567,1,,"",12.352062471837,0,2025-11-10 12:57:26
453,"2130",000000000840003199916767,2025-09-13 00:40:47,2025-09-13 00:45:42,00:04:13,14475.007913187,390.32386795318,0,3.2847604851748,0,34.26353301122,1,0,174.55563509103,1,,"",12.134519534542,0,2025-11-10 12:57:26
453,"2671",000000000840003135191701,2025-09-13 00:53:15,2025-09-13 00:58:38,00:02:23,12887.06431347,219.97341552521,0,9.0491196155749,0,34.403419534277,1,0,174.47773767819,1,,"",12.256241064322,0,2025-11-10 12:57:26
453,"2264",000000000840003135191358,2025-09-13 02:18:42,2025-09-13 02:23:11,00:03:43,10724.860365628,220.05401470324,0,5.4212981755465,0,34.294942180096,1,0,174.58015584861,1,,"",11.183194661607,0,2025-11-10 12:57:26
453,"2247",000000000840003135191337,2025-09-13 02:41:37,2025-09-13 02:45:48,00:04:06,10904.54786035,307.75052842593,0,3.1878353204323,0,34.320063588483,1,0,174.44200047618,1,,"",12.078343584189,0,2025-11-10 12:57:26
453,"2502",000000000840003220158357,2025-09-13 02:53:41,2025-09-13 02:59:24,00:05:13,14003.701002808,451.38209100323,0,3.0021078049532,0,34.461349772331,1,0,174.36529079144,1,,"",11.836134226075,0,2025-11-10 12:57:26
453,"2761",000000000840003238099218,2025-09-13 04:41:58,2025-09-13 04:45:44,00:03:06,9022.2897083391,171.26124617185,0,6.1677689435923,0,34.541579499766,1,0,174.41860560409,1,,"",11.148533811067,0,2025-11-10 12:57:26
453,"1948",000000000840003135191614,2025-09-13 06:09:33,2025-09-13 06:14:15,00:03:02,8665.1014655444,135.78907814737,0,0.014584799017524,0,34.421224641741,1,0,174.54883513454,1,,"",11.083246059572,0,2025-11-10 12:57:26
453,"2749",000000000840003238099206,2025-09-13 07:17:26,2025-09-13 07:22:00,00:04:03,9152.7620232908,183.91811629243,0,0.079384529129243,0,34.317562100325,1,0,174.5472053284,1,,"",10.767092446685,0,2025-11-10 12:57:26
453,"2494",000000000840003220158349,2025-09-13 07:32:20,2025-09-13 07:35:01,00:02:01,9828.3646871174,163.50090896133,0,0.084695092959503,0,34.445249892385,1,0,174.48348650962,1,,"",10.990323938836,0,2025-11-10 12:57:26
453,"2502",000000000840003220158357,2025-09-13 07:54:23,2025-09-13 07:59:10,00:04:42,10287.790527304,261.69936688614,0,0.37178523898873,0,34.274219364455,1,0,174.22040599406,1,,"",11.651076436138,0,2025-11-10 12:57:26
453,"2615",000000000840003238099072,2025-09-13 08:39:44,2025-09-13 08:44:28,00:03:41,12654.777520376,400.51122611077,0,4.9574005777356,0,34.301468460158,1,0,174.44656653438,1,,"",13.840800030793,0,2025-11-10 12:57:26
453,"2461",000000000840003304248052,2025-09-13 08:52:26,2025-09-13 08:55:04,00:02:04,10683.409854198,246.38605553205,0,3.3411990766034,0,34.613108077546,1,0,174.36786194881,1,,"",14.413322409104,0,2025-11-10 12:57:26
453,"2264",000000000840003135191358,2025-09-13 09:20:30,2025-09-13 09:25:38,00:04:02,10764.682970621,250.2017523413,0,2.7589897123458,0,35.025194361126,1,0,174.45031352866,1,,"",16.031180963999,0,2025-11-10 12:57:26
453,"2274",000000000840003135191372,2025-09-13 10:52:13,2025-09-13 10:56:52,00:04:33,13969.867042631,339.04492217489,0,2.2790782389034,0,34.906273219419,1,0,174.39525719429,1,,"",19.562014426807,0,2025-11-10 12:57:26
453,"2259",000000000840003135191352,2025-09-13 11:17:05,2025-09-13 11:19:57,00:02:42,8755.2559489391,229.99187135488,0,0.66058202582581,0,34.94375827588,1,0,174.57631430967,1,,"",19.735934411242,0,2025-11-10 12:57:26
453,"2774",000000000840003238099231,2025-09-13 12:51:36,2025-09-13 12:56:58,00:04:49,13927.920246117,431.96270821971,0,0.85416192935924,0,34.816554222792,1,0,174.30804081323,1,,"",20.292653517916,0,2025-11-10 12:57:26
453,"2615",000000000840003238099072,2025-09-13 13:15:28,2025-09-13 13:19:31,00:02:32,11910.927655154,373.201777165,0,0.51310048431795,0,34.813785602137,1,0,174.43847247941,1,,"",20.307368212976,0,2025-11-10 12:57:26
453,"2708",000000000840003238099165,2025-09-13 13:20:11,2025-09-13 13:22:41,00:02:28,11428.502135892,355.2504239633,0,0.72001636205027,0,34.736713974068,1,0,174.3256241928,1,,"",20.62734019504,0,2025-11-10 12:57:26
453,"2300",000000000840003135191403,2025-09-13 13:25:59,2025-09-13 13:29:24,00:02:36,12275.532462783,365.45064918672,0,1.7466825927467,0,34.657279418731,1,0,174.35861706493,1,,"",20.801630180637,0,2025-11-10 12:57:26
453,"2494",000000000840003220158349,2025-09-13 13:34:37,2025-09-13 13:40:43,00:02:32,10991.081538607,189.77399067571,0,0.59670798069392,0,34.538193167708,1,0,174.39534339853,1,,"",21.198443213791,0,2025-11-10 12:57:26
453,"2749",000000000840003238099206,2025-09-13 13:48:46,2025-09-13 13:50:58,00:02:10,9365.4422925872,154.814237531,0,0.13119317506419,0,34.79825711099,1,0,174.19850417104,1,,"",21.247553562524,0,2025-11-10 12:57:26
453,"2698",000000000840003238099155,2025-09-13 13:59:45,2025-09-13 14:02:21,00:02:34,12572.643727874,308.97367322203,0,0,0,34.607849640455,1,0,173.81419364815,1,,"",21.833128344701,0,2025-11-10 12:57:26
453,"2540",000000000840003220158395,2025-09-13 14:03:30,2025-09-13 14:08:29,00:03:36,13714.686814976,401.73885156903,0,3.5198912888541,0,34.595863040547,1,0,174.13382509678,1,,"",21.99586698362,0,2025-11-10 12:57:26
453,"2264",000000000840003135191358,2025-09-13 14:10:28,2025-09-13 14:14:07,00:03:35,17319.756653868,540.00287843722,0,5.1249152726608,0,34.469642927591,1,0,174.25538941162,1,,"",22.223237170302,0,2025-11-10 12:57:26
453,"2502",000000000840003220158357,2025-09-13 14:19:05,2025-09-13 14:24:07,00:04:58,13634.654960431,400.57657797714,0,3.8238013902174,0,34.522017647029,1,0,174.25346712668,1,,"",22.34857428316,0,2025-11-10 12:57:26
453,"2749",000000000840003238099206,2025-09-13 14:41:14,2025-09-13 14:43:19,00:02:03,14651.570302517,425.14858222031,0,1.9094357149564,0,34.646112302032,1,0,174.09978290026,1,,"",22.324494941907,0,2025-11-10 12:57:26
453,"2710",000000000840003238099167,2025-09-13 14:52:59,2025-09-13 14:55:13,00:02:13,12388.983069449,428.49359342084,0,4.2867791034252,0,34.61153659293,1,0,173.6628287527,1,,"",22.522517717845,0,2025-11-10 12:57:26
453,"2461",000000000840003304248052,2025-09-13 15:38:08,2025-09-13 15:40:54,00:02:01,10953.625133922,204.51824940822,0,0.50253195732492,0,34.640730706725,1,0,174.27958162911,1,,"",21.96903673787,0,2025-11-10 12:57:26
453,"2734",000000000840003238099191,2025-09-13 15:42:44,2025-09-13 15:47:00,00:03:17,13749.250776336,359.01207377508,0,0.45190562763957,0,34.697210170348,1,0,173.78535451639,1,,"",22.137165200078,0,2025-11-10 12:57:26
453,"2749",000000000840003238099206,2025-09-13 19:04:07,2025-09-13 19:08:43,00:03:42,15701.566534178,433.19342094551,0,2.759059456334,0,34.849802318643,1,0,174.09698251565,1,,"",19.717212506883,0,2025-11-10 12:57:26
453,"2274",000000000840003135191372,2025-09-13 20:21:02,2025-09-13 20:24:47,00:03:41,15521.098352884,450.15700764285,0,4.2653557947142,0,34.572526056433,1,0,174.27974890209,1,,"",16.806228076452,0,2025-11-10 12:57:26
453,"2655",000000000840003238099112,2025-09-13 21:52:05,2025-09-13 21:57:03,00:04:28,8431.4414439015,254.92064799309,0,2.1511972083012,0,34.225969350318,1,0,174.46322877394,1,,"",15.756768733303,0,2025-11-10 12:57:26
453,"2494",000000000840003220158349,2025-09-14 00:06:21,2025-09-14 00:11:51,00:02:10,9446.2078055227,168.2724690157,0,0.24819409804484,0,33.953150806826,1.0023424596587,0,174.36057076,1,,"",15.561667514863,0,2025-11-10 12:57:26
453,"2671",000000000840003135191701,2025-09-14 00:18:17,2025-09-14 00:22:43,00:02:25,12462.7503979,312.58198399211,0,4.5308933452789,0,33.987501578286,1.0006249210857,0,174.39037534295,1,,"",15.7276377291,0,2025-11-10 12:57:26
453,"2264",000000000840003135191358,2025-09-14 00:26:33,2025-09-14 00:30:22,00:03:45,10840.489292456,221.30444004281,0,2.1436688296849,0,33.869342231624,1.0065328884188,0,174.08316655002,1,,"",15.763464906367,0,2025-11-10 12:57:26
453,"2698",000000000840003238099155,2025-09-14 01:54:48,2025-09-14 01:57:30,00:02:40,13043.474251779,433.93719834624,0,0.30927379550029,0,33.275788536191,1.0362105731904,0,174.20262407648,1,,"",14.315737538585,0,2025-11-10 12:57:26
453,"2539",000000000840003220158394,2025-09-14 02:20:46,2025-09-14 02:24:15,00:03:26,11844.40934582,366.86063964677,0,3.3870437776951,0,33.349451550166,1.0325274224917,0,174.51724882601,1,,"",13.932713772679,0,2025-11-10 12:57:26
453,"2710",000000000840003238099167,2025-09-14 02:35:14,2025-09-14 02:40:09,00:04:50,10216.724041116,243.15211850649,0,3.1549446075677,0,33.341332217246,1.0329333891377,0,174.05260623618,1,,"",14.221398341904,0,2025-11-10 12:57:26
453,"2734",000000000840003238099191,2025-09-14 02:50:44,2025-09-14 02:55:01,00:04:07,12535.914451032,300.49986560727,0,1.8178185010517,0,33.334182737376,1.0332908631312,0,174.1765542088,1,,"",13.39855612368,0,2025-11-10 12:57:26
453,"2761",000000000840003238099218,2025-09-14 05:01:39,2025-09-14 05:04:12,00:02:30,11099.242767147,354.97235449506,0,3.0413215969118,0,33.325403096665,1.0337298451667,0,174.03462975604,1,,"",11.92393305166,0,2025-11-10 12:57:26
453,"2615",000000000840003238099072,2025-09-14 06:47:27,2025-09-14 06:52:14,00:03:40,10461.825905892,319.75828338089,0,0.51938126746774,0,33.990723786893,1.0004638106554,0,174.11082272587,1,,"",12.238783762599,0,2025-11-10 12:57:26
453,"2852",000000000840003256052743,2025-09-14 06:54:33,2025-09-14 06:59:53,00:05:13,10666.444752703,289.64495041587,0,2.1599540607185,0,34.167600638442,1,0,174.4803208494,1,,"",12.87145593893,0,2025-11-10 12:57:26
453,"2502",000000000840003220158357,2025-09-14 07:59:16,2025-09-14 08:05:28,00:06:07,9216.976734329,235.60280429816,0,0.17626804937362,0,34.861605247957,1,0,174.41420867427,1,,"",12.297358719124,0,2025-11-10 12:57:26
453,"2401",000000000840003228065326,2025-09-14 08:45:11,2025-09-14 08:49:39,00:02:42,11743.81721702,241.10813287038,0,4.5379793915032,0,33.35605994447,1.0321970027765,0,173.99515357485,1,,"",14.159019054024,0,2025-11-10 12:57:26
453,"2708",000000000840003238099165,2025-09-14 09:36:23,2025-09-14 09:41:21,00:03:02,13097.534572628,270.29359902149,0,4.4044202988623,0,33.790060818409,1.0104969590795,0,174.50230670193,1,,"",16.75457049266,0,2025-11-10 12:57:26
453,"2734",000000000840003238099191,2025-09-14 09:43:10,2025-09-14 09:46:11,00:02:40,12598.069791158,316.65924476651,0,3.0079098483771,0,34.043979769153,1,0,174.09203504664,1,,"",17.291562285158,0,2025-11-10 12:57:26
453,"2780",000000000840003238099237,2025-09-14 11:12:28,2025-09-14 11:15:46,00:02:21,17097.777499329,448.50627236662,0,2.3524432870535,0,34.121896854811,1,0,174.43235148033,1,,"",20.093652683569,0,2025-11-10 12:57:26
453,"2710",000000000840003238099167,2025-09-14 11:25:53,2025-09-14 11:29:31,00:03:34,9804.8244938427,193.54769953024,0,3.4116158583051,0,34.214592225705,1,0,174.35119372249,1,,"",20.646885967081,0,2025-11-10 12:57:26
453,"2749",000000000840003238099206,2025-09-14 12:31:33,2025-09-14 12:33:54,00:02:19,15808.634934278,463.10995195023,0,0.50398874353548,0,34.161480159129,1,0,174.42470172229,1,,"",21.478866303583,0,2025-11-10 12:57:26
453,"2264",000000000840003135191358,2025-09-14 13:02:59,2025-09-14 13:07:02,00:03:59,14359.653061451,361.03833817052,0,2.0841007242021,0,34.159770082276,1,0,173.29047728909,1,,"",22.654515703422,0,2025-11-10 12:57:26
453,"2761",000000000840003238099218,2025-09-14 13:15:49,2025-09-14 13:20:34,00:03:54,10776.47669031,297.81372315134,0,4.5333917621224,0,34.251989642323,1,0,174.53907793411,1,,"",22.809247583031,0,2025-11-10 12:57:26
453,"2760",000000000840003238099217,2025-09-14 13:38:44,2025-09-14 13:43:13,00:02:19,12505.726811412,218.69187612179,0,1.9117713546489,0,34.265134103728,1,0,174.2681646646,1,,"",23.127058973376,0,2025-11-10 12:57:26
453,"2274",000000000840003135191372,2025-09-14 14:49:36,2025-09-14 14:53:03,00:03:24,13421.838140672,398.61558623833,0,3.4978673042126,0,34.282025342727,1,0,173.63960785749,1,,"",24.227731842671,0,2025-11-10 12:57:26
453,"2247",000000000840003135191337,2025-09-14 16:35:42,2025-09-14 16:40:01,00:03:06,11090.466047635,300.39528776214,0,3.1700140008715,0,34.361088541993,1,0,174.05580137424,1,,"",24.356237562597,0,2025-11-10 12:57:26
453,"2708",000000000840003238099165,2025-09-14 17:06:46,2025-09-14 17:11:42,00:04:52,12167.803218183,261.07843710955,0,9.9006584069169,0,34.454870087605,1,0,174.12591597607,1,,"",23.652788291776,0,2025-11-10 12:57:26
453,"2274",000000000840003135191372,2025-09-14 22:20:31,2025-09-14 22:25:29,00:04:53,14480.043755093,385.70977568972,0,3.6034664928185,0,34.251410779384,1,0,174.4012414277,1,,"",14.707801127631,0,2025-11-10 12:57:26
453,"2300",000000000840003135191403,2025-09-14 23:12:40,2025-09-14 23:15:09,00:02:26,13349.973994558,394.01486663264,0,4.4203190655738,0,34.059900181437,1,0,174.32173334966,1,,"",13.486201636428,0,2025-11-10 12:57:26
453,"2671",000000000840003135191701,2025-09-14 23:43:13,2025-09-14 23:47:25,00:03:42,13453.340397989,352.16654136782,0,1.9565768529477,0,33.782627161882,1.0108686419059,0,174.30492261745,1,,"",13.314143128507,0,2025-11-10 12:57:26
453,"2749",000000000840003238099206,2025-09-15 00:05:39,2025-09-15 00:09:03,00:03:21,16953.807649174,564.0908158759,0,3.2056125496314,0,33.658219760338,1.0170890119831,0,174.33518109683,1,,"",13.667894468064,0,2025-11-10 12:57:26
453,"2708",000000000840003238099165,2025-09-15 00:11:17,2025-09-15 00:16:04,00:03:56,14013.937434909,371.34168602974,0,8.1167379052964,0,33.758490842032,1.0120754578984,0,174.49332226996,1,,"",14.040951933943,0,2025-11-10 12:57:26
453,"2502",000000000840003220158357,2025-09-15 00:16:33,2025-09-15 00:22:18,00:05:14,15641.806265783,453.01810705372,0,4.4785985729374,0,33.846315216587,1.0076842391707,0,174.51282366509,1,,"",14.353044523159,0,2025-11-10 12:57:26
453,"2734",000000000840003238099191,2025-09-15 00:28:36,2025-09-15 00:33:29,00:03:27,13263.477733124,315.27075402486,0,0.57347583417953,0,34.087656957427,1,0,174.00900146663,1,,"",13.532915457592,0,2025-11-10 12:57:26
453,"2259",000000000840003135191352,2025-09-15 00:55:50,2025-09-15 01:00:19,00:04:23,11300.354902359,235.36908303955,0,1.6736028542302,0,34.007084592542,1,0,174.44880741852,1,,"",13.186193788596,0,2025-11-10 12:57:26
453,"2812",000000000840003256052703,2025-09-15 02:11:02,2025-09-15 02:13:43,00:02:26,11041.753163325,348.59009381826,0,0.3391789634289,0,33.791469037019,1.010426548149,0,174.48769120185,1,,"",11.435207966361,0,2025-11-10 12:57:26
453,"2401",000000000840003228065326,2025-09-15 02:26:29,2025-09-15 02:29:01,00:02:09,14968.391005976,381.17586602243,0,1.8817250778791,0,33.599974028136,1.0200012985932,0,174.54078184404,1,,"",11.707289038543,0,2025-11-10 12:57:26
453,"2274",000000000840003135191372,2025-09-15 02:55:40,2025-09-15 03:02:04,00:06:17,15491.071824291,464.23385827596,0,4.1573245420658,0,33.453980336626,1.0273009831687,0,174.38366128654,1,,"",12.117575270471,0,2025-11-10 12:57:26
453,"2761",000000000840003238099218,2025-09-15 03:37:56,2025-09-15 03:43:09,00:03:11,14327.084234204,364.59406509314,0,4.1735137624012,0,33.308661027454,1.0345669486273,0,174.55981901231,1,,"",10.572645270227,0,2025-11-10 12:57:26
453,"2708",000000000840003238099165,2025-09-15 05:59:46,2025-09-15 06:04:50,00:04:59,12725.873929358,304.77493469452,0,0.9209662002235,0,33.535175841838,1.0232412079081,0,174.19124975778,1,,"",10.970721429225,0,2025-11-10 12:57:26
453,"2655",000000000840003238099112,2025-09-15 06:08:04,2025-09-15 06:10:46,00:02:41,14062.885083748,382.62210091718,0,1.1655784513977,0,33.538353299237,1.0230823350381,0,174.14379902856,1,,"",11.404400357167,0,2025-11-10 12:57:26
453,"2502",000000000840003220158357,2025-09-15 06:16:25,2025-09-15 06:22:23,00:05:51,19007.146019992,519.31670666004,0,3.8624138169053,0,33.535673697075,1.0232163151462,0,174.2541779936,1,,"",11.821726111406,0,2025-11-10 12:57:26
453,"2130",000000000840003199916767,2025-09-15 07:08:07,2025-09-15 07:12:39,00:03:32,17912.446879103,401.05337710802,0,0.17157600254481,0,33.565212138367,1.0217393930816,0,174.42582982762,1,,"",10.499967584212,0,2025-11-10 12:57:26
453,"1948",000000000840003135191614,2025-09-15 07:43:05,2025-09-15 07:48:02,00:02:06,10160.376309988,102.52229773097,0,0.17190436037442,0,33.385159498682,1.0307420250659,0,174.049122346,1,,"",9.8764419353401,0,2025-11-10 12:57:26
453,"2494",000000000840003220158349,2025-09-15 07:49:54,2025-09-15 07:54:00,00:02:10,10105.995887831,210.09109618176,0,0.2345341240301,0,33.469308799932,1.0265345600034,0,174.17550702377,1,,"",10.549577612812,0,2025-11-10 12:57:26
453,"2401",000000000840003228065326,2025-09-15 08:56:12,2025-09-15 09:01:21,00:04:08,11956.174673409,282.46603018103,0,3.5004004213345,0,33.830964661217,1.0084517669392,0,174.11837173145,1,,"",13.411979856137,0,2025-11-10 12:57:26
453,"2461",000000000840003304248052,2025-09-15 09:03:58,2025-09-15 09:08:31,00:03:10,13251.39433138,255.88860328133,0,1.7170462602735,0,33.9002763956,1.00498618022,0,174.09932188855,1,,"",14.114673805431,0,2025-11-10 12:57:26
453,"2734",000000000840003238099191,2025-09-15 09:28:07,2025-09-15 09:31:04,00:02:28,13949.726564373,316.67897137515,0,1.6616970308916,0,35.220832308058,1,0,173.77312338202,1,,"",15.111976650459,0,2025-11-10 12:57:26
453,"2274",000000000840003135191372,2025-09-15 10:31:45,2025-09-15 10:35:31,00:03:43,15796.868413557,445.64333691053,0,1.0259977079612,0,36.42176497152,1,0,173.74776531751,1,,"",17.67594655338,0,2025-11-10 12:57:26
453,"2264",000000000840003135191358,2025-09-15 10:37:03,2025-09-15 10:41:43,00:03:54,12065.09742874,266.25336334565,0,1.6108026621369,0,36.808297359217,1,0,173.67658726078,1,,"",18.312790114276,0,2025-11-10 12:57:26
453,"2300",000000000840003135191403,2025-09-15 10:49:11,2025-09-15 10:52:42,00:03:18,11212.982108855,288.11210334828,0,5.2313409971363,0,37.669206115491,1,0,174.31644177456,1,,"",19.03535056161,0,2025-11-10 12:57:26
453,"2671",000000000840003135191701,2025-09-15 10:55:21,2025-09-15 10:58:01,00:02:38,15178.265799063,458.89463952511,0,3.7597054476661,0,36.465328727885,1,0,174.19769346227,1,,"",19.445460178142,0,2025-11-10 12:57:26
453,"2710",000000000840003238099167,2025-09-15 11:31:48,2025-09-15 11:34:48,00:02:58,10513.560941183,205.62360510936,0,0.65161348337477,0,36.216674217842,1,0,173.96757756281,1,,"",20.132857391242,0,2025-11-10 12:57:26
453,"2761",000000000840003238099218,2025-09-15 11:41:43,2025-09-15 11:47:14,00:04:04,11626.502039793,346.3128733219,0,4.8146499923702,0,36.214411807522,1,0,174.21125985597,1,,"",20.630526279033,0,2025-11-10 12:57:26
453,"2749",000000000840003238099206,2025-09-15 12:16:21,2025-09-15 12:19:42,00:02:15,16213.955299296,432.03204513992,0,0.55961967547634,0,36.158165551569,1,0,174.32865324536,1,,"",21.519258667198,0,2025-11-10 12:57:26
453,"1906",000000000840003135890504,2025-09-15 12:49:18,2025-09-15 12:54:33,00:04:17,16012.446739112,503.29535435133,0,0.91691355773967,0,36.346906071358,1,0,174.19890330559,1,,"",22.810705095796,0,2025-11-10 12:57:26
453,"2461",000000000840003304248052,2025-09-15 13:39:17,2025-09-15 13:43:57,00:03:59,13323.530590261,305.76690539809,0,2.3026678688511,0,36.290731706002,1,0,173.29008345619,1,,"",24.185216750866,0,2025-11-10 12:57:26
453,"2760",000000000840003238099217,2025-09-15 14:21:51,2025-09-15 14:25:46,00:03:09,13018.240273539,342.99910101698,0,7.2128788446233,0,36.358210326478,1,0,173.4528157142,1,,"",24.503649457446,0,2025-11-10 12:57:26
453,"2502",000000000840003220158357,2025-09-15 14:26:38,2025-09-15 14:31:58,00:05:14,13402.867057868,339.62770006083,0,4.8144994583778,0,36.316057203996,1,0,173.19108383052,1,,"",24.62790014482,0,2025-11-10 12:57:26
453,"2401",000000000840003228065326,2025-09-15 14:37:48,2025-09-15 14:42:24,00:02:25,11249.238844007,184.88898146162,0,4.6401539569184,0,36.593681649348,1,0,172.81076763737,1,,"",24.689931364928,0,2025-11-10 12:57:26
453,"2761",000000000840003238099218,2025-09-15 15:48:24,2025-09-15 15:51:33,00:02:36,6446.7324531091,196.41529610581,0,1.0252085387442,0,36.473910159818,1,0,173.11179839355,1,,"",25.810613743424,0,2025-11-10 12:57:26
453,"2259",000000000840003135191352,2025-09-15 16:38:42,2025-09-15 16:40:54,00:02:09,11398.784714881,324.4225123513,0,0.36944682611382,0,36.614947922152,1,0,173.27256748981,1,,"",25.764774288409,0,2025-11-10 12:57:26
453,"2274",000000000840003135191372,2025-09-15 17:02:03,2025-09-15 17:06:32,00:04:24,13129.061160073,393.41514779059,0,4.831012210912,0,36.513298652607,1,0,173.15188509338,1,,"",25.936235476055,0,2025-11-10 12:57:26
453,"2710",000000000840003238099167,2025-09-15 19:07:15,2025-09-15 19:14:41,00:03:54,12307.02269445,334.72947517867,0,2.2996103587413,0,36.284326610888,1,0,173.88551185149,1,,"",20.743070687506,0,2025-11-10 12:57:26
453,"2655",000000000840003238099112,2025-09-15 23:45:15,2025-09-15 23:48:52,00:03:35,13130.142463524,345.79184179672,0,1.2011471916489,0,35.938874669185,1,0,174.15281421213,1,,"",13.537905752425,0,2025-11-10 12:57:26
453,"2574",000000000840003220158429,2025-09-16 06:28:02,2025-09-16 06:34:25,00:02:58,7509.2973193607,89.580179104283,0,0.18394424110943,0,36.469231085499,1,0,174.12285093651,1,,"",10.91076618089,0,2025-11-10 12:57:26
453,"2525",000000000840003304248037,2025-09-16 07:33:09,2025-09-16 07:36:06,00:02:33,7523.1387398973,187.62110822479,0,0.039820681996253,0,36.190313022032,1,0,174.40900063757,1,,"",10.908743301208,0,2025-11-10 12:57:26
453,"2260",000000000840003135191714,2025-09-16 09:03:59,2025-09-16 09:09:10,00:04:09,11968.451269913,390.56379728198,0,3.2854473978929,0,36.151844934101,1,0,174.27104411697,1,,"",14.640203010408,0,2025-11-10 12:57:26
453,"2264",000000000840003135191358,2025-09-16 09:23:14,2025-09-16 09:28:24,00:03:57,10677.317603595,240.42550839402,0,1.96054423931,0,36.469787362987,1,0,174.46333117691,1,,"",15.691966136546,0,2025-11-10 12:57:26
453,"2574",000000000840003220158429,2025-09-16 11:14:15,2025-09-16 11:18:36,00:04:07,13252.906410827,414.20147654328,0,0.75424620400298,0,36.390950649104,1,0,173.80123585882,1,,"",21.129987646471,0,2025-11-10 12:57:26
453,"2264",000000000840003135191358,2025-09-16 13:42:02,2025-09-16 13:47:11,00:04:31,12156.983663363,333.30246500054,0,0.7377309933005,0,36.193822224666,1,0,173.71842008477,1,,"",25.21844420864,0,2025-11-10 12:57:26
453,"2761",000000000840003238099218,2025-09-16 13:57:33,2025-09-16 14:01:27,00:03:49,8647.0911067067,253.98779829172,0,3.3129746436556,0,36.232426275874,1,0,173.72548514297,1,,"",25.222412375176,0,2025-11-10 12:57:26
453,"2780",000000000840003238099237,2025-09-16 14:03:47,2025-09-16 14:07:44,00:03:52,10735.531952515,308.15226462179,0,0.97193150142516,0,36.29264314071,1,0,173.2226158695,1,,"",25.385936190317,0,2025-11-10 12:57:26
453,"2708",000000000840003238099165,2025-09-16 14:25:34,2025-09-16 14:29:43,00:03:18,10575.482605846,240.70396089631,0,7.4521640226994,0,36.233555111066,1,0,173.66045765535,1,,"",25.520930565011,0,2025-11-10 12:57:26
453,"2247",000000000840003135191337,2025-09-16 14:37:07,2025-09-16 14:39:55,00:02:30,9595.8558307287,191.22202755551,0,1.7362107965543,0,36.093291364595,1,0,174.04922510032,1,,"",25.731307849839,0,2025-11-10 12:57:26
453,"2698",000000000840003238099155,2025-09-16 14:45:22,2025-09-16 14:50:33,00:05:05,10712.820135436,303.99506471741,0,1.3105584407363,0,36.189194808342,1,0,173.98331854146,1,,"",25.681894296892,0,2025-11-10 12:57:26
453,"2525",000000000840003304248037,2025-09-16 17:19:07,2025-09-16 17:30:40,00:08:03,11168.15040057,224.89830429088,0,8.6946930275304,0,36.34716389412,1,0,173.21753316136,1,,"",25.498019222816,0,2025-11-10 12:57:26
453,"2274",000000000840003135191372,2025-09-16 19:15:20,2025-09-16 19:18:33,00:02:05,9673.254929617,261.78642017561,0,1.8820807634425,0,36.330393101383,1,0,173.32717887287,1,,"",21.254952301707,0,2025-11-10 12:57:26
453,"2264",000000000840003135191358,2025-09-16 19:35:40,2025-09-16 19:38:09,00:02:26,11237.884700464,331.58244448096,0,0.51569954760946,0,36.375758235266,1,0,173.6814987944,1,,"",19.911134929838,0,2025-11-10 12:57:26
453,"2760",000000000840003238099217,2025-09-16 20:20:49,2025-09-16 20:23:46,00:02:37,10534.221264722,242.36324750372,0,3.9378144594343,0,36.276835890882,1,0,174.22286711029,1,,"",17.905577389959,0,2025-11-10 12:57:26
453,"2502",000000000840003220158357,2025-09-16 22:37:58,2025-09-16 22:42:57,00:04:51,9938.3063686238,206.82913044616,0,0.35381664994502,0,35.870583553947,1,0,174.6372006358,1,,"",14.207871067192,0,2025-11-10 12:57:26
453,"2671",000000000840003135191701,2025-09-17 00:06:25,2025-09-17 00:10:18,00:02:58,12510.217411576,388.90880758894,0,4.3794310503737,0,35.802631780501,1,0,174.49304788335,1,,"",13.489122521776,0,2025-11-10 12:57:26
453,"2264",000000000840003135191358,2025-09-17 00:27:29,2025-09-17 00:31:07,00:03:27,11333.648148883,279.41140518259,0,0.33863922171621,0,35.688185726384,1,0,174.28770379857,1,,"",13.891021193808,0,2025-11-10 12:57:26
453,"2749",000000000840003238099206,2025-09-17 00:39:31,2025-09-17 00:44:02,00:04:27,9901.0086110723,276.65949942134,0,0.20940002315028,0,35.765651497504,1,0,174.53465537121,1,,"",14.105086942867,0,2025-11-10 12:57:26
453,"2461",000000000840003304248052,2025-09-17 01:04:01,2025-09-17 01:08:33,00:04:16,8583.4307717278,166.74165131783,0,0.23307332668283,0,35.861493956895,1,0,174.50541949199,1,,"",13.899227914915,0,2025-11-10 12:57:26
453,"2708",000000000840003238099165,2025-09-17 01:15:19,2025-09-17 01:17:29,00:02:08,7866.6378465496,215.65661622678,0,0.49452510056703,0,35.913481579832,1,0,174.42470127918,1,,"",14.049630237364,0,2025-11-10 12:57:26
453,"2770",000000000840003238099227,2025-09-17 02:10:21,2025-09-17 02:13:47,00:02:03,7245.3701983965,154.82301919556,0,0.13238905188272,0,35.723180202511,1,0,174.56604404166,1,,"",12.880334132871,0,2025-11-10 12:57:26
453,"2502",000000000840003220158357,2025-09-17 02:22:07,2025-09-17 02:27:04,00:04:42,9084.4406777871,214.17896608254,0,0.23659476263724,0,35.594767911144,1,0,174.43644574242,1,,"",13.241325274745,0,2025-11-10 12:57:26
453,"2615",000000000840003238099072,2025-09-17 02:28:19,2025-09-17 02:32:59,00:02:47,9310.1808928814,175.37953153524,0,0.27818688010037,0,35.745599364085,1,0,174.1583667632,1,,"",13.662822303855,0,2025-11-10 12:57:26
453,"2281",000000000840003135191380,2025-09-17 02:38:58,2025-09-17 02:42:45,00:02:33,6424.5669228816,117.06485147594,0,1.8825184731955,0,35.704386417585,1,0,174.62942005716,1,,"",13.66338432052,0,2025-11-10 12:57:26
453,"2300",000000000840003135191403,2025-09-17 03:16:26,2025-09-17 03:19:02,00:02:33,11023.45466241,282.24055175963,0,4.3749649323158,0,35.465229376056,1,0,174.45825695891,1,,"",13.267361368732,0,2025-11-10 12:57:26
453,"2264",000000000840003135191358,2025-09-17 05:45:04,2025-09-17 05:49:46,00:04:38,9979.6683374491,212.31890048218,0,0.23554518443254,0,35.359409671534,1,0,174.13317993308,1,,"",11.217315340447,0,2025-11-10 12:57:26
453,"2525",000000000840003304248037,2025-09-17 05:59:58,2025-09-17 06:04:59,00:02:37,8930.7471681558,176.08724021823,0,0.12112426115995,0,35.355102064282,1,0,174.02454930188,1,,"",11.814051047411,0,2025-11-10 12:57:26
453,"2259",000000000840003135191352,2025-09-17 07:34:42,2025-09-17 07:40:08,00:04:22,8233.736987307,143.84551459997,0,0.032026473347321,0,35.571720438908,1,0,174.24928776309,1,,"",10.866631150747,0,2025-11-10 12:57:26
453,"2734",000000000840003238099191,2025-09-17 08:37:35,2025-09-17 08:40:12,00:02:30,9176.4655934365,165.10534752404,0,0.62627823501655,0,35.310751499711,1,0,174.43960282106,1,,"",12.104145669822,0,2025-11-10 12:57:26
453,"2574",000000000840003220158429,2025-09-17 10:48:35,2025-09-17 10:52:36,00:02:38,10437.796537695,273.38868717901,0,0.81409752528735,0,35.840540034726,1,0,174.50480586913,1,,"",17.148929366394,0,2025-11-10 12:57:26
453,"2149",000000000840003260931385,2025-09-22 10:57:24,2025-09-22 11:02:37,00:05:09,8807.6376067848,279.39634419742,0,0.34378146730008,0,34.828566190861,1,0,173.94823837078,1,,"",18.487211353051,0,2025-11-10 12:57:26
453,"2708",000000000840003238099165,2025-09-22 14:00:33,2025-09-22 14:07:25,00:04:41,9610.048777901,246.59516878559,0,4.5972629846027,0,37.492046916469,1,0,174.2269165575,1,,"",22.543278980464,0,2025-11-10 12:57:26
453,"2539",000000000840003220158394,2025-09-22 17:18:26,2025-09-22 17:23:27,00:04:42,10314.888422783,205.33480613253,0,0.3194958935025,0,37.589559507976,1,0,174.11736402315,1,,"",24.385393565808,0,2025-11-10 12:57:26
453,"2247",000000000840003135191337,2025-09-23 00:39:56,2025-09-23 00:43:15,00:02:34,8804.2152477729,197.44354139089,0,2.5215060131978,0,37.787588820574,1,0,173.82749996839,1,,"",18.414945699933,0,2025-11-10 12:57:26
453,"2671",000000000840003135191701,2025-09-23 01:02:20,2025-09-23 01:05:57,00:02:58,11036.564208292,277.94394035942,0,1.3934442149596,0,37.798834991242,1,0,174.09056147226,1,,"",18.525035452252,0,2025-11-10 12:57:26
453,"2655",000000000840003238099112,2025-09-23 02:35:27,2025-09-23 02:39:14,00:03:43,12206.412148281,363.04593354753,0,1.6098780689306,0,37.97322318843,1,0,174.32573541115,1,,"",17.993696557257,0,2025-11-10 12:57:26
453,"2698",000000000840003238099155,2025-09-23 02:54:54,2025-09-23 03:00:01,00:05:01,11268.466643065,343.09206788992,0,1.5869970696593,0,37.831782590361,1,0,174.40678054822,1,,"",17.902594345616,0,2025-11-10 12:57:26
453,"2710",000000000840003238099167,2025-09-23 03:05:47,2025-09-23 03:09:37,00:03:47,8001.1715361437,230.52261832255,0,2.6737471286571,0,37.96785730747,1,0,174.38426107186,1,,"",17.903328319536,0,2025-11-10 12:57:26
453,"2260",000000000840003135191714,2025-09-23 06:22:15,2025-09-23 06:26:38,00:03:12,12714.356379972,325.84085645206,0,1.2787931187325,0,37.361181132144,1,0,173.1474339521,1,,"",17.809122733495,0,2025-11-10 12:57:26
453,"2708",000000000840003238099165,2025-09-23 09:31:41,2025-09-23 09:34:39,00:02:55,11832.983889557,321.59090690979,0,4.1912109882803,0,37.880108458504,1,0,174.30273262955,1,,"",17.482923176153,0,2025-11-10 12:57:26
453,"2260",000000000840003135191714,2025-09-23 10:59:45,2025-09-23 11:02:33,00:02:45,13651.987747463,399.5366833434,0,2.1242641783733,0,38.055451073669,1,0,174.07882993299,1,,"",18.702074998669,0,2025-11-10 12:57:26
453,"1948",000000000840003135191614,2025-09-23 11:16:18,2025-09-23 11:20:20,00:02:14,12312.589118194,176.30383830306,0,1.1684546852847,0,38.169357612267,1,0,174.15338236453,1,,"",18.947309866866,0,2025-11-10 12:57:26
453,"2525",000000000840003304248037,2025-09-23 11:23:09,2025-09-23 11:26:38,00:02:18,17075.433590775,509.35161210589,0,7.3250029330977,0,38.283439072207,1,0,174.43616950017,1,,"",19.362837943201,0,2025-11-10 12:57:26
453,"2501",000000000840003135191705,2025-09-23 13:22:40,2025-09-23 13:25:29,00:02:42,14657.789458951,416.97995750069,0,7.4353721095347,0,39.454391079144,1,0,174.30470350416,1,,"",20.321926629052,0,2025-11-10 12:57:26
453,"2710",000000000840003238099167,2025-09-23 13:36:34,2025-09-23 13:39:18,00:02:41,11623.80689903,461.51653400007,0,1.3306978424928,0,38.891557948605,1,0,174.02801449949,1,,"",20.673295479182,0,2025-11-10 12:57:26
453,"2671",000000000840003135191701,2025-09-23 14:56:34,2025-09-23 15:00:52,00:03:25,16108.246035035,477.84096780793,0,3.8099595508907,0,38.406436309857,1,0,173.56976315357,1,,"",20.678095004281,0,2025-11-10 12:57:26
453,"2247",000000000840003135191337,2025-09-23 15:05:22,2025-09-23 15:09:30,00:03:27,13079.450468345,271.27025360809,0,1.4501066108418,0,37.907896587087,1,0,174.15267269578,1,,"",20.706666490013,0,2025-11-10 12:57:26
453,"2708",000000000840003238099165,2025-09-23 15:24:57,2025-09-23 15:30:14,00:04:11,14980.626400964,354.62219698178,0,10.916695646623,0,37.829639671047,1,0,173.88695600503,1,,"",20.406496300641,0,2025-11-10 12:57:26
453,"2574",000000000840003220158429,2025-09-23 15:34:59,2025-09-23 15:40:52,00:03:34,10650.675226955,221.71943657182,0,0.51762903517747,0,37.691249684531,1,0,173.9254371063,1,,"",20.470864971115,0,2025-11-10 12:57:26
453,"2401",000000000840003228065326,2025-09-23 15:57:44,2025-09-23 16:03:31,00:05:07,13272.900996623,364.98889847362,0,2.7335795356647,0,37.594967967654,1,0,174.14781687969,1,,"",19.82619550963,0,2025-11-10 12:57:26
453,"2461",000000000840003304248052,2025-09-23 16:38:40,2025-09-23 16:42:43,00:02:33,11666.262386378,264.28199149673,0,0.043645470742792,0,37.336675823207,1,0,174.47659947192,1,,"",19.617091030746,0,2025-11-10 12:57:26
453,"2761",000000000840003238099218,2025-09-23 16:55:15,2025-09-23 16:58:33,00:03:16,11953.457326802,406.7265728315,0,4.0850334072239,0,37.84885594093,1,0,174.1200563427,1,,"",19.608578343185,0,2025-11-10 12:57:26
453,"2247",000000000840003135191337,2025-09-23 19:16:08,2025-09-23 19:19:33,00:03:22,10830.689126196,297.02266603129,0,3.6119212384685,0,37.116329184669,1,0,174.4200803678,1,,"",18.607490930676,0,2025-11-10 12:57:26
453,"2501",000000000840003135191705,2025-09-23 21:01:23,2025-09-23 21:06:30,00:03:50,12213.699475326,316.4635565381,0,2.5925851210514,0,36.688465093535,1,0,174.3510158178,1,,"",18.348882617048,0,2025-11-10 12:57:26
453,"2710",000000000840003238099167,2025-09-24 00:47:03,2025-09-24 00:51:07,00:04:01,11061.422120586,261.88499965131,0,1.7821389146005,0,36.248091013131,1,0,174.51042479488,1,,"",17.738747198532,0,2025-11-10 12:57:26
453,"2856",000000000840003256052747,2025-09-24 02:10:51,2025-09-24 02:14:32,00:02:43,11281.63189551,274.56244043011,0,0.37385082285651,0,35.961517271001,1,0,174.24057124387,1,,"",16.663818654286,0,2025-11-10 12:57:26
453,"2708",000000000840003238099165,2025-09-24 02:38:42,2025-09-24 02:42:03,00:03:18,9741.4479622759,214.37396268146,0,6.4004430378833,0,37.578444557306,1,0,174.11620965897,1,,"",16.741672102245,0,2025-11-10 12:57:26
453,"2761",000000000840003238099218,2025-09-24 03:49:19,2025-09-24 03:53:40,00:04:17,10585.317609197,355.98979312159,0,3.6142638998443,0,37.248125369578,1,0,174.12304454583,1,,"",15.795185976959,0,2025-11-10 12:57:26
453,"2708",000000000840003238099165,2025-09-24 07:20:44,2025-09-24 07:25:04,00:02:18,9956.3621568533,200.41318923905,0,0.42967030554818,0,37.535594333005,1,0,174.42912015975,1,,"",15.362756423681,0,2025-11-10 12:57:26
453,"2260",000000000840003135191714,2025-09-24 13:21:08,2025-09-24 13:25:58,00:03:39,13250.300423182,417.15516295265,0,1.8429387414037,0,38.214339887976,1,0,174.16205737319,1,,"",19.5656286194,0,2025-11-10 12:57:26
453,"2710",000000000840003238099167,2025-09-24 15:16:25,2025-09-24 15:22:25,00:04:20,9300.9330255552,227.7048326019,0,4.8307877610341,0,37.680746042303,1,0,173.90508334209,1,,"",21.164667823323,0,2025-11-10 12:57:26
453,"2540",000000000840003220158395,2025-09-24 17:06:12,2025-09-24 17:09:20,00:02:05,13419.386267581,340.96744021521,0,2.9242555031704,0,37.765151989909,1,0,173.30355335723,1,,"",22.507748385534,0,2025-11-10 12:57:26
453,"2710",000000000840003238099167,2025-09-24 19:44:39,2025-09-24 19:47:36,00:02:54,8589.84187956,206.87174754285,0,0.70523754514163,0,38.146005229661,1,0,174.13480510862,1,,"",19.476599338614,0,2025-11-10 12:57:26
453,"2710",000000000840003238099167,2025-09-25 03:07:06,2025-09-25 03:09:55,00:02:46,9836.1259709829,198.64157669841,0,3.9732991291339,0,36.840774339604,1,0,174.36160611727,1,,"",19.559383078698,0,2025-11-10 12:57:26
453,"2130",000000000840003199916767,2025-09-25 05:30:46,2025-09-25 05:39:27,00:03:06,7542.3080372088,204.86015761681,0,0.036747653319524,0,36.883725027757,1,0,174.20594099211,1,,"",19.417690126434,0,2025-11-10 12:57:26
453,"2401",000000000840003228065326,2025-09-25 06:58:58,2025-09-25 07:04:01,00:04:28,10380.045089589,270.22673107884,0,0.40130695453032,0,36.736493828189,1,0,174.15081901504,1,,"",19.313905668623,0,2025-11-10 12:57:26
453,"2461",000000000840003304248052,2025-09-25 11:25:04,2025-09-25 11:29:28,00:03:16,12326.957740972,263.38592020755,0,2.5221081948554,0,37.048579671628,1,0,174.4316116641,1,,"",20.742587444674,0,2025-11-10 12:57:26
453,"2655",000000000840003238099112,2025-09-25 12:07:35,2025-09-25 12:11:11,00:03:32,12579.518397763,379.73401368065,0,1.046854231045,0,37.230617839328,1,0,174.28529368915,1,,"",20.903892290602,0,2025-11-10 12:57:26
453,"2698",000000000840003238099155,2025-09-25 12:28:09,2025-09-25 12:31:39,00:03:27,13581.771130928,340.85444790035,0,0.35055128645457,0,37.182655269332,1,0,173.90250465961,1,,"",21.240190528557,0,2025-11-10 12:57:26
453,"2761",000000000840003238099218,2025-09-25 13:02:58,2025-09-25 13:08:02,00:04:58,12790.013011757,382.19904421455,0,3.7946080507188,0,37.428817057886,1,0,174.41701827906,1,,"",21.509644834231,0,2025-11-10 12:57:26
453,"2708",000000000840003238099165,2025-09-25 13:58:11,2025-09-25 14:04:02,00:04:52,12259.571397498,306.44985492305,0,6.3525270920971,0,37.040775953196,1,0,174.23586508134,1,,"",21.411122579191,0,2025-11-10 12:57:26
453,"2130",000000000840003199916767,2025-09-25 15:19:07,2025-09-25 15:23:43,00:03:23,16661.079031867,457.86123339946,0,4.9009025490403,0,36.627900632256,1,0,174.24135092713,1,,"",20.394187538527,0,2025-11-10 12:57:26
453,"2501",000000000840003135191705,2025-09-25 16:16:45,2025-09-25 16:20:19,00:03:30,11410.218239537,270.08045950545,0,5.5807630446321,0,36.735004787863,1,0,174.36392164797,1,,"",19.969570339644,0,2025-11-10 12:57:26
453,"2671",000000000840003135191701,2025-09-25 18:50:19,2025-09-25 18:53:36,00:02:09,15905.257051182,520.7895291894,0,2.6611915366773,0,37.126283585948,1,0,174.57798319344,1,,"",19.304063776897,0,2025-11-10 12:57:26
453,"2761",000000000840003238099218,2025-09-25 20:19:05,2025-09-25 20:23:16,00:02:49,10164.691612753,221.48842354488,0,3.7713912474,0,36.762903853153,1,0,174.17845418477,1,,"",18.161701970242,0,2025-11-10 12:57:26
453,"2761",000000000840003238099218,2025-09-26 00:56:14,2025-09-26 00:59:15,00:02:58,11053.763627592,307.57101595862,0,3.5877817090469,0,36.672182236735,1,0,174.40522039428,1,,"",17.444813116812,0,2025-11-10 12:57:26
453,"2525",000000000840003304248037,2025-09-26 02:02:07,2025-09-26 02:05:08,00:02:48,10504.921489577,219.27580437677,0,0.26539153032619,0,36.859015267026,1,0,174.31740565466,1,,"",18.264928754223,0,2025-11-10 12:57:26
453,"2813",000000000840003256052704,2025-09-26 06:00:15,2025-09-26 06:03:45,00:02:48,8159.024800943,200.46043435582,0,0.15244956356967,0,37.063259229214,1,0,173.89895752193,1,,"",17.493451282354,0,2025-11-10 12:57:26
453,"2501",000000000840003135191705,2025-09-26 06:07:14,2025-09-26 06:11:38,00:04:20,10091.311632817,253.75412036149,0,1.3453428997483,0,36.92886897832,1,0,174.41477172873,1,,"",17.777582181567,0,2025-11-10 12:57:26
453,"2684",000000000840003238099141,2025-09-26 08:05:49,2025-09-26 08:09:41,00:03:50,11839.168717774,405.07913660142,0,2.8568823459644,0,36.72642349569,1,0,174.45442909564,1,,"",17.219544735482,0,2025-11-10 12:57:26
453,"2260",000000000840003135191714,2025-09-26 08:24:57,2025-09-26 08:30:01,00:03:35,14981.447283793,436.35037119459,0,2.9858976618344,0,36.788017663077,1,0,174.32567578421,1,,"",17.542974221268,0,2025-11-10 12:57:26
453,"2698",000000000840003238099155,2025-09-26 11:56:40,2025-09-26 12:02:14,00:05:29,12275.428716735,396.13485209286,0,1.3461087634007,0,35.11098184333,1,0,174.07285937322,1,,"",19.71741600858,0,2025-11-10 12:57:26
453,"2774",000000000840003238099231,2025-09-26 12:36:28,2025-09-26 12:39:31,00:02:50,10574.109707477,306.79100185117,0,0.56888407893893,0,35.122591273226,1,0,174.00400434322,1,,"",20.082900970315,0,2025-11-10 12:57:26
453,"2540",000000000840003220158395,2025-09-26 13:08:55,2025-09-26 13:13:17,00:03:48,12737.801179389,358.48696257339,0,2.9713275943481,0,35.092785244321,1,0,174.29463833108,1,,"",20.754780069595,0,2025-11-10 12:57:26
453,"2761",000000000840003238099218,2025-09-26 13:19:45,2025-09-26 13:25:22,00:02:55,10258.827919167,143.77897587322,0,2.0723460286323,0,35.112685050308,1,0,174.28030004547,1,,"",20.721131634076,0,2025-11-10 12:57:26
453,"2149",000000000840003260931385,2025-09-26 13:41:23,2025-09-26 13:45:35,00:04:03,14704.858427531,786.36609512389,0,0.77297398625485,0,35.06573424545,1,0,174.27044639828,1,,"",21.001507212984,0,2025-11-10 12:57:26
453,"2247",000000000840003135191337,2025-09-26 16:27:56,2025-09-26 16:30:01,00:02:03,10967.084421282,323.05029300623,0,1.7010675412794,0,34.739846534539,1,0,174.45715436756,1,,"",22.511750381212,0,2025-11-10 12:57:26
453,"2655",000000000840003238099112,2025-09-26 19:17:21,2025-09-26 19:21:40,00:04:05,13317.805563639,369.2984744058,0,1.0442772053112,0,34.996393539907,1,0,174.29269658911,1,,"",18.178040938049,0,2025-11-10 12:57:26
453,"2655",000000000840003238099112,2025-09-27 00:33:35,2025-09-27 00:37:33,00:03:11,14588.984508274,447.42757998027,0,1.0460998607946,0,33.906609672806,1.0046695163597,0,174.42243601681,1,,"",12.683624123477,0,2025-11-11 02:32:22
453,"2461",000000000840003304248052,2025-09-27 02:52:02,2025-09-27 02:54:09,00:02:05,21025.136532302,602.03870431392,0,5.4827248588104,0,33.810226244567,1.0094886877716,0,174.39502492864,1,,"",13.023234150295,0,2025-11-11 02:32:22
453,"2710",000000000840003238099167,2025-09-27 02:55:46,2025-09-27 02:59:10,00:03:21,16107.506900243,407.61317065393,0,4.7256627918319,0,33.679467052523,1.0160266473738,0,174.81481922083,1,,"",13.577254872419,0,2025-11-11 02:32:22
453,"2130",000000000840003199916767,2025-09-27 04:55:37,2025-09-27 04:58:14,00:02:05,15329.878245155,349.06635804643,0,0.26472373461918,0,33.690918695033,1.0154540652483,0,174.65823629336,1,,"",11.537921933919,0,2025-11-11 02:32:22
453,"2149",000000000840003260931385,2025-09-27 06:47:38,2025-09-27 06:52:41,00:04:57,14078.910706362,372.55054867996,0,0.16915523292855,0,33.426579613096,1.0286710193452,0,174.68351361399,1,,"",11.794271647855,0,2025-11-11 02:32:22
453,"2461",000000000840003304248052,2025-09-27 08:40:23,2025-09-27 08:44:52,00:03:33,9563.2251568848,219.56567304551,0,2.6645362728892,0,33.521653822279,1.023917308886,0,174.59168172341,1,,"",12.477551303841,0,2025-11-11 02:32:22
453,"2710",000000000840003238099167,2025-09-27 08:53:29,2025-09-27 08:56:32,00:03:00,8381.8815962869,216.40591524614,0,1.8886425487677,0,33.687588219594,1.0156205890203,0,174.90880883563,1,,"",12.862299009993,0,2025-11-11 02:32:22
453,"2708",000000000840003238099165,2025-09-27 09:15:10,2025-09-27 09:20:35,00:03:38,9819.096298828,248.55913819086,0,3.2163830902211,0,33.704040522602,1.0147979738699,0,174.68305276826,1,,"",13.626908256281,0,2025-11-11 02:32:22
453,"2401",000000000840003228065326,2025-09-27 10:54:58,2025-09-27 10:57:53,00:02:10,10151.17980011,286.59163915666,0,1.7293290579869,0,35.838262759195,1,0,174.4757928187,1,,"",19.773907672237,0,2025-11-11 02:32:22
453,"2708",000000000840003238099165,2025-09-27 14:28:39,2025-09-27 14:31:55,00:03:06,10888.913040852,301.05665470634,0,2.0162419815448,0,35.272477909635,1,0,173.94335589225,1,,"",23.001186519704,0,2025-11-11 02:32:22
453,"2708",000000000840003238099165,2025-09-28 00:50:23,2025-09-28 00:57:23,00:02:11,11840.73299019,329.33436594005,0,4.0368105037302,0,34.011187721686,1,0,174.58019802531,1,,"",15.405884116137,0,2025-11-12 02:32:36
453,"2856",000000000840003256052747,2025-09-28 01:51:13,2025-09-28 01:53:45,00:02:29,8515.5155525404,275.07800221233,0,0.16097953206982,0,33.926098472267,1.0036950763866,0,174.87386233358,1,,"",14.458357631641,0,2025-11-12 02:32:36
453,"2247",000000000840003135191337,2025-09-28 02:24:44,2025-09-28 02:31:23,00:03:38,10258.333199467,287.11294963774,0,2.9630812006427,0,33.728558078742,1.0135720960629,0,174.54886759427,1,,"",14.679446210119,0,2025-11-12 02:32:36
453,"2484",000000000840003228065327,2025-09-28 08:08:23,2025-09-28 08:11:42,00:02:19,7786.2092344843,30.131958072957,0,0.013748811102727,0,33.471139023707,1.0264430488147,0,174.25181806898,1,,"",12.257305715852,0,2025-11-12 02:32:36
453,"2708",000000000840003238099165,2025-09-28 08:32:16,2025-09-28 08:35:43,00:02:57,9865.1357565714,287.79353081171,0,6.4724184081441,0,33.450406703416,1.0274796648292,0,174.21828801137,1,,"",13.152446795388,0,2025-11-12 02:32:36
453,"2684",000000000840003238099141,2025-09-28 08:36:50,2025-09-28 08:41:20,00:02:36,9232.142762621,254.9495761067,0,3.0499314998444,0,33.481553442811,1.0259223278595,0,174.45476899026,1,,"",13.529638347866,0,2025-11-12 02:32:36
453,"2401",000000000840003228065326,2025-09-28 08:51:44,2025-09-28 08:56:29,00:02:59,10345.002156536,223.86338771028,0,1.9083623785948,0,34.316065474126,1,0,174.41764538308,1,,"",14.399256835391,0,2025-11-12 02:32:36
453,"2149",000000000840003260931385,2025-09-28 13:37:18,2025-09-28 13:39:42,00:02:22,11503.499290011,401.10395886291,0,0.70350207127454,0,34.78479759392,1,0,173.5858110526,1,,"",25.158073404486,0,2025-11-12 02:32:36
453,"2708",000000000840003238099165,2025-09-28 16:25:44,2025-09-28 16:30:28,00:04:12,13784.268305394,340.01379068821,0,4.7439849805443,0,34.752416644966,1,0,173.36800925603,1,,"",25.690418389303,0,2025-11-12 02:32:36
453,"2730",000000000840003135191609,2025-09-28 19:27:08,2025-09-28 19:32:39,00:02:22,12034.325466765,178.14692014258,0,1.050188017819,0,34.896607843406,1,0,173.99323845877,1,,"",19.737427497105,0,2025-11-12 02:32:36
453,"2241",000000000840003135191331,2025-09-29 00:47:42,2025-09-29 00:52:02,00:02:26,20068.554601526,514.78166512737,0,1.7555774385247,0,34.375022752621,1,0,174.74045526133,1,,"",12.073864274571,0,2025-11-12 02:32:36
453,"2149",000000000840003260931385,2025-09-29 02:40:23,2025-09-29 02:44:51,00:04:23,15533.743515845,442.39915308372,0,3.8218601116334,0,34.029746603565,1,0,174.5732307072,1,,"",9.6091583948353,0,2025-11-12 02:32:36
453,"2241",000000000840003135191331,2025-09-29 06:01:12,2025-09-29 06:06:56,00:04:53,17754.316806437,672.00810470591,0,0.23935312182723,0,33.652968879205,1.0173515560398,0,174.6187799159,1,,"",8.9486157474229,0,2025-11-12 02:32:36
453,"2708",000000000840003238099165,2025-09-29 08:06:29,2025-09-29 08:10:41,00:03:51,12826.136966666,334.79542782975,0,0.23572375473757,0,33.56081926779,1.0219590366105,0,174.5263135272,1,,"",8.8156877711978,0,2025-11-12 02:32:36
453,"2401",000000000840003228065326,2025-09-29 10:47:43,2025-09-29 10:51:35,00:02:07,10378.165042004,207.41101054047,0,1.0792793134128,0,34.473459463524,1,0,174.54615507742,1,,"",17.802619608465,0,2025-11-12 02:32:36
453,"2708",000000000840003238099165,2025-09-29 12:19:59,2025-09-29 12:24:18,00:02:43,9512.6192916943,238.14959509132,0,1.5543644893998,0,34.590098252954,1,0,174.50881461396,1,,"",20.288415491308,0,2025-11-12 02:32:36
453,"2501",000000000840003135191705,2025-09-30 09:20:16,2025-09-30 09:25:27,00:03:12,12103.17652892,198.43323275936,0,1.7686685064479,0,33.721672072257,1.0139163963871,0,174.77806106165,1,,"",12.6086727987,0,2025-11-12 02:32:36
453,"2149",000000000840003260931385,2025-09-30 14:51:00,2025-09-30 14:55:30,00:04:16,14978.797929798,502.95385160415,0,1.7796125603192,0,34.423643332082,1,0,173.73265253138,1,,"",23.977302743297,0,2025-11-12 02:32:36
453,"2501",000000000840003135191705,2025-09-30 18:56:11,2025-09-30 18:59:28,00:03:12,14087.181962502,460.2280506798,0,2.928283720197,0,34.403264765498,1,0,174.54635974725,1,,"",19.947431664753,0,2025-11-12 02:32:36
453,"2247",000000000840003135191337,2025-09-30 19:12:59,2025-09-30 19:15:43,00:02:42,11872.28321235,327.58127695844,0,1.6753221870666,0,34.374617955099,1,0,174.14017863048,1,,"",19.014241741792,0,2025-11-12 02:32:36
453,"2149",000000000840003260931385,2025-10-01 00:38:43,2025-10-01 00:43:37,00:04:49,18243.474827463,599.39940285637,0,0.5102798337349,0,34.381040311339,1,0,174.79916032985,1,,"",11.440181337977,0,2025-11-12 02:32:36
453,"2708",000000000840003238099165,2025-10-01 01:01:02,2025-10-01 01:05:17,00:04:11,17158.600393406,541.23767986383,0,3.6908895782879,0,33.966565252659,1.0016717373671,0,174.53110855722,1,,"",10.630371745313,0,2025-11-12 02:32:36
453,"2149",000000000840003260931385,2025-10-01 05:59:58,2025-10-01 06:04:29,00:04:25,16851.968766147,570.56460086824,0,0.38794851944828,0,33.550848324153,1.0224575837923,0,174.18625619095,1,,"",6.6792976058929,0,2025-11-12 02:32:36
453,"2708",000000000840003238099165,2025-10-01 06:09:54,2025-10-01 06:12:00,00:02:04,15124.87309746,413.76598508752,0,4.4214716264613,0,33.634107444445,1.0182946277777,0,174.60272134597,1,,"",7.0575800093086,0,2025-11-12 02:32:36
453,"2813",000000000840003256052704,2025-10-01 10:55:31,2025-10-01 10:59:44,00:03:00,10658.234579206,267.52194829119,0,0.3914112128643,0,33.691543043033,1.0154228478484,0,174.41958410752,1,,"",13.036516343501,0,2025-11-12 02:32:36
453,"2149",000000000840003260931385,2025-10-01 14:57:41,2025-10-01 15:02:13,00:04:05,11372.200769767,289.91967722355,0,0.25198456196626,0,33.945070296232,1.0027464851884,0,174.1718492268,1,,"",18.588114968563,0,2025-11-12 02:32:36
453,"2401",000000000840003228065326,2025-10-01 16:41:48,2025-10-01 16:44:34,00:02:28,12218.360419617,302.27970519673,0,1.5480482900493,0,33.912170658827,1.0043914670586,0,174.65441700328,1,,"",18.266753646278,0,2025-11-12 02:32:36
453,"2149",000000000840003260931385,2025-10-02 02:25:41,2025-10-02 02:28:05,00:02:22,14174.724852098,310.08906385677,0,0.083391229369077,0,34.226084330957,1,0,174.829917932,1,,"",5.5622163151343,0,2025-11-12 02:32:36
453,"2401",000000000840003228065326,2025-10-02 02:29:40,2025-10-02 02:32:28,00:02:24,15221.855945091,391.37293346032,0,0.47099491796176,0,34.207817405369,1,0,174.6617673264,1,,"",6.6024035076504,0,2025-11-12 02:32:36
453,"2149",000000000840003260931385,2025-10-02 03:00:10,2025-10-02 03:02:32,00:02:21,19534.61654482,579.90631457368,0,3.2660476085963,0,34.305556193869,1,0,174.45290094228,1,,"",5.5057674137127,0,2025-11-12 02:32:36
453,"2525",000000000840003304248037,2025-10-02 05:57:55,2025-10-02 06:03:29,00:03:13,13808.461288967,248.39851401478,0,0.2563059091449,0,34.277543280168,1,0,174.54939267321,1,,"",5.4326672878838,0,2025-11-12 02:32:36
453,"2708",000000000840003238099165,2025-10-02 06:05:30,2025-10-02 06:08:37,00:03:04,13152.73898966,352.68007253111,0,4.0043067463223,0,34.341162893043,1,0,174.3156177483,1,,"",5.9938646068115,0,2025-11-12 02:32:36
453,"2401",000000000840003228065326,2025-10-02 08:26:43,2025-10-02 08:32:34,00:05:02,15782.826775012,451.30832488836,0,3.6858867134788,0,34.030325068776,1,0,174.41589286708,1,,"",7.3070084233303,0,2025-11-12 02:32:36
453,"2149",000000000840003260931385,2025-10-02 13:54:12,2025-10-02 13:58:34,00:04:12,9929.5023610214,258.42373033905,0,0.15899925981904,0,34.293107941934,1,0,174.60070972467,1,,"",17.834860236888,0,2025-11-12 02:32:36
453,"2247",000000000840003135191337,2025-10-02 14:30:55,2025-10-02 14:34:38,00:03:38,8706.0017654738,191.85140910475,0,1.5214722615116,0,34.040103933313,1,0,174.75144744341,1,,"",18.476654191942,0,2025-11-12 02:32:36
453,"2247",000000000840003135191337,2025-10-02 19:25:17,2025-10-02 19:30:16,00:03:48,11100.808813316,296.54157116467,0,2.8359281732216,0,33.915238701359,1.004238064932,0,174.4434612934,1,,"",13.166522170846,0,2025-11-12 02:32:36
453,"2130",000000000840003199916767,2025-10-03 00:44:29,2025-10-03 00:49:22,00:03:44,19803.979206267,544.24607176537,0,3.6978337333719,0,33.345623561389,1.0327188219305,0,174.68561005481,1,,"",8.567204433973,0,2025-11-12 02:32:36
453,"2708",000000000840003238099165,2025-10-03 02:33:21,2025-10-03 02:37:33,00:02:20,15519.5560384,278.47532769013,0,2.4948948953773,0,33.277025101536,1.0361487449232,0,174.83892951658,1,,"",7.315219750792,0,2025-11-12 02:32:36
453,"2149",000000000840003260931385,2025-10-03 05:41:22,2025-10-03 05:46:35,00:04:27,16717.8177038,676.78857199651,0,0.55607342179192,0,33.012065814671,1.0493967092664,0,174.81234019346,1,,"",8.0782582771001,0,2025-11-12 02:32:36
453,"2698",000000000840003238099155,2025-10-04 01:01:28,2025-10-04 01:06:28,00:04:56,18076.259563659,688.68269572323,0,1.4885071067018,0,32.688280438247,1.0655859780877,0,174.824601354,1,,"",10.412231189957,0,2025-11-12 02:32:36
453,"2247",000000000840003135191337,2025-10-04 02:40:13,2025-10-04 02:42:15,00:02:01,18308.328093297,594.26515295427,0,4.9755657932995,0,32.69477524129,1.0652612379355,0,174.91712462468,1,,"",9.5798210724556,0,2025-11-12 02:32:36
453,"2525",000000000840003304248037,2025-10-04 14:55:48,2025-10-04 15:01:02,00:04:25,12453.019256009,342.93458567294,0,3.1899181870311,0,33.033641143645,1.0483179428178,0,173.55666091382,1,,"",25.759039519061,0,2025-11-12 02:32:36
453,"2501",000000000840003135191705,2025-10-04 15:05:47,2025-10-04 15:09:11,00:03:21,13861.369186664,441.35416052347,0,2.3881449500993,0,33.0719260887,1.046403695565,0,173.76901624725,1,,"",26.009333259686,0,2025-11-12 02:32:36
453,"2484",000000000840003228065327,2025-10-05 13:57:39,2025-10-05 14:01:20,00:02:53,2771.9237603053,44.777537095747,0,0.84463206874899,0,26.418016532576,1.3790991733712,0,171.7560954311,1,,"",26.336977478739,0,2025-11-12 02:32:36
453,"2525",000000000840003304248037,2025-10-05 14:56:45,2025-10-05 15:01:57,00:04:27,11383.307071699,410.39287029875,0,2.4861689121047,0,32.927642233922,1.0536178883039,0,173.29013012419,1,,"",26.847353364098,0,2025-11-12 02:32:36
453,"2774",000000000840003238099231,2025-10-05 15:13:13,2025-10-05 15:18:12,00:04:53,10493.934974784,353.19929965571,0,0.92870797029018,0,32.954247344891,1.0522876327554,0,173.20019251363,1,,"",27.053627514176,0,2025-11-12 02:32:36
453,"1906",000000000840003135890504,2025-10-05 15:22:47,2025-10-05 15:28:02,00:02:10,10194.330043026,221.97465300754,0,0.55949283161054,0,32.996675694124,1.0501662152938,0,172.8508340144,1,,"",27.109882920867,0,2025-11-12 02:32:36
453,"2247",000000000840003135191337,2025-10-05 16:29:10,2025-10-05 16:34:37,00:03:01,7300.7717754681,140.48825887912,0,2.6548837487679,0,33.066652756525,1.0466673621737,0,173.4817398798,1,,"",27.096586720672,0,2025-11-12 02:32:36
453,"2525",000000000840003304248037,2025-10-06 01:07:47,2025-10-06 01:12:06,00:03:35,17517.035198226,445.95333672172,0,2.1094553954005,0,32.644597822932,1.0677701088534,0,174.66127566071,1,,"",11.090245033237,0,2025-11-12 02:32:36
453,"2698",000000000840003238099155,2025-10-06 01:20:08,2025-10-06 01:24:57,00:04:45,14593.351351024,475.36512491948,0,1.4689410480184,0,32.474601147844,1.0762699426078,0,174.98459928841,1,,"",11.483395755411,0,2025-11-12 02:32:36
453,"2525",000000000840003304248037,2025-10-06 05:58:02,2025-10-06 06:02:35,00:03:11,14942.218080415,409.06724912459,0,0.97732375395042,0,32.31446022914,1.084276988543,0,174.23384140551,1,,"",9.3752321854871,0,2025-11-12 02:32:36
453,"2799",000000000840003238099256,2025-10-06 06:05:55,2025-10-06 06:10:23,00:02:57,13651.994985106,338.3341806065,0,0.84368811822607,0,32.298004987975,1.0850997506013,0,174.60802447871,1,,"",10.052224621003,0,2025-11-12 02:32:36
453,"2698",000000000840003238099155,2025-10-06 07:03:28,2025-10-06 07:07:39,00:04:09,15124.944099093,596.28691194031,0,2.2058356347099,0,31.770765374366,1.1114617312817,0,174.62424938821,1,,"",9.1011830925955,0,2025-11-12 02:32:36
453,"2525",000000000840003304248037,2025-10-06 11:29:53,2025-10-06 11:35:01,00:04:22,12189.491978016,357.93427286714,0,2.5911896218404,0,32.072460455928,1.0963769772036,0,174.42987404408,1,,"",21.771188324005,0,2025-11-12 02:32:36
453,"2708",000000000840003238099165,2025-10-06 14:50:05,2025-10-06 14:53:25,00:02:27,12895.754974947,296.91700279075,0,2.307927230929,0,32.156635210467,1.0921682394766,0,173.55073648879,1,,"",26.539601458083,0,2025-11-12 02:32:36
453,"2698",000000000840003238099155,2025-10-06 16:14:28,2025-10-06 16:18:45,00:04:12,12782.434926531,318.1015491268,0,0.58637427815342,0,32.20733760711,1.0896331196445,0,173.54303863522,1,,"",27.295314278911,0,2025-11-12 02:32:36
453,"2525",000000000840003304248037,2025-10-07 02:48:53,2025-10-07 02:53:54,00:03:48,10115.01588559,256.56073473942,0,1.3748288643557,0,32.038212665869,1.0980893667065,0,174.71590569856,1,,"",13.545685701251,0,2025-11-12 02:32:36
453,"2708",000000000840003238099165,2025-10-07 03:01:02,2025-10-07 03:04:38,00:03:33,11598.198405491,340.88049979536,0,4.3536609284741,0,31.959346648317,1.1020326675841,0,174.88754397254,1,,"",13.879326216641,0,2025-11-12 02:32:36
453,"2525",000000000840003304248037,2025-10-07 11:51:40,2025-10-07 11:55:52,00:04:08,10133.452641022,260.29332393406,0,1.0244023699312,0,36.077666167993,1,0,174.36947748128,1,,"",18.68813578957,0,2025-11-12 02:32:36
453,"2708",000000000840003238099165,2025-10-07 15:44:06,2025-10-07 15:47:49,00:02:36,8835.5152057355,174.7861712019,0,0.22416592858418,0,35.944035393699,1,0,174.00837153955,1,,"",20.381194310029,0,2025-11-12 02:32:36
453,"2247",000000000840003135191337,2025-10-07 17:01:46,2025-10-07 17:06:44,00:04:12,8532.4750083801,208.01937701889,0,1.7806770699695,0,35.90639310735,1,0,173.53626538163,1,,"",20.988730163448,0,2025-11-12 02:32:36
453,"2501",000000000840003135191705,2025-10-07 19:50:10,2025-10-07 19:54:28,00:03:04,11722.636612562,393.25223076896,0,2.2283880456513,0,35.952027231872,1,0,173.60063646315,1,,"",19.299404788103,0,2025-11-12 02:32:36
453,"2247",000000000840003135191337,2025-10-08 00:05:57,2025-10-08 00:11:02,00:04:35,9338.2703885699,226.32356080786,0,2.4500979079284,0,35.257534006032,1,0,174.23901316241,1,,"",17.88552390216,0,2025-11-12 02:32:36
453,"2525",000000000840003304248037,2025-10-08 05:45:34,2025-10-08 05:49:19,00:02:08,12566.314820053,275.15838809812,0,0.069607745000982,0,35.296804236472,1,0,174.58266363151,1,,"",12.453286362307,0,2025-11-12 02:32:36
453,"2774",000000000840003238099231,2025-10-08 15:43:06,2025-10-08 15:45:19,00:02:12,13479.025003373,416.40938882979,0,3.5276814706952,0,35.349899275051,1,0,174.50222659013,1,,"",15.907789310318,0,2025-11-12 02:32:36
453,"2708",000000000840003238099165,2025-10-09 00:03:53,2025-10-09 00:08:07,00:04:09,16966.844635988,536.8309164071,0,4.9027715960965,0,35.402919201727,1,0,174.65676136024,1,,"",8.7424006659894,0,2025-11-12 02:32:36
453,"2774",000000000840003238099231,2025-10-09 05:42:30,2025-10-09 05:45:44,00:02:10,13397.843239709,304.55554151844,0,0.29545024256304,0,35.351136828062,1,0,174.57249013426,1,,"",4.6526241691127,0,2025-11-12 02:32:36
453,"1906",000000000840003135890504,2025-10-10 00:01:34,2025-10-10 00:06:14,00:03:20,13697.501885221,362.8473555029,0,0.84676585844918,0,35.330026205735,1,0,174.74255901348,1,,"",1.2183303990573,0,2025-11-12 02:32:36
453,"2525",000000000840003304248037,2025-10-10 05:46:42,2025-10-10 05:52:05,00:03:28,14207.503611427,322.8691339127,0,0.26346268279683,0,35.185996663442,1,0,174.60741709006,1,,"",0.60990450287773,0,2025-11-12 02:32:36
453,"2708",000000000840003238099165,2025-10-10 09:10:36,2025-10-10 09:14:06,00:03:26,18334.42409575,567.66228508654,0,6.0070997351911,0,35.180527623718,1,0,174.5462608908,1,,"",2.7041259556542,0,2025-11-12 02:32:36
453,"2698",000000000840003238099155,2025-10-11 00:41:24,2025-10-11 00:46:36,00:05:08,18274.127997545,620.30328950878,0,2.7217224259148,0,35.175061518108,1,0,174.59029136253,1,,"",7.7818806306883,0,2025-11-12 02:32:36
453,"2856",000000000840003256052747,2025-10-11 03:09:18,2025-10-11 03:13:43,00:02:14,15668.129587739,345.7928614078,0,2.282923751432,0,35.038631762412,1,0,174.38445125263,1,,"",5.06375309684,0,2025-11-12 02:32:36
453,"2774",000000000840003238099231,2025-10-11 06:37:37,2025-10-11 06:40:58,00:03:04,13628.20987163,303.38935013632,0,0.62361108488989,0,35.024928812336,1,0,174.28907491197,1,,"",6.0812502173213,0,2025-11-12 02:32:36
453,"2501",000000000840003135191705,2025-10-11 09:25:41,2025-10-11 09:28:59,00:03:05,15327.051706991,394.6693850704,0,2.8808287041677,0,34.831393747961,1,0,174.35675388306,1,,"",9.4018623301939,0,2025-11-12 02:32:36
453,"2884",000000000840003256052775,2025-10-18 10:35:01,2025-10-18 10:37:45,00:02:41,8222.9609908847,224.72509406367,0,0.3514752794268,0,36.499110473038,1,0,174.5133110668,1,,"",11.243192150561,1,2025-12-02 02:33:22
453,"2605",000000000840003304248020,2025-10-24 06:07:37,2025-10-24 06:11:17,00:02:07,14184.283884617,301.87775244814,0,0.30447963640687,0,36.771496303673,1,0,174.51719916326,1,,"",6.1229947657698,1,2025-12-08 02:36:26
453,"2603",000000000840003304248046,2025-10-27 10:39:41,2025-10-27 10:41:43,00:02:01,17248.763663665,488.79470529454,0,2.2608090147139,0,37.142122989384,1,0,174.46849013631,1,,"",4.2088982862198,1,2026-01-07 12:29:36
453,"2603",000000000840003304248046,2025-10-27 10:39:41,2025-10-27 10:41:43,00:02:01,17248.763663665,488.79470529454,0,2.2608090147139,0,37.142122989384,1,0,174.46849013631,1,,"",4.2088982862198,1,2026-01-07 12:29:36
453,"2603",000000000840003304248046,2025-10-27 12:32:44,2025-10-27 12:36:29,00:02:21,11300.259405512,449.24355133837,0,0.84969988183813,0,40.076344670589,1,0,173.99735408676,1,,"",7.1988109708298,1,2026-01-07 12:29:36
453,"2603",000000000840003304248046,2025-10-27 12:32:44,2025-10-27 12:36:29,00:02:21,11300.259405512,449.24355133837,0,0.84969988183813,0,40.076344670589,1,0,173.99735408676,1,,"",7.1988109708298,1,2026-01-07 12:29:36
453,"2603",000000000840003304248046,2025-10-27 13:39:19,2025-10-27 13:43:50,00:02:55,14126.409368065,398.72103805314,0,0.60354008516137,0,36.779475272506,1,0,174.37495323035,1,,"",9.4682975167797,1,2026-01-07 12:29:36
453,"2603",000000000840003304248046,2025-10-27 13:39:19,2025-10-27 13:43:50,00:02:55,14126.409368065,398.72103805314,0,0.60354008516137,0,36.779475272506,1,0,174.37495323035,1,,"",9.4682975167797,1,2026-01-07 12:29:36
453,"2658",000000000840003238099115,2025-10-27 14:16:46,2025-10-27 14:19:42,00:02:08,13812.254566006,301.25300188915,0,0.669272274706,0,37.054739543464,1,0,174.40152011866,1,,"",10.451104313374,1,2026-01-07 12:29:36
453,"2658",000000000840003238099115,2025-10-27 14:16:46,2025-10-27 14:19:42,00:02:08,13812.254566006,301.25300188915,0,0.669272274706,0,37.054739543464,1,0,174.40152011866,1,,"",10.451104313374,1,2026-01-07 12:29:36
453,"2603",000000000840003304248046,2025-10-27 14:48:46,2025-10-27 14:52:23,00:03:25,11920.597742979,315.39567348266,0,0.60359201562013,0,37.239697003215,1,0,174.37753649156,1,,"",10.730536831763,1,2026-01-07 12:29:36
453,"2603",000000000840003304248046,2025-10-27 14:48:46,2025-10-27 14:52:23,00:03:25,11920.597742979,315.39567348266,0,0.60359201562013,0,37.239697003215,1,0,174.37753649156,1,,"",10.730536831763,1,2026-01-07 12:29:36
453,"2603",000000000840003304248046,2025-10-27 16:27:11,2025-10-27 16:32:23,00:04:23,11810.38473737,275.13756701829,0,0.32852992572041,0,36.712033977106,1,0,174.39971172429,1,,"",11.624912925799,1,2026-01-07 12:29:36
453,"2603",000000000840003304248046,2025-10-27 16:27:11,2025-10-27 16:32:23,00:04:23,11810.38473737,275.13756701829,0,0.32852992572041,0,36.712033977106,1,0,174.39971172429,1,,"",11.624912925799,1,2026-01-07 12:29:36
453,"2603",000000000840003304248046,2025-10-27 16:28:07,2025-10-27 16:32:23,00:02:32,12535.888902856,286.12268068303,0,0.37686679471274,0,36.749063202808,1,0,174.55955553988,1,,"",11.667123886202,0,2025-12-16 08:26:46
453,"2623",000000000840003238099080,2025-10-27 19:39:18,2025-10-27 19:43:24,00:03:01,16969.152188392,371.79559503858,0,1.3407945730315,0,37.236187025448,1,0,174.79454838631,1,,"",5.2312892964519,1,2026-01-07 12:29:36
453,"2623",000000000840003238099080,2025-10-27 19:39:18,2025-10-27 19:43:24,00:03:01,16969.152188392,371.79559503858,0,1.3407945730315,0,37.236187025448,1,0,174.79454838631,1,,"",5.2312892964519,1,2026-01-07 12:29:36
453,"1897",000000000840003135191688,2025-10-27 20:25:53,2025-10-27 20:29:42,00:02:28,14463.162511624,357.462551967,0,0.86242195631496,0,36.641259834162,1,0,174.58351382858,1,,"",5.093272418252,1,2026-01-07 12:29:36
453,"1897",000000000840003135191688,2025-10-27 20:25:53,2025-10-27 20:29:42,00:02:28,14463.162511624,357.462551967,0,0.86242195631496,0,36.641259834162,1,0,174.58351382858,1,,"",5.093272418252,1,2026-01-07 12:29:36
453,"2368",000000000840003207699526,2025-10-27 23:14:42,2025-10-27 23:23:42,00:02:39,12883.18388758,208.71245756369,0,0.05235363621182,0,36.536713727941,1,0,174.39121311062,1,,"",2.158990384932,1,2026-01-07 12:29:36
453,"2368",000000000840003207699526,2025-10-27 23:14:42,2025-10-27 23:23:42,00:02:39,12883.18388758,208.71245756369,0,0.05235363621182,0,36.536713727941,1,0,174.39121311062,1,,"",2.158990384932,1,2026-01-07 12:29:36
453,"2368",000000000840003207699526,2025-10-27 23:14:58,2025-10-27 23:23:42,00:02:22,13255.259004241,225.68826955399,0,0.057852912575794,0,36.550310473575,1,0,174.2939365118,1,,"",2.1756583201776,0,2025-12-16 08:26:46
453,"1936",000000000840003135191697,2025-10-27 23:28:24,2025-10-27 23:33:00,00:04:10,16842.296609444,455.51652550291,0,0.46436257025192,0,36.54845869952,1,0,174.35274550057,1,,"",3.4621964772181,1,2026-01-07 12:29:36
453,"1936",000000000840003135191697,2025-10-27 23:28:24,2025-10-27 23:33:00,00:04:10,16842.296609444,455.51652550291,0,0.46436257025192,0,36.54845869952,1,0,174.35274550057,1,,"",3.4621964772181,1,2026-01-07 12:29:36
453,"1936",000000000840003135191697,2025-10-27 23:28:35,2025-10-27 23:33:00,00:03:41,17126.114754967,474.3827789644,0,0.46457334850218,0,36.545711716744,1,0,174.37880567687,1,,"",3.4762421066968,0,2025-12-16 08:26:46
453,"2368",000000000840003207699526,2025-10-27 23:36:51,2025-10-27 23:39:13,00:02:18,11665.247342069,147.67970138531,0,0.26954843912168,0,36.496872361451,1,0,174.31549668155,1,,"",3.8248542224153,1,2026-01-07 12:29:36
453,"2368",000000000840003207699526,2025-10-27 23:36:51,2025-10-27 23:39:13,00:02:18,11665.247342069,147.67970138531,0,0.26954843912168,0,36.496872361451,1,0,174.31549668155,1,,"",3.8248542224153,1,2026-01-07 12:29:36
453,"2883",000000000840003256052774,2025-10-27 23:54:17,2025-10-28 00:02:33,00:04:49,12749.893671968,434.61995710559,0,1.3089133223094,0,36.226519578201,1,0,174.34935574607,1,,"",3.295826683387,0,2025-12-16 08:26:46
453,"2883",000000000840003256052774,2025-10-27 23:59:15,2025-10-28 00:02:33,00:03:08,13463.344460216,505.96747063773,0,1.3393838508393,0,36.257909305765,1,0,174.28518409537,1,,"",3.4060444700011,1,2026-01-07 12:29:36
453,"2883",000000000840003256052774,2025-10-27 23:59:15,2025-10-28 00:02:33,00:03:08,13463.344460216,505.96747063773,0,1.3393838508393,0,36.257909305765,1,0,174.28518409537,1,,"",3.4060444700011,1,2026-01-07 12:29:36
453,"1936",000000000840003135191697,2025-10-28 00:06:50,2025-10-28 00:15:42,00:08:44,15636.762729102,395.17632590774,0,0.9488952545909,0,36.246379812414,1,0,174.35312546983,1,,"",3.5466126091993,1,2026-01-07 12:29:36
453,"1936",000000000840003135191697,2025-10-28 00:06:50,2025-10-28 00:15:42,00:08:44,15636.762729102,395.17632590774,0,0.9488952545909,0,36.246379812414,1,0,174.35312546983,1,,"",3.5466126091993,1,2026-01-07 12:29:36
453,"1936",000000000840003135191697,2025-10-28 00:06:50,2025-10-28 00:15:42,00:08:44,15636.762729102,395.17632590774,0,0.9488952545909,0,36.246379812414,1,0,174.35312546982,1,,"",3.5466126091993,0,2025-12-16 08:26:46
453,"2603",000000000840003304248046,2025-10-28 00:36:06,2025-10-28 00:38:33,00:02:26,17473.809918008,520.40050768297,0,1.7639830323692,0,36.182464241656,1,0,174.18569643434,1,,"",3.2422990628621,1,2026-01-07 12:29:36
453,"2603",000000000840003304248046,2025-10-28 00:36:06,2025-10-28 00:38:33,00:02:26,17473.809918008,520.40050768297,0,1.7639830323692,0,36.182464241656,1,0,174.18569643434,1,,"",3.2422990628621,1,2026-01-07 12:29:36
453,"1897",000000000840003135191688,2025-10-28 01:11:49,2025-10-28 01:16:48,00:04:53,13570.530944068,327.3755227432,0,0.44074523317274,0,36.247473872421,1,0,174.50093839587,1,,"",2.8370101374356,1,2026-01-07 12:29:36
453,"1897",000000000840003135191688,2025-10-28 01:11:49,2025-10-28 01:16:48,00:04:53,13570.530944068,327.3755227432,0,0.44074523317274,0,36.247473872421,1,0,174.50093839587,1,,"",2.8370101374356,1,2026-01-07 12:29:36
453,"2615",000000000840003238099072,2025-10-28 01:19:29,2025-10-28 01:22:42,00:02:07,19045.529508215,396.24161654963,0,0.98491911745455,0,36.189263768219,1,0,174.48841272277,1,,"",3.3142937551941,1,2026-01-07 12:29:36
453,"2615",000000000840003238099072,2025-10-28 01:19:29,2025-10-28 01:22:42,00:02:07,19045.529508215,396.24161654963,0,0.98491911745455,0,36.189263768219,1,0,174.48841272277,1,,"",3.3142937551941,1,2026-01-07 12:29:36
453,"2603",000000000840003304248046,2025-10-28 02:20:07,2025-10-28 02:24:34,00:04:03,16226.569204293,485.43227930299,0,0.83427417209572,0,36.078503441107,1,0,174.34769417227,1,,"",0.89043727657339,1,2026-01-07 12:29:36
453,"2603",000000000840003304248046,2025-10-28 02:20:07,2025-10-28 02:24:34,00:04:03,16226.569204293,485.43227930299,0,0.83427417209572,0,36.078503441107,1,0,174.34769417227,1,,"",0.89043727657339,1,2026-01-07 12:29:36
453,"1936",000000000840003135191697,2025-10-28 02:42:05,2025-10-28 02:48:48,00:03:55,17622.314443718,415.45020213144,0,2.4056126949061,0,35.958276820612,1,0,174.44146403059,1,,"",2.0969503235137,1,2026-01-07 12:29:36
453,"1936",000000000840003135191697,2025-10-28 02:42:05,2025-10-28 02:48:48,00:03:55,17622.314443718,415.45020213144,0,2.4056126949061,0,35.958276820612,1,0,174.44146403059,1,,"",2.0969503235137,1,2026-01-07 12:29:36
453,"1936",000000000840003135191697,2025-10-28 02:42:31,2025-10-28 02:52:15,00:04:28,17171.391614332,407.03230329774,0,2.3324089083254,0,35.962038582127,1,0,174.45053622827,1,,"",2.237712027656,0,2025-12-16 08:26:46
453,"2623",000000000840003238099080,2025-10-28 02:54:30,2025-10-28 02:56:43,00:02:11,19049.536934008,652.73467119939,0,2.5838081371478,0,35.967741196144,1,0,174.39047082479,1,,"",2.4949379748588,1,2026-01-07 12:29:36
453,"2623",000000000840003238099080,2025-10-28 02:54:30,2025-10-28 02:56:43,00:02:11,19049.536934008,652.73467119939,0,2.5838081371478,0,35.967741196144,1,0,174.39047082479,1,,"",2.4949379748588,1,2026-01-07 12:29:36
453,"1897",000000000840003135191688,2025-10-28 04:05:15,2025-10-28 04:09:21,00:04:02,13610.286303107,392.68021938876,0,0.1826730849721,0,35.867616670974,1,0,174.38627092872,1,,"",-0.71620144801018,1,2026-01-07 12:29:36
453,"1897",000000000840003135191688,2025-10-28 04:05:15,2025-10-28 04:09:21,00:04:02,13610.286303107,392.68021938876,0,0.1826730849721,0,35.867616670974,1,0,174.38627092872,1,,"",-0.71620144801018,1,2026-01-07 12:29:36
453,"2883",000000000840003256052774,2025-10-28 05:08:57,2025-10-28 05:17:10,00:06:40,12049.613910526,341.0951434794,0,0.28167987720558,0,35.847327012368,1,0,174.53381210878,1,,"",-1.1237847423489,1,2026-01-07 12:29:36
453,"2883",000000000840003256052774,2025-10-28 05:08:57,2025-10-28 05:17:10,00:06:40,12049.613910526,341.0951434794,0,0.28167987720558,0,35.847327012368,1,0,174.53381210878,1,,"",-1.1237847423489,1,2026-01-07 12:29:36
453,"2883",000000000840003256052774,2025-10-28 05:08:58,2025-10-28 05:17:10,00:06:24,11948.340315504,349.41570962397,0,0.2787343203031,0,35.847504289753,1,0,174.49596221466,1,,"",-1.1214853087384,0,2025-12-16 08:26:46
453,"1936",000000000840003135191697,2025-10-28 05:20:38,2025-10-28 05:33:30,00:06:25,14090.162948917,328.7214096406,0,0.25732877654455,0,35.823846903478,1,0,174.49418331216,1,,"",0.54404730286151,1,2026-01-07 12:29:36
453,"1936",000000000840003135191697,2025-10-28 05:20:38,2025-10-28 05:33:30,00:06:25,14090.162948917,328.7214096406,0,0.25732877654455,0,35.823846903478,1,0,174.49418331216,1,,"",0.54404730286151,1,2026-01-07 12:29:36
453,"1936",000000000840003135191697,2025-10-28 05:21:59,2025-10-28 05:33:30,00:05:20,14715.935781944,348.24334758571,0,0.30442178480572,0,35.790097939156,1,0,174.61953406237,1,,"",0.63815571051833,0,2025-12-16 08:26:46
453,"2658",000000000840003238099115,2025-10-28 05:47:56,2025-10-28 05:51:42,00:03:37,14017.741452644,319.32854836735,0,0.23015645673305,0,35.728159312447,1,0,174.2972034769,1,,"",-0.003375699125051,1,2026-01-07 12:29:36
453,"2658",000000000840003238099115,2025-10-28 05:47:56,2025-10-28 05:51:42,00:03:37,14017.741452644,319.32854836735,0,0.23015645673305,0,35.728159312447,1,0,174.2972034769,1,,"",-0.003375699125051,1,2026-01-07 12:29:36
453,"2658",000000000840003238099115,2025-10-28 05:49:31,2025-10-28 05:51:42,00:02:09,14680.657688283,318.01297438332,0,0.29403485209136,0,35.700393197112,1,0,174.25839617171,1,,"",0.20750559962627,0,2025-12-16 08:26:46
453,"2368",000000000840003207699526,2025-10-28 06:26:09,2025-10-28 06:31:49,00:04:23,10215.042091974,131.3902803806,0,0.27908152652964,0,35.531813315654,1,0,174.60482668379,1,,"",-0.62441993552973,1,2026-01-07 12:29:36
453,"2368",000000000840003207699526,2025-10-28 06:26:09,2025-10-28 06:31:49,00:04:23,10215.042091974,131.3902803806,0,0.27908152652964,0,35.531813315654,1,0,174.60482668379,1,,"",-0.62441993552973,1,2026-01-07 12:29:36
453,"2368",000000000840003207699526,2025-10-28 06:26:41,2025-10-28 06:31:48,00:03:40,10695.07695467,143.6595536334,0,0.29821218582645,0,35.5327383203,1,0,174.58881538851,1,,"",-0.56171293179211,0,2025-12-16 08:26:46
453,"2658",000000000840003238099115,2025-10-28 06:56:39,2025-10-28 06:59:58,00:03:16,13926.767921408,285.22069008576,0,0.96992069427183,0,35.681473930699,1,0,174.54860357817,1,,"",-0.091109615099648,0,2025-12-16 08:26:46
453,"2658",000000000840003238099115,2025-10-28 06:56:59,2025-10-28 06:59:58,00:02:57,14159.281428504,310.11297058747,0,1.0715164676891,0,35.696666444931,1,0,174.46827129722,1,,"",-0.040475904576579,1,2026-01-07 12:29:36
453,"2658",000000000840003238099115,2025-10-28 06:56:59,2025-10-28 06:59:58,00:02:57,14159.281428504,310.11297058747,0,1.0715164676891,0,35.696666444931,1,0,174.46827129722,1,,"",-0.040475904576579,1,2026-01-07 12:29:36
453,"1936",000000000840003135191697,2025-10-28 07:25:36,2025-10-28 07:30:09,00:04:19,14034.064839379,278.53191685661,0,0.70622091567561,0,35.742212716694,1,0,174.55220720338,1,,"",-0.055075324930527,1,2026-01-07 12:29:36
453,"1936",000000000840003135191697,2025-10-28 07:25:36,2025-10-28 07:30:09,00:04:19,14034.064839379,278.53191685661,0,0.70622091567561,0,35.742212716694,1,0,174.55220720338,1,,"",-0.055075324930527,1,2026-01-07 12:29:36
453,"1936",000000000840003135191697,2025-10-28 07:25:37,2025-10-28 07:30:09,00:04:08,14095.77099744,284.82940785755,0,0.72408561938385,0,35.740380260228,1,0,174.44426759262,1,,"",-0.052470456699738,0,2025-12-16 08:26:46
453,"2603",000000000840003304248046,2025-10-28 07:32:50,2025-10-28 07:37:52,00:03:29,13353.407322624,290.67078748086,0,0.096574917572391,0,35.747990561081,1,0,174.4770030984,1,,"",1.1108641334588,1,2026-01-07 12:29:36
453,"2603",000000000840003304248046,2025-10-28 07:32:50,2025-10-28 07:37:52,00:03:29,13353.407322624,290.67078748086,0,0.096574917572391,0,35.747990561081,1,0,174.4770030984,1,,"",1.1108641334588,1,2026-01-07 12:29:36
453,"2603",000000000840003304248046,2025-10-28 07:32:50,2025-10-28 07:37:52,00:02:22,13991.601081794,334.03914123349,0,0.13925769988352,0,35.777757890062,1,0,174.41786477693,1,,"",1.1108641334588,0,2025-12-16 08:26:46
453,"2883",000000000840003256052774,2025-10-28 07:43:15,2025-10-28 07:47:24,00:03:53,12174.709194361,338.41634481614,0,0.47761413853566,0,35.765286493965,1,0,174.32882953359,1,,"",0.73444815016459,1,2026-01-07 12:29:36
453,"2883",000000000840003256052774,2025-10-28 07:43:15,2025-10-28 07:47:24,00:03:53,12174.709194361,338.41634481614,0,0.47761413853566,0,35.765286493965,1,0,174.32882953359,1,,"",0.73444815016459,1,2026-01-07 12:29:36
453,"2883",000000000840003256052774,2025-10-28 07:43:18,2025-10-28 07:47:24,00:03:55,12246.299193222,338.35455623308,0,0.48643212940991,0,35.766740523346,1,0,174.37383572582,1,,"",0.73450902428802,0,2025-12-16 08:26:46
453,"1897",000000000840003135191688,2025-10-28 08:27:57,2025-10-28 08:32:06,00:04:05,11506.456900123,243.76291159148,0,0.11044681882635,0,35.850785262127,1,0,174.3351536325,1,,"",0.52269156581428,1,2026-01-07 12:29:36
453,"1897",000000000840003135191688,2025-10-28 08:27:57,2025-10-28 08:32:06,00:04:05,11506.456900123,243.76291159148,0,0.11044681882635,0,35.850785262127,1,0,174.3351536325,1,,"",0.52269156581428,1,2026-01-07 12:29:36
453,"1897",000000000840003135191688,2025-10-28 08:27:57,2025-10-28 08:32:06,00:03:58,11473.902480033,249.1259300009,0,0.11537468772387,0,35.848257453695,1,0,174.34271102601,1,,"",0.52269156581428,0,2025-12-16 08:26:46
453,"2603",000000000840003304248046,2025-10-28 08:37:32,2025-10-28 08:48:31,00:04:04,15880.433182205,386.98544170756,0,3.8161337524401,0,35.730002966619,1,0,174.27354897011,1,,"",1.7194911890428,1,2026-01-07 12:29:36
453,"2603",000000000840003304248046,2025-10-28 08:37:32,2025-10-28 08:48:31,00:04:04,15880.433182205,386.98544170756,0,3.8161337524401,0,35.730002966619,1,0,174.27354897011,1,,"",1.7194911890428,1,2026-01-07 12:29:36
453,"2623",000000000840003238099080,2025-10-28 09:00:42,2025-10-28 09:03:50,00:02:12,19271.280696722,517.85528942659,0,2.4164878840348,0,35.735223647546,1,0,174.64471927985,1,,"",2.7155710741717,0,2025-12-16 08:26:46
453,"2623",000000000840003238099080,2025-10-28 09:01:08,2025-10-28 09:03:50,00:02:39,19604.749321008,554.65833008615,0,2.2160398279604,0,35.746139136854,1,0,174.56373586297,1,,"",2.7711621411872,1,2026-01-07 12:29:36
453,"2623",000000000840003238099080,2025-10-28 09:01:08,2025-10-28 09:03:50,00:02:39,19604.749321008,554.65833008615,0,2.2160398279604,0,35.746139136854,1,0,174.56373586297,1,,"",2.7711621411872,1,2026-01-07 12:29:36
453,"2883",000000000840003256052774,2025-10-28 09:09:11,2025-10-28 09:20:39,00:08:45,15007.38270965,427.44474346586,0,2.5248716741004,0,35.82462049904,1,0,174.42534025425,1,,"",4.0181513239187,1,2026-01-07 12:29:36
453,"2883",000000000840003256052774,2025-10-28 09:09:11,2025-10-28 09:20:39,00:08:45,15007.38270965,427.44474346586,0,2.5248716741004,0,35.82462049904,1,0,174.42534025425,1,,"",4.0181513239187,1,2026-01-07 12:29:36
453,"2883",000000000840003256052774,2025-10-28 09:09:11,2025-10-28 09:20:38,00:03:50,15497.893747949,429.44799766676,0,2.312080797504,0,35.826873709149,1,0,174.4902721475,1,,"",4.0175709410864,0,2025-12-16 08:26:46
453,"2658",000000000840003238099115,2025-10-28 09:27:21,2025-10-28 09:32:16,00:04:51,13761.687479845,371.75576245043,0,0.73174694303988,0,35.763654009889,1,0,174.14151766265,1,,"",4.4393885304645,1,2026-01-07 12:29:36
453,"2658",000000000840003238099115,2025-10-28 09:27:21,2025-10-28 09:32:16,00:04:51,13761.687479845,371.75576245043,0,0.73174694303988,0,35.763654009889,1,0,174.14151766265,1,,"",4.4393885304645,1,2026-01-07 12:29:36
453,"2658",000000000840003238099115,2025-10-28 09:27:22,2025-10-28 09:32:16,00:03:42,13855.16338391,370.67450676362,0,0.81944578078795,0,35.751642657122,1,0,174.41498395167,1,,"",4.4413698718186,0,2025-12-16 08:26:46
453,"2456",000000000840003220158311,2025-10-28 13:17:28,2025-10-28 13:19:37,00:02:02,16416.956411916,280.35952445413,0,0.64563564941567,0,35.706682788097,1,0,174.46024967302,1,,"",8.5154016358142,1,2026-01-07 12:29:36
453,"2456",000000000840003220158311,2025-10-28 13:17:28,2025-10-28 13:19:37,00:02:02,16416.956411916,280.35952445413,0,0.64563564941567,0,35.706682788097,1,0,174.46024967302,1,,"",8.5154016358142,1,2026-01-07 12:29:36
453,"2615",000000000840003238099072,2025-10-28 15:36:10,2025-10-28 15:40:30,00:02:50,16928.946692388,481.53395853998,0,2.9519173636995,0,35.987030805014,1,0,174.54660105659,1,,"",11.155914455718,1,2026-01-07 12:29:36
453,"2615",000000000840003238099072,2025-10-28 15:36:10,2025-10-28 15:40:30,00:02:50,16928.946692388,481.53395853998,0,2.9519173636995,0,35.987030805014,1,0,174.54660105659,1,,"",11.155914455718,1,2026-01-07 12:29:36
453,"2615",000000000840003238099072,2025-10-28 15:36:10,2025-10-28 15:40:30,00:02:08,16851.90539515,490.49775292969,0,3.0808489844158,0,35.962426209011,1,0,174.55832032836,1,,"",11.155914455718,0,2025-12-16 08:26:46
453,"1537",000000000840003135890135,2025-10-28 15:48:34,2025-10-28 15:57:25,00:04:49,16963.249214393,581.40049524552,0,2.6932198546663,0,36.029918181371,1,0,174.43921419216,1,,"",12.254699386152,1,2026-01-07 12:29:36
453,"1537",000000000840003135890135,2025-10-28 15:48:34,2025-10-28 15:57:25,00:04:49,16963.249214393,581.40049524552,0,2.6932198546663,0,36.029918181371,1,0,174.43921419216,1,,"",12.254699386152,1,2026-01-07 12:29:36
453,"1537",000000000840003135890135,2025-10-28 15:52:37,2025-10-28 15:57:25,00:02:59,16516.108149333,552.73422634027,0,2.714116070748,0,36.050686565348,1,0,174.35124491362,1,,"",12.391394658964,0,2025-12-16 08:26:46
453,"2573",000000000840003265310034,2025-10-28 17:22:11,2025-10-28 17:27:43,00:05:04,9915.4786594586,172.4705472796,0,0.41195614736228,0,36.103235520658,1,0,174.43958339178,1,,"",11.897269889495,1,2026-01-07 12:29:36
453,"2573",000000000840003265310034,2025-10-28 17:22:11,2025-10-28 17:27:43,00:05:04,9915.4786594586,172.4705472796,0,0.41195614736228,0,36.103235520658,1,0,174.43958339178,1,,"",11.897269889495,1,2026-01-07 12:29:36
453,"2573",000000000840003265310034,2025-10-28 17:23:40,2025-10-28 17:27:43,00:02:16,9661.0605545343,149.26605833386,0,0.39410258683358,0,36.126831479545,1,0,174.30483927632,1,,"",11.940958030504,0,2025-12-16 08:26:46
453,"2550",000000000840003220158405,2025-10-28 17:36:05,2025-10-28 17:40:15,00:03:42,16326.497853822,471.68072416961,0,1.2836412203085,0,37.399341027877,1,0,174.42249683848,1,,"",11.798905025765,1,2026-01-07 12:29:36
453,"2550",000000000840003220158405,2025-10-28 17:36:05,2025-10-28 17:40:15,00:03:42,16326.497853822,471.68072416961,0,1.2836412203085,0,37.399341027877,1,0,174.42249683848,1,,"",11.798905025765,1,2026-01-07 12:29:36
453,"1537",000000000840003135890135,2025-10-28 20:36:09,2025-10-28 20:42:20,00:05:11,13048.977905798,296.64242036453,0,0.63794617753011,0,35.762221751737,1,0,174.40902668796,1,,"",4.0547000185319,1,2026-01-07 12:29:36
453,"1537",000000000840003135890135,2025-10-28 20:36:09,2025-10-28 20:42:20,00:05:11,13048.977905798,296.64242036453,0,0.63794617753011,0,35.762221751737,1,0,174.40902668796,1,,"",4.0547000185319,1,2026-01-07 12:29:36
453,"1537",000000000840003135890135,2025-10-28 20:37:24,2025-10-28 20:42:20,00:02:45,12607.977885995,280.4010836994,0,0.72169961043617,0,35.787769984483,1,0,174.42809470336,1,,"",4.1926161204806,0,2025-12-16 08:26:46
453,"2550",000000000840003220158405,2025-10-29 00:08:21,2025-10-29 00:16:11,00:02:05,16484.004435383,381.86453363705,0,1.5982396327374,0,35.517232343886,1,0,174.59608297326,1,,"",3.0190643247711,1,2026-01-07 12:29:36
453,"2550",000000000840003220158405,2025-10-29 00:08:21,2025-10-29 00:16:11,00:02:05,16484.004435383,381.86453363705,0,1.5982396327374,0,35.517232343886,1,0,174.59608297326,1,,"",3.0190643247711,1,2026-01-07 12:29:36
453,"2603",000000000840003304248046,2025-10-29 00:35:38,2025-10-29 00:44:47,00:05:59,17983.283120268,473.8991984679,0,2.5665878385289,0,35.293021007529,1,0,174.16642394498,1,,"",3.8744695488865,1,2026-01-07 12:29:36
453,"2603",000000000840003304248046,2025-10-29 00:35:38,2025-10-29 00:44:47,00:05:59,17983.283120268,473.8991984679,0,2.5665878385289,0,35.293021007529,1,0,174.16642394498,1,,"",3.8744695488865,1,2026-01-07 12:29:36
453,"2603",000000000840003304248046,2025-10-29 00:35:39,2025-10-29 00:44:47,00:03:47,17640.911468763,425.74706905538,0,2.4157113630478,0,35.293910155847,1,0,174.17364214097,1,,"",3.8754319072842,0,2025-12-16 08:26:46
453,"1936",000000000840003135191697,2025-10-29 00:57:25,2025-10-29 01:02:34,00:05:03,17253.60838108,415.55124517392,0,0.3667747966261,0,35.332392250455,1,0,174.08157475045,1,,"",3.0663555023301,1,2026-01-07 12:29:36
453,"1936",000000000840003135191697,2025-10-29 00:57:25,2025-10-29 01:02:34,00:05:03,17253.60838108,415.55124517392,0,0.3667747966261,0,35.332392250455,1,0,174.08157475045,1,,"",3.0663555023301,1,2026-01-07 12:29:36
453,"1936",000000000840003135191697,2025-10-29 00:57:25,2025-10-29 01:02:34,00:05:03,17252.567156016,415.55124517392,0,0.36325992410453,0,35.332392250455,1,0,174.08157475045,1,,"",3.0663555023301,0,2025-12-16 08:26:46
453,"2623",000000000840003238099080,2025-10-29 01:13:53,2025-10-29 01:18:24,00:04:26,19665.364730727,557.14756556473,0,2.1946202297513,0,35.252226924039,1,0,174.30601135533,1,,"",3.9882674158264,1,2026-01-07 12:29:36
453,"2623",000000000840003238099080,2025-10-29 01:13:53,2025-10-29 01:18:24,00:04:26,19665.364730727,557.14756556473,0,2.1946202297513,0,35.252226924039,1,0,174.30601135533,1,,"",3.9882674158264,1,2026-01-07 12:29:36
453,"2623",000000000840003238099080,2025-10-29 01:13:53,2025-10-29 01:17:39,00:02:14,20454.59231673,674.95681311542,0,2.4076133914596,0,35.234979409949,1,0,174.12547938569,1,,"",3.9624020108256,0,2025-12-16 08:26:46
453,"2883",000000000840003256052774,2025-10-29 01:19:54,2025-10-29 01:23:46,00:03:49,14692.921361097,304.89311177284,0,0.96065868063872,0,35.399327914047,1,0,174.39052659562,1,,"",4.085490596173,1,2026-01-07 12:29:36
453,"2883",000000000840003256052774,2025-10-29 01:19:54,2025-10-29 01:23:46,00:03:49,14692.921361097,304.89311177284,0,0.96065868063872,0,35.399327914047,1,0,174.39052659562,1,,"",4.085490596173,1,2026-01-07 12:29:36
453,"2883",000000000840003256052774,2025-10-29 01:19:54,2025-10-29 01:23:46,00:03:49,14686.66447506,304.88637315441,0,0.92792518391769,0,35.399327914047,1,0,174.39052659562,1,,"",4.085490596173,0,2025-12-16 08:26:46
453,"2368",000000000840003207699526,2025-10-29 02:32:04,2025-10-29 02:34:37,00:02:29,14582.068966185,237.0391186525,0,0.67969073607562,0,35.135917459623,1,0,174.14998406412,1,,"",2.3970137146334,1,2026-01-07 12:29:36
453,"2368",000000000840003207699526,2025-10-29 02:32:04,2025-10-29 02:34:37,00:02:29,14582.068966185,237.0391186525,0,0.67969073607562,0,35.135917459623,1,0,174.14998406412,1,,"",2.3970137146334,1,2026-01-07 12:29:36
453,"2368",000000000840003207699526,2025-10-29 02:32:04,2025-10-29 02:34:25,00:02:18,14119.252076799,240.05815130424,0,0.66521785540959,0,35.130759067874,1,0,174.14462087246,1,,"",2.3669985818108,0,2025-12-16 08:26:46
453,"2658",000000000840003238099115,2025-10-29 03:26:37,2025-10-29 03:33:10,00:03:29,15182.647353578,393.57524551004,0,1.5771500980643,0,35.372302103403,1,0,174.20017456384,1,,"",1.6428594563516,1,2026-01-07 12:29:36
453,"2658",000000000840003238099115,2025-10-29 03:26:37,2025-10-29 03:33:10,00:03:29,15182.647353578,393.57524551004,0,1.5771500980643,0,35.372302103403,1,0,174.20017456384,1,,"",1.6428594563516,1,2026-01-07 12:29:36
453,"2658",000000000840003238099115,2025-10-29 03:28:57,2025-10-29 03:33:10,00:02:08,14785.982982462,414.36938726979,0,1.7098309984386,0,35.355179027102,1,0,174.02549789003,1,,"",1.801493904044,0,2025-12-16 08:26:46
453,"2883",000000000840003256052774,2025-10-29 05:26:09,2025-10-29 05:33:27,00:05:46,11308.020874341,228.34733959739,0,0.15305498887672,0,35.377948374984,1,0,174.04418437403,1,,"",0.088064619655726,1,2026-01-07 12:29:36
453,"2883",000000000840003256052774,2025-10-29 05:26:09,2025-10-29 05:33:27,00:05:46,11308.020874341,228.34733959739,0,0.15305498887672,0,35.377948374984,1,0,174.04418437403,1,,"",0.088064619655726,1,2026-01-07 12:29:36
453,"2883",000000000840003256052774,2025-10-29 05:26:09,2025-10-29 05:33:27,00:05:37,11280.151922954,232.76784595092,0,0.1537947909029,0,35.377507917764,1,0,174.0425054739,1,,"",0.088064619655726,0,2025-12-16 08:26:46
453,"2883",000000000840003256052774,2025-10-29 05:49:18,2025-10-29 05:51:56,00:02:37,12918.530280471,448.8222854869,0,1.1465733620722,0,35.504549486859,1,0,174.12202566109,1,,"",0.41690095084446,1,2026-01-07 12:29:36
453,"2883",000000000840003256052774,2025-10-29 05:49:18,2025-10-29 05:51:56,00:02:37,12918.530280471,448.8222854869,0,1.1465733620722,0,35.504549486859,1,0,174.12202566109,1,,"",0.41690095084446,1,2026-01-07 12:29:36
453,"1897",000000000840003135191688,2025-10-29 06:03:52,2025-10-29 06:08:34,00:03:18,12593.150273844,415.50108828886,0,0.072181072799312,0,35.500736634555,1,0,174.00505678982,1,,"",1.1116101514773,1,2026-01-07 12:29:36
453,"1897",000000000840003135191688,2025-10-29 06:03:52,2025-10-29 06:08:34,00:03:18,12593.150273844,415.50108828886,0,0.072181072799312,0,35.500736634555,1,0,174.00505678982,1,,"",1.1116101514773,1,2026-01-07 12:29:36
453,"1537",000000000840003135890135,2025-10-29 06:21:54,2025-10-29 06:26:48,00:03:05,12473.997741554,228.60329167242,0,1.3074265920406,0,35.443204910361,1,0,174.013764367,1,,"",2.0203423007859,1,2026-01-07 12:29:36
453,"1537",000000000840003135890135,2025-10-29 06:21:54,2025-10-29 06:26:48,00:03:05,12473.997741554,228.60329167242,0,1.3074265920406,0,35.443204910361,1,0,174.013764367,1,,"",2.0203423007859,1,2026-01-07 12:29:36
453,"2573",000000000840003265310034,2025-10-29 06:35:23,2025-10-29 06:39:49,00:04:18,9496.4804834882,164.22722332221,0,0.21380969445964,0,35.390634878522,1,0,174.13280613852,1,,"",1.5456099844673,1,2026-01-07 12:29:36
453,"2573",000000000840003265310034,2025-10-29 06:35:23,2025-10-29 06:39:49,00:04:18,9496.4804834882,164.22722332221,0,0.21380969445964,0,35.390634878522,1,0,174.13280613852,1,,"",1.5456099844673,1,2026-01-07 12:29:36
453,"2573",000000000840003265310034,2025-10-29 06:35:24,2025-10-29 06:39:26,00:03:47,9593.2187941444,166.34120723511,0,0.23349075790471,0,35.395941216364,1,0,174.13914627907,1,,"",1.5267312818266,0,2025-12-16 08:26:46
453,"2603",000000000840003304248046,2025-10-29 07:07:21,2025-10-29 07:12:11,00:04:46,12830.445436451,233.01039142116,0,0.23046538071616,0,35.369227604716,1,0,174.18390900948,1,,"",0.83488938293889,1,2026-01-07 12:29:36
453,"2603",000000000840003304248046,2025-10-29 07:07:21,2025-10-29 07:12:11,00:04:46,12830.445436451,233.01039142116,0,0.23046538071616,0,35.369227604716,1,0,174.18390900948,1,,"",0.83488938293889,1,2026-01-07 12:29:36
453,"2603",000000000840003304248046,2025-10-29 07:07:23,2025-10-29 07:12:11,00:04:32,12915.809098164,241.20086991928,0,0.23841304216998,0,35.374700302528,1,0,174.17487779292,1,,"",0.8408332796049,0,2025-12-16 08:26:46
453,"2615",000000000840003238099072,2025-10-29 07:17:42,2025-10-29 07:21:11,00:03:27,11424.99332635,157.81157679447,0,0.13532887526501,0,35.39006911188,1,0,174.03439401076,1,,"",1.9591842747412,1,2026-01-07 12:29:36
453,"2615",000000000840003238099072,2025-10-29 07:17:42,2025-10-29 07:21:11,00:03:27,11424.99332635,157.81157679447,0,0.13532887526501,0,35.39006911188,1,0,174.03439401076,1,,"",1.9591842747412,1,2026-01-07 12:29:36
453,"1936",000000000840003135191697,2025-10-29 07:57:38,2025-10-29 08:10:15,00:03:25,14036.161636956,273.49633763765,0,0.38586382842646,0,35.255803680341,1,0,173.93882392677,1,,"",1.6306854288489,1,2026-01-07 12:29:36
453,"1936",000000000840003135191697,2025-10-29 07:57:38,2025-10-29 08:10:15,00:03:25,14036.161636956,273.49633763765,0,0.38586382842646,0,35.255803680341,1,0,173.93882392677,1,,"",1.6306854288489,1,2026-01-07 12:29:36
453,"1936",000000000840003135191697,2025-10-29 07:57:41,2025-10-29 08:00:25,00:02:37,14471.572490892,293.68977631501,0,0.23866014313438,0,35.292647811317,1,0,173.78225810598,1,,"",1.5057714800493,0,2025-12-16 08:26:46
453,"2573",000000000840003265310034,2025-10-29 09:06:27,2025-10-29 09:09:40,00:02:54,11958.683868308,320.46997365249,0,1.4795103432984,0,35.101572621875,1,0,174.08377797046,1,,"",3.8150225515348,1,2026-01-07 12:29:36
453,"2573",000000000840003265310034,2025-10-29 09:06:27,2025-10-29 09:09:40,00:02:54,11958.683868308,320.46997365249,0,1.4795103432984,0,35.101572621875,1,0,174.08377797046,1,,"",3.8150225515348,1,2026-01-07 12:29:36
453,"2573",000000000840003265310034,2025-10-29 09:06:27,2025-10-29 09:09:29,00:02:43,11947.771283773,332.719311645,0,1.4888899804444,0,35.106117971037,1,0,174.11597367607,1,,"",3.8024609785532,0,2025-12-16 08:26:46
453,"2368",000000000840003207699526,2025-10-29 09:45:37,2025-10-29 09:48:46,00:03:06,16553.453772173,490.98074822253,0,1.6129912180625,0,35.16026786414,1,0,174.37054325936,1,,"",5.0670026514249,1,2026-01-07 12:29:36
453,"2368",000000000840003207699526,2025-10-29 09:45:37,2025-10-29 09:48:46,00:03:06,16553.453772173,490.98074822253,0,1.6129912180625,0,35.16026786414,1,0,174.37054325936,1,,"",5.0670026514249,1,2026-01-07 12:29:36
453,"2883",000000000840003256052774,2025-10-29 11:46:13,2025-10-29 11:53:35,00:07:15,17052.951485312,543.15219930621,0,2.8034190988367,0,35.317029392246,1,0,174.3086130683,1,,"",8.8949238725618,1,2026-01-07 12:29:36
453,"2883",000000000840003256052774,2025-10-29 11:46:13,2025-10-29 11:53:35,00:07:15,17052.951485312,543.15219930621,0,2.8034190988367,0,35.317029392246,1,0,174.3086130683,1,,"",8.8949238725618,1,2026-01-07 12:29:36
453,"2883",000000000840003256052774,2025-10-29 11:48:14,2025-10-29 11:53:33,00:03:22,16630.256388456,525.05272129267,0,2.9269998762181,0,35.326636130644,1,0,174.20820136521,1,,"",8.9686295307545,0,2025-12-16 08:26:46
453,"1537",000000000840003135890135,2025-10-29 12:01:43,2025-10-29 12:05:21,00:02:01,17432.678786894,478.83120128588,0,2.1333404856904,0,35.382289090433,1,0,174.09670689399,1,,"",8.8566473179709,1,2026-01-07 12:29:36
453,"1537",000000000840003135890135,2025-10-29 12:01:43,2025-10-29 12:05:21,00:02:01,17432.678786894,478.83120128588,0,2.1333404856904,0,35.382289090433,1,0,174.09670689399,1,,"",8.8566473179709,1,2026-01-07 12:29:36
453,"2658",000000000840003238099115,2025-10-29 13:59:03,2025-10-29 14:03:17,00:02:21,12665.805616666,383.48730793589,0,1.3138903111867,0,35.22742968316,1,0,174.6704368052,1,,"",10.927460843938,1,2026-01-07 12:29:36
453,"2658",000000000840003238099115,2025-10-29 13:59:03,2025-10-29 14:03:17,00:02:21,12665.805616666,383.48730793589,0,1.3138903111867,0,35.22742968316,1,0,174.6704368052,1,,"",10.927460843938,1,2026-01-07 12:29:36
453,"1936",000000000840003135191697,2025-10-29 14:07:52,2025-10-29 14:19:45,00:06:40,14174.716079113,401.76123707967,0,0.3485828541258,0,35.27045325234,1,0,174.58811838165,1,,"",11.364054269952,1,2026-01-07 12:29:36
453,"1936",000000000840003135191697,2025-10-29 14:07:52,2025-10-29 14:19:45,00:06:40,14174.716079113,401.76123707967,0,0.3485828541258,0,35.27045325234,1,0,174.58811838165,1,,"",11.364054269952,1,2026-01-07 12:29:36
453,"1936",000000000840003135191697,2025-10-29 14:07:53,2025-10-29 14:19:44,00:06:27,14236.729753388,412.26436568744,0,0.3457664584655,0,35.270417487337,1,0,174.53655154721,1,,"",11.364526480933,0,2025-12-16 08:26:46
453,"2623",000000000840003238099080,2025-10-29 15:18:02,2025-10-29 15:20:55,00:02:37,13316.978209203,305.61942625387,0,0.2337765668287,0,36.743229764168,1,0,174.38870546555,1,,"",10.356084720006,1,2026-01-07 12:29:36
453,"2623",000000000840003238099080,2025-10-29 15:18:02,2025-10-29 15:20:55,00:02:37,13316.978209203,305.61942625387,0,0.2337765668287,0,36.743229764168,1,0,174.38870546555,1,,"",10.356084720006,1,2026-01-07 12:29:36
453,"2623",000000000840003238099080,2025-10-29 15:18:02,2025-10-29 15:20:55,00:02:37,13316.978209203,305.61942625387,0,0.2337765668287,0,36.743229764168,1,0,174.38870546555,1,,"",10.356084720006,0,2025-12-16 08:26:46
453,"2603",000000000840003304248046,2025-10-29 15:26:56,2025-10-29 15:32:06,00:04:34,13294.113400246,320.02421565854,0,0.78337012052804,0,35.204342022359,1,0,174.39615226596,1,,"",10.7369360722,1,2026-01-07 12:29:36
453,"2603",000000000840003304248046,2025-10-29 15:26:56,2025-10-29 15:32:06,00:04:34,13294.113400246,320.02421565854,0,0.78337012052804,0,35.204342022359,1,0,174.39615226596,1,,"",10.7369360722,1,2026-01-07 12:29:36
453,"2603",000000000840003304248046,2025-10-29 15:26:56,2025-10-29 15:31:21,00:03:18,13928.335727816,324.95643848575,0,0.86831366514306,0,35.199035826172,1,0,174.21887848771,1,,"",10.699684587574,0,2025-12-16 08:26:46
453,"2368",000000000840003207699526,2025-10-29 15:40:36,2025-10-29 15:42:48,00:02:11,16393.39011263,438.60378471255,0,2.3921125999821,0,35.357455088063,1,0,174.37799934822,1,,"",11.625170757029,1,2026-01-07 12:29:36
453,"2368",000000000840003207699526,2025-10-29 15:40:36,2025-10-29 15:42:48,00:02:11,16393.39011263,438.60378471255,0,2.3921125999821,0,35.357455088063,1,0,174.37799934822,1,,"",11.625170757029,1,2026-01-07 12:29:36
453,"2368",000000000840003207699526,2025-10-29 15:40:36,2025-10-29 15:42:48,00:02:11,16393.39011263,438.60378471256,0,2.3921125999821,0,35.357455088063,1,0,174.37799934822,1,,"",11.625170757029,0,2025-12-16 08:26:46
453,"2883",000000000840003256052774,2025-10-30 00:14:47,2025-10-30 00:19:48,00:02:48,14584.687832274,288.35464513066,0,2.7323024293942,0,36.612651295196,1,0,174.23944686787,1,,"",4.5193533047053,1,2026-01-07 12:29:36
453,"2883",000000000840003256052774,2025-10-30 00:14:47,2025-10-30 00:19:48,00:02:48,14584.687832274,288.35464513066,0,2.7323024293942,0,36.612651295196,1,0,174.23944686787,1,,"",4.5193533047053,1,2026-01-07 12:29:36
453,"2883",000000000840003256052774,2025-10-30 00:14:47,2025-10-30 00:17:12,00:02:24,14514.776371494,322.40898940721,0,2.7192546947003,0,36.620157871629,1,0,173.97052257005,1,,"",4.3987014676722,0,2025-12-16 08:26:46
453,"1936",000000000840003135191697,2025-10-30 00:31:27,2025-10-30 00:35:45,00:04:14,19974.854880588,598.14701243389,0,1.2588976490709,0,36.837141117636,1,0,174.42641790879,1,,"",5.8357243298151,1,2026-01-07 12:29:36
453,"1936",000000000840003135191697,2025-10-30 00:31:27,2025-10-30 00:35:45,00:04:14,19974.854880588,598.14701243389,0,1.2588976490709,0,36.837141117636,1,0,174.42641790879,1,,"",5.8357243298151,1,2026-01-07 12:29:36
453,"1936",000000000840003135191697,2025-10-30 00:31:27,2025-10-30 00:35:45,00:04:14,19974.854880588,598.14701243389,0,1.2588976490709,0,36.837141117636,1,0,174.42641790879,1,,"",5.8357243298151,0,2025-12-16 08:26:46
453,"1537",000000000840003135890135,2025-10-30 00:46:39,2025-10-30 00:50:48,00:02:19,19563.308347978,670.16728014769,0,2.5636269763415,0,36.76569473888,1,0,174.29339991452,1,,"",6.4731843847982,1,2026-01-07 12:29:36
453,"1537",000000000840003135890135,2025-10-30 00:46:39,2025-10-30 00:50:48,00:02:19,19563.308347978,670.16728014769,0,2.5636269763415,0,36.76569473888,1,0,174.29339991452,1,,"",6.4731843847982,1,2026-01-07 12:29:36
453,"2603",000000000840003304248046,2025-10-30 00:57:27,2025-10-30 01:01:57,00:03:02,16569.196469918,422.02002793418,0,1.4846203282184,0,36.704464758208,1,0,174.5190349781,1,,"",6.5221682189615,1,2026-01-07 12:29:36
453,"2603",000000000840003304248046,2025-10-30 00:57:27,2025-10-30 01:01:57,00:03:02,16569.196469918,422.02002793418,0,1.4846203282184,0,36.704464758208,1,0,174.5190349781,1,,"",6.5221682189615,1,2026-01-07 12:29:36
453,"2603",000000000840003304248046,2025-10-30 00:57:27,2025-10-30 01:01:57,00:03:02,16569.196469918,422.02002793418,0,1.4846203282184,0,36.704464758208,1,0,174.5190349781,1,,"",6.5221682189615,0,2025-12-16 08:26:46
453,"1897",000000000840003135191688,2025-10-30 01:04:44,2025-10-30 01:10:53,00:03:21,15357.105395766,336.53213381981,0,2.5716318501756,0,35.962800650275,1,0,174.37061370382,1,,"",6.6703583388038,1,2026-01-07 12:29:36
453,"1897",000000000840003135191688,2025-10-30 01:04:44,2025-10-30 01:10:53,00:03:21,15357.105395766,336.53213381981,0,2.5716318501756,0,35.962800650275,1,0,174.37061370382,1,,"",6.6703583388038,1,2026-01-07 12:29:36
453,"2550",000000000840003220158405,2025-10-30 02:50:21,2025-10-30 02:53:21,00:02:12,14698.76315794,392.49339332299,0,0.55816363917778,0,35.63040839901,1,0,174.44111623679,1,,"",6.0070024610287,1,2026-01-07 12:29:36
453,"2550",000000000840003220158405,2025-10-30 02:50:21,2025-10-30 02:53:21,00:02:12,14698.76315794,392.49339332299,0,0.55816363917778,0,35.63040839901,1,0,174.44111623679,1,,"",6.0070024610287,1,2026-01-07 12:29:36
453,"2573",000000000840003265310034,2025-10-30 02:59:05,2025-10-30 03:03:33,00:03:43,14084.330193898,308.34020942267,0,0.56121688534193,0,35.752921795533,1,0,174.55545647781,1,,"",6.7537726106082,1,2026-01-07 12:29:36
453,"2573",000000000840003265310034,2025-10-30 02:59:05,2025-10-30 03:03:33,00:03:43,14084.330193898,308.34020942267,0,0.56121688534193,0,35.752921795533,1,0,174.55545647781,1,,"",6.7537726106082,1,2026-01-07 12:29:36
453,"2573",000000000840003265310034,2025-10-30 02:59:43,2025-10-30 03:03:33,00:02:08,14027.631443946,281.91526210012,0,0.46076480074412,0,35.708075273089,1,0,174.39538013125,1,,"",6.788249099621,0,2025-12-16 08:26:46
453,"1936",000000000840003135191697,2025-10-30 05:31:33,2025-10-30 05:36:34,00:04:57,17627.786039604,446.25746476343,0,0.61296609751649,0,34.822362888628,1,0,174.33442546018,1,,"",6.6216697085214,1,2026-01-07 12:29:36
453,"1936",000000000840003135191697,2025-10-30 05:31:33,2025-10-30 05:36:34,00:04:57,17627.786039604,446.25746476343,0,0.61296609751649,0,34.822362888628,1,0,174.33442546018,1,,"",6.6216697085214,1,2026-01-07 12:29:36
453,"1936",000000000840003135191697,2025-10-30 05:31:33,2025-10-30 05:36:34,00:04:57,17627.786039604,446.25746476343,0,0.61296609751649,0,34.822362888628,1,0,174.33442546018,1,,"",6.6216697085214,0,2025-12-16 08:26:46
453,"2615",000000000840003238099072,2025-10-30 05:37:36,2025-10-30 05:41:46,00:03:17,13773.145243129,341.81168159882,0,0.98355104663817,0,34.831975822914,1,0,174.37999159515,1,,"",7.4300007790342,1,2026-01-07 12:29:36
453,"2615",000000000840003238099072,2025-10-30 05:37:36,2025-10-30 05:41:46,00:03:17,13773.145243129,341.81168159882,0,0.98355104663817,0,34.831975822914,1,0,174.37999159515,1,,"",7.4300007790342,1,2026-01-07 12:29:36
453,"2883",000000000840003256052774,2025-10-30 07:23:23,2025-10-30 07:28:30,00:04:12,11025.765934785,258.95928627125,0,0.58898642445731,0,34.596880257812,1,0,174.25202057182,1,,"",6.7031005798341,1,2026-01-07 12:29:36
453,"2883",000000000840003256052774,2025-10-30 07:23:23,2025-10-30 07:28:30,00:04:12,11025.765934785,258.95928627125,0,0.58898642445731,0,34.596880257812,1,0,174.25202057182,1,,"",6.7031005798341,1,2026-01-07 12:29:36
453,"2883",000000000840003256052774,2025-10-30 07:23:24,2025-10-30 07:28:30,00:03:11,11065.300358482,253.10090052816,0,0.62418344548761,0,34.581555222613,1,0,174.2349468157,1,,"",6.7039790558021,0,2025-12-16 08:26:46
453,"2603",000000000840003304248046,2025-10-30 07:33:25,2025-10-30 07:38:18,00:04:37,13972.721675847,299.89917639539,0,0.67871015540533,0,34.484405361466,1,0,174.39290012095,1,,"",8.3697885380205,1,2026-01-07 12:29:36
453,"2603",000000000840003304248046,2025-10-30 07:33:25,2025-10-30 07:38:18,00:04:37,13972.721675847,299.89917639539,0,0.67871015540533,0,34.484405361466,1,0,174.39290012095,1,,"",8.3697885380205,1,2026-01-07 12:29:36
453,"2603",000000000840003304248046,2025-10-30 07:33:26,2025-10-30 07:38:18,00:02:10,13380.831461058,236.29579194596,0,0.67435731239011,0,34.412040050348,1,0,174.50682264137,1,,"",8.3727938965934,0,2025-12-16 08:26:46
453,"2368",000000000840003207699526,2025-10-30 08:20:47,2025-10-30 08:23:49,00:02:59,15278.888507743,444.53074996128,0,2.7717725569552,0,34.304392089986,1,0,174.4740173284,1,,"",7.4666099221008,1,2026-01-07 12:29:36
453,"2368",000000000840003207699526,2025-10-30 08:20:47,2025-10-30 08:23:49,00:02:59,15278.888507743,444.53074996128,0,2.7717725569552,0,34.304392089986,1,0,174.4740173284,1,,"",7.4666099221008,1,2026-01-07 12:29:36
453,"1936",000000000840003135191697,2025-10-30 10:53:39,2025-10-30 11:04:39,00:04:59,17667.472863013,477.78412186772,0,1.9554035960035,0,34.42568250493,1,0,174.26349548627,1,,"",8.7864485410702,1,2026-01-07 12:29:36
453,"1936",000000000840003135191697,2025-10-30 10:53:39,2025-10-30 11:04:39,00:04:59,17667.472863013,477.78412186772,0,1.9554035960035,0,34.42568250493,1,0,174.26349548627,1,,"",8.7864485410702,1,2026-01-07 12:29:36
453,"1936",000000000840003135191697,2025-10-30 10:53:39,2025-10-30 10:58:30,00:04:46,18058.976561246,494.30978726902,0,2.031221441848,0,34.424184699294,1,0,174.24256751916,1,,"",8.6089891828045,0,2025-12-16 08:26:46
453,"2603",000000000840003304248046,2025-10-30 13:08:49,2025-10-30 13:13:33,00:03:49,15035.026542808,407.50223077398,0,3.4019158893698,0,33.946708505729,1.0007460809198,0,174.52495525184,1,,"",8.7384989569311,1,2026-01-07 12:29:36
453,"2603",000000000840003304248046,2025-10-30 13:08:49,2025-10-30 13:13:33,00:03:49,15035.026542808,407.50223077398,0,3.4019158893698,0,33.946708505729,1.0007460809198,0,174.52495525184,1,,"",8.7384989569311,1,2026-01-07 12:29:36
453,"2415",000000000840003220158270,2025-10-31 02:24:21,2025-10-31 02:30:14,00:05:17,15228.784550751,354.95868666634,0,1.3241013631572,0,33.810671259743,1.0026506023636,0,174.0236210748,1,,"",10.053654638042,1,2026-01-07 12:29:36
453,"2415",000000000840003220158270,2025-10-31 02:24:21,2025-10-31 02:30:14,00:05:17,15228.784550751,354.95868666634,0,1.3241013631572,0,33.810671259743,1.0026506023636,0,174.0236210748,1,,"",10.053654638042,1,2026-01-07 12:29:36
453,"2415",000000000840003220158270,2025-10-31 02:24:25,2025-10-31 02:29:21,00:04:51,15364.805122956,372.47069285727,0,1.3064078128541,0,33.825685784468,1.0024403990174,0,174.12934150127,1,,"",9.9780372329765,0,2025-12-16 08:26:46
453,"2415",000000000840003220158270,2025-10-31 09:27:29,2025-10-31 09:33:37,00:05:46,14814.849982079,389.92891624539,0,0.7793280838232,0,35.064664673364,1,0,174.39107319528,1,,"",6.1941506438617,1,2026-01-07 12:29:36
453,"2415",000000000840003220158270,2025-10-31 09:27:29,2025-10-31 09:33:37,00:05:46,14814.849982079,389.92891624539,0,0.7793280838232,0,35.064664673364,1,0,174.39107319528,1,,"",6.1941506438617,1,2026-01-07 12:29:36
453,"2415",000000000840003220158270,2025-10-31 09:27:29,2025-10-31 09:33:37,00:05:04,14526.820337777,358.0911140915,0,0.72601543712753,0,35.056731956846,1,0,174.33708449111,1,,"",6.1941506438617,0,2025-12-16 08:26:46
453,"2415",000000000840003220158270,2025-10-31 11:15:35,2025-10-31 11:20:11,00:04:32,15293.133598473,319.53092271452,0,1.4850728540874,0,35.17401652615,1,0,174.2106523176,1,,"",6.1672254306932,1,2026-01-07 12:29:36
453,"2415",000000000840003220158270,2025-10-31 11:15:35,2025-10-31 11:20:11,00:04:32,15293.133598473,319.53092271452,0,1.4850728540874,0,35.17401652615,1,0,174.2106523176,1,,"",6.1672254306932,1,2026-01-07 12:29:36
453,"2415",000000000840003220158270,2025-10-31 11:16:45,2025-10-31 11:20:11,00:03:23,14836.139186622,283.07727440464,0,1.7098579383357,0,35.209055453851,1,0,174.12429930853,1,,"",6.3267657640361,0,2025-12-16 08:26:46
453,"2415",000000000840003220158270,2025-10-31 14:51:15,2025-10-31 14:57:50,00:05:57,16621.357806015,514.0848508187,0,1.7631762840978,0,35.358677305541,1,0,174.46276472913,1,,"",6.2924439690695,1,2026-01-07 12:29:36
453,"2415",000000000840003220158270,2025-10-31 14:51:15,2025-10-31 14:57:50,00:05:57,16621.357806015,514.0848508187,0,1.7631762840978,0,35.358677305541,1,0,174.46276472913,1,,"",6.2924439690695,1,2026-01-07 12:29:36
453,"2415",000000000840003220158270,2025-10-31 14:52:14,2025-10-31 14:57:50,00:04:21,16629.48298725,517.38176219929,0,1.9467641778395,0,35.413352368523,1,0,174.50346553543,1,,"",6.4003657649465,0,2025-12-16 08:26:46
453,"1936",000000000840003135191697,2025-10-31 20:12:24,2025-10-31 20:17:09,00:04:40,18215.275491538,576.73027103562,0,1.6641282246944,0,35.350471184111,1,0,174.30416237846,1,,"",5.0847523678292,1,2026-01-07 12:29:36
453,"1936",000000000840003135191697,2025-10-31 20:12:24,2025-10-31 20:17:09,00:04:40,18215.275491538,576.73027103562,0,1.6641282246944,0,35.350471184111,1,0,174.30416237846,1,,"",5.0847523678292,1,2026-01-07 12:29:36
453,"1936",000000000840003135191697,2025-10-31 20:13:09,2025-10-31 20:17:09,00:03:56,18612.211396142,610.92927413437,0,1.8779453619913,0,35.362201066566,1,0,174.22914396365,1,,"",5.1800233494777,0,2025-12-16 08:26:46
453,"1936",000000000840003135191697,2025-11-01 00:16:13,2025-11-01 00:22:03,00:05:44,17443.442593971,454.11785433009,0,1.5686410578624,0,35.526298369386,1,0,174.41019443596,1,,"",6.46106369531,0,2025-12-16 08:26:46
453,"1936",000000000840003135191697,2025-11-01 00:16:35,2025-11-01 00:22:03,00:05:23,17706.056694088,480.32976067282,0,1.5223481435817,0,35.546010573106,1,0,174.37252861891,1,,"",6.5053221522522,1,2026-01-07 12:29:36
453,"1936",000000000840003135191697,2025-11-01 00:16:35,2025-11-01 00:22:03,00:05:23,17706.056694088,480.32976067282,0,1.5223481435817,0,35.546010573106,1,0,174.37252861891,1,,"",6.5053221522522,1,2026-01-07 12:29:36
453,"2368",000000000840003207699526,2025-11-01 00:22:52,2025-11-01 00:25:07,00:02:13,15703.886955711,477.80521242241,0,1.8004003015284,0,35.5221286936,1,0,174.54821196226,1,,"",7.0866663588542,1,2026-01-07 12:29:36
453,"2368",000000000840003207699526,2025-11-01 00:22:52,2025-11-01 00:25:07,00:02:13,15703.886955711,477.80521242241,0,1.8004003015284,0,35.5221286936,1,0,174.54821196226,1,,"",7.0866663588542,1,2026-01-07 12:29:36
453,"2883",000000000840003256052774,2025-11-01 00:30:41,2025-11-01 00:37:56,00:06:02,17646.253788577,566.29448017196,0,3.2503857734361,0,35.418616281391,1,0,174.51603891551,1,,"",7.1360986215896,1,2026-01-07 12:29:36
453,"2883",000000000840003256052774,2025-11-01 00:30:41,2025-11-01 00:37:56,00:06:02,17646.253788577,566.29448017196,0,3.2503857734361,0,35.418616281391,1,0,174.51603891551,1,,"",7.1360986215896,1,2026-01-07 12:29:36
453,"2883",000000000840003256052774,2025-11-01 00:30:41,2025-11-01 00:37:56,00:04:08,17869.664048607,590.21249062313,0,3.1311494246516,0,35.417504408782,1,0,174.61307694352,1,,"",7.1360986215896,0,2025-12-16 08:26:46
453,"2368",000000000840003207699526,2025-11-01 04:39:03,2025-11-01 04:42:57,00:03:51,16534.498097353,545.46048159707,0,0.88837153774696,0,35.420523745458,1,0,174.36982275338,1,,"",4.9201837735586,1,2026-01-07 12:29:36
453,"2368",000000000840003207699526,2025-11-01 04:39:03,2025-11-01 04:42:57,00:03:51,16534.498097353,545.46048159707,0,0.88837153774696,0,35.420523745458,1,0,174.36982275338,1,,"",4.9201837735586,1,2026-01-07 12:29:36
453,"2368",000000000840003207699526,2025-11-01 04:39:03,2025-11-01 04:42:57,00:02:33,16710.842830787,599.60847142313,0,0.87909416084919,0,35.419498806279,1,0,174.45065677463,1,,"",4.9201837735586,0,2025-12-16 08:26:46
453,"2415",000000000840003220158270,2025-11-01 07:37:50,2025-11-01 07:40:13,00:02:02,11607.725453921,197.80349795404,0,0.21822285799477,0,35.020335896925,1,0,174.0736766881,1,,"",4.6656390541022,1,2026-01-07 12:29:36
453,"2415",000000000840003220158270,2025-11-01 07:37:50,2025-11-01 07:40:13,00:02:02,11607.725453921,197.80349795404,0,0.21822285799477,0,35.020335896925,1,0,174.0736766881,1,,"",4.6656390541022,1,2026-01-07 12:29:36
453,"2415",000000000840003220158270,2025-11-01 08:27:56,2025-11-01 08:37:02,00:08:55,15735.937217191,433.19873068644,0,2.5785468592896,0,35.091634352298,1,0,174.16697394572,1,,"",6.2904712230373,1,2026-01-07 12:29:36
453,"2415",000000000840003220158270,2025-11-01 08:27:56,2025-11-01 08:37:02,00:08:55,15735.937217191,433.19873068644,0,2.5785468592896,0,35.091634352298,1,0,174.16697394572,1,,"",6.2904712230373,1,2026-01-07 12:29:36
453,"2415",000000000840003220158270,2025-11-01 08:27:56,2025-11-01 08:37:02,00:08:55,15735.937217191,433.19873068644,0,2.5785468592896,0,35.091634352298,1,0,174.16697394572,1,,"",6.2904712230373,0,2025-12-16 08:26:46
453,"2435",000000000840003135191469,2025-11-01 08:43:33,2025-11-01 08:50:27,00:03:15,17109.498396371,501.14811289651,0,0.95053363930687,0,35.16664749424,1,0,174.30086304384,1,,"",7.2529409408366,1,2026-01-07 12:29:36
453,"2435",000000000840003135191469,2025-11-01 08:43:33,2025-11-01 08:50:27,00:03:15,17109.498396371,501.14811289651,0,0.95053363930687,0,35.16664749424,1,0,174.30086304384,1,,"",7.2529409408366,1,2026-01-07 12:29:36
453,"2368",000000000840003207699526,2025-11-01 08:58:52,2025-11-01 09:04:40,00:04:51,16281.914072769,427.56498588465,0,1.5876590207033,0,34.966333148223,1,0,174.24611506919,1,,"",7.1968260130099,1,2026-01-07 12:29:36
453,"2368",000000000840003207699526,2025-11-01 08:58:52,2025-11-01 09:04:40,00:04:51,16281.914072769,427.56498588465,0,1.5876590207033,0,34.966333148223,1,0,174.24611506919,1,,"",7.1968260130099,1,2026-01-07 12:29:36
453,"2368",000000000840003207699526,2025-11-01 08:59:38,2025-11-01 09:04:40,00:04:11,17054.802826936,484.55029606046,0,1.8404208737356,0,34.944027710922,1,0,174.21095361215,1,,"",7.2338590531713,0,2025-12-16 08:26:46
453,"1936",000000000840003135191697,2025-11-01 10:47:03,2025-11-01 10:50:09,00:03:02,18477.851416765,557.12161216878,0,1.6834806658168,0,35.08198413031,1,0,174.19600542817,1,,"",6.9075570340002,1,2026-01-07 12:29:36
453,"1936",000000000840003135191697,2025-11-01 10:47:03,2025-11-01 10:50:09,00:03:02,18477.851416765,557.12161216878,0,1.6834806658168,0,35.08198413031,1,0,174.19600542817,1,,"",6.9075570340002,1,2026-01-07 12:29:36
453,"1936",000000000840003135191697,2025-11-01 10:47:05,2025-11-01 10:50:09,00:02:57,18744.010321207,570.70330007438,0,1.4668755178909,0,35.082847902649,1,0,174.19897236841,1,,"",6.9099495435378,0,2025-12-16 08:26:46
453,"2410",000000000840003220158265,2025-11-01 11:33:00,2025-11-01 11:37:26,00:03:42,14294.624193865,533.65488133076,0,0.80143821534251,0,34.803521876091,1,0,174.48698309794,1,,"",7.710680634096,1,2026-01-07 12:29:36
453,"2410",000000000840003220158265,2025-11-01 11:33:00,2025-11-01 11:37:26,00:03:42,14294.624193865,533.65488133076,0,0.80143821534251,0,34.803521876091,1,0,174.48698309794,1,,"",7.710680634096,1,2026-01-07 12:29:36
453,"2410",000000000840003220158265,2025-11-01 11:33:00,2025-11-01 11:36:38,00:03:03,14622.711442795,507.5062326873,0,0.7588806169253,0,34.715784500843,1,0,174.34835594909,1,,"",7.6633832144905,0,2025-12-16 08:26:46
